parents,husband,wife,husband_id,wife_id,n_sons,sons,n_daughters,daughters,n_unknown_sex,epic,source,comments,row_type,historicity,family_id,alternate_id,alternate_n_sons,alternate_sons,alternate_n_daughters,alternate_daughters,alternate_n_unknown_sex,alternate_source,alternate_comments
Arthur and Morgause,Arthur,Morgause,arthurian::arthur,arthurian::morgause,1,Mordred,0,,0,arthurian,"Thomas Malory, Le Morte d'Arthur, 1.2 and 1.19: https://www.gutenberg.org/files/1251/1251-h/1251-h.htm",Malory names Margawse as Lot's wife in 1.2 and explicitly makes Arthur the father of her son Mordred in 1.19. Her four older sons are not assigned to Arthur. Removes Geoffrey as corroboration: his different parentage is retained in the linked alternative. Count unchanged.,couple,legendary,,arthur_geoffrey_genealogy,0,,0,,0,"Geoffrey of Monmouth, History of the Kings of Britain 8.19-21 and 9.9, Aaron Thompson translation revised by J. A. Giles: https://sites.pitt.edu/~dash/arthur.html ; https://levigilant.com/Bulfinch_Mythology/bulfinch.englishatheist.org/goeff/Book8.htm ; https://dmdhist.github.io/arthur_gm.htm","For the selected Uther-Arthur-Mordred relationships, Geoffrey names Arthur and Anne as Uther and Igerna's children, marries Anne to Lot, and makes Mordred their son. Applies these differences together. The Lot row counts Mordred only; Walgan, also named in Geoffrey, is outside this parentage comparison. Galahad's separate Malory record is unaffected."
Lancelot and Elaine of Corbenic,Lancelot,Elaine of Corbenic,arthurian::lancelot,arthurian::elaine_of_corbenic,1,Galahad,0,,0,arthurian,"Thomas Malory, Le Morte d'Arthur, 11.1-3: https://www.gutenberg.org/files/1252/1252-h/1252-h.htm","The narrative explicitly calls Galahad Launcelot's son, identifies Elaine as Pelles's daughter, and describes the conception and birth. Elaine is not the similarly named lady of Astolat. The couple field does not establish marriage; Launcelot is deceived by enchantment. Count unchanged.",couple,legendary,,,,,,,,,
Lot and Anne (Mordred; Geoffrey),Lot,Anne (Anna),arthurian::lot,arthurian::anne_geoffrey,0,,0,,0,arthurian,"Geoffrey of Monmouth, History of the Kings of Britain 8.19-21 and 9.9, Aaron Thompson translation revised by J. A. Giles: https://sites.pitt.edu/~dash/arthur.html ; https://levigilant.com/Bulfinch_Mythology/bulfinch.englishatheist.org/goeff/Book8.htm ; https://dmdhist.github.io/arthur_gm.htm","Alternative-only record for Mordred's parentage. Zero in the baseline means inactive, not childlessness. Geoffrey also names Walgan (Gawain); this record is limited to moving the already-selected Mordred, not adding a complete Lot family.",couple,legendary,,arthur_geoffrey_genealogy,1,Mordred (Modred),0,,0,"Geoffrey of Monmouth, History of the Kings of Britain 8.19-21 and 9.9, Aaron Thompson translation revised by J. A. Giles: https://sites.pitt.edu/~dash/arthur.html ; https://levigilant.com/Bulfinch_Mythology/bulfinch.englishatheist.org/goeff/Book8.htm ; https://dmdhist.github.io/arthur_gm.htm","For the selected Uther-Arthur-Mordred relationships, Geoffrey names Arthur and Anne as Uther and Igerna's children, marries Anne to Lot, and makes Mordred their son. Applies these differences together. The Lot row counts Mordred only; Walgan, also named in Geoffrey, is outside this parentage comparison. Galahad's separate Malory record is unaffected."
Uther Pendragon and Igraine,Uther Pendragon,Igraine,arthurian::uther_pendragon,arthurian::igraine,1,Arthur,0,,0,arthurian,"Thomas Malory, Le Morte d'Arthur, 1.1-3: https://www.gutenberg.org/files/1251/1251-h/1251-h.htm","Malory explicitly identifies Uther as father of Arthur, conceived while Uther impersonated Igraine's husband. This selected birth record does not assign Igraine's other children to Uther. Geoffrey also names a daughter Anne, retained with his linked Arthurian genealogy. Count unchanged.",couple,legendary,,arthur_geoffrey_genealogy,1,Arthur,1,Anne (Anna),0,"Geoffrey of Monmouth, History of the Kings of Britain 8.19-21 and 9.9, Aaron Thompson translation revised by J. A. Giles: https://sites.pitt.edu/~dash/arthur.html ; https://levigilant.com/Bulfinch_Mythology/bulfinch.englishatheist.org/goeff/Book8.htm ; https://dmdhist.github.io/arthur_gm.htm","For the selected Uther-Arthur-Mordred relationships, Geoffrey names Arthur and Anne as Uther and Igerna's children, marries Anne to Lot, and makes Mordred their son. Applies these differences together. The Lot row counts Mordred only; Walgan, also named in Geoffrey, is outside this parentage comparison. Galahad's separate Malory record is unaffected."
Angiras and Shraddha,Angiras,Shraddha,bhagavata_purana::angiras,bhagavata_purana::shraddha,2,"Utathya, Brihaspati",4,"Sinivali, Kuhu, Raka, Anumati",0,bhagavata_purana,Bhagavata Purana 4.1.34-35; https://vedabase.io/en/library/sb/4/1/34/; https://vedabase.io/en/library/sb/4/1/35/,Source-specific enumeration: four daughters and two sons. Other genealogies require separate evidence; they are not combined here.,couple,mythological,,,,,,,,,
Atri and Anasuya,Atri,Anasuya,bhagavata_purana::atri,bhagavata_purana::anasuya,3,"Dattatreya, Durvasa, Soma (Chandra)",0,,0,bhagavata_purana,"Bhagavata Purana 4.1.15,33 (Bhaktivedanta Book Trust translation); https://vedabase.io/en/library/sb/4/1/",Three sons enumerated; no daughters counted in this passage.,couple,mythological,,,,,,,,,
Chyavana and Sukanya,Chyavana,Sukanya,bhagavata_purana::chyavana,bhagavata_purana::sukanya,1,Pramati,0,,0,bhagavata_purana,"Mahabharata, Adi Parva, Pauloma Parva, section VIII (Kisari Mohan Ganguli translation); https://sacred-texts.com/hin/m01/m01009.htm",Pramati is explicitly assigned to Sukanya. Removed Apnavana as an unsupported interchangeable name in this row; count unchanged.,couple,legendary,,,,,,,,,
Devahuti and Kardama,Kardama,Devahuti,bhagavata_purana::kardama,bhagavata_purana::devahuti,1,Kapila (avatar of Vishnu),9,"Kala, Anasuya, Shraddha, Havirbhu, Gati, Kriya, Khyati, Arundhati, Shanti",0,bhagavata_purana,"Bhagavata Purana 3.24.6,14,16-24 (Bhaktivedanta Book Trust translation); https://vedabase.io/en/library/sb/3/24/",Kapila and nine daughters enumerated; their names appear in verses 22-24.,couple,mythological,,,,,,,,,
Jamadagni and Renuka,Jamadagni,Renuka,bhagavata_purana::jamadagni,bhagavata_purana::renuka,5,Rumanvat; Sushena; Vasu; Vishvavasu; Parashurama,0,,0,bhagavata_purana,"Mahabharata narrative translated in H. H. Wilson, Vishnu Purana, Legend of Parasurama, pp. 401-402; https://sacred-texts.com/book/the-vishnu-purana/shell/legend-of-parasurama",Five sons enumerated in the appended Mahabharata narrative. Corrected the mixed name list: this version includes Sushena. Bhagavata 9.15.12-13 instead names Vasuman and Rama without enumerating all brothers; it does not independently establish a total of five.,couple,legendary,,jamadagni_adi_four,4,Rama (Parasurama); three unnamed elder sons,0,,0,"Mahabharata, Adi Parva, section LXVI, trans. Kisari Mohan Ganguli, volume 1: https://www.gutenberg.org/ebooks/15474","This genealogy explicitly states four sons, with Rama the youngest. The fuller birth narrative used in the baseline enumerates five. Retains the disagreement rather than combining the lists."
Kashyapa and Danu,Kashyapa,Danu,bhagavata_purana::kashyapa,bhagavata_purana::danu,40,"40 sons, including Viprachitti, Samvara, Namuchi, Pauloman and others",0,,0,bhagavata_purana,"Mahabharata, Adi Parva, Sambhava Parva, section LXV (Kisari Mohan Ganguli translation); https://sacred-texts.com/hin/m01/m01066.htm",Forty is explicit in this Mahabharata passage. Corrected the reference and mixed child list; the previously cited Bhagavata passage gives 61 instead.,couple,mythological,,danu_bhagavata_61,61,"61 sons; eighteen prominent sons named, including Dvimurdha, Sambara, Arishta, Hayagriva and others",0,,0,Bhagavata Purana 6.6.29-31 (Bhaktivedanta Book Trust translation); https://vedabase.io/en/library/sb/6/6/,"Explicit alternative total of 61; replaces the Mahabharata total of 40. The eighteen named examples are included in 61, not added."
Kashyapa and Vinata,Kashyapa,Vinata,bhagavata_purana::kashyapa,bhagavata_purana::vinata,2,"Garuda, Aruna",0,,0,bhagavata_purana,Bhagavata Purana 6.6.21-22 (Bhaktivedanta Book Trust translation); https://vedabase.io/en/library/sb/6/6/,Two sons enumerated. A longer Mahabharata enumeration is retained in the alternate columns.,couple,mythological,,vinata_mahabharata_six,6,Tarkhya; Arishtanemi; Garuda; Aruna; Aruni; Varuni,0,,0,"Mahabharata, Adi Parva, Sambhava Parva, section LXV (Kisari Mohan Ganguli translation); https://sacred-texts.com/hin/m01/m01066.htm","Counts the six entries in this translated list. This is a textual enumeration, not an independently resolved count of distinct identities across traditions."
Manu (Svayambhuva) and Shatarupa,Manu,Shatarupa,bhagavata_purana::manu,bhagavata_purana::shatarupa,2,"Priyavrata, Uttanapada",3,"Akuti, Devahuti, Prasuti",0,bhagavata_purana,Bhagavata Purana 3.12.56-57 (Bhaktivedanta Book Trust translation); https://vedabase.io/en/library/sb/3/12/,Explicit enumeration of two sons and three daughters; counts unchanged.,couple,mythological,,,,,,,,,
Marichi and Kala,Marichi,Kala,bhagavata_purana::marichi,bhagavata_purana::kala,2,Kashyapa; Purnima,0,,0,bhagavata_purana,Bhagavata Purana 4.1.13-14 (Bhaktivedanta Book Trust translation); https://vedabase.io/en/library/sb/4/1/,"Added Purnima, explicitly called a son in verse 14. The earlier row omitted him.",couple,mythological,,,,,,,,,
Sagara and Keshini,Sagara,Keshini,bhagavata_purana::sagara,bhagavata_purana::keshini,1,Asamanjasa,0,,0,bhagavata_purana,Bhagavata Purana 9.8.14 (Bhaktivedanta Book Trust translation); https://vedabase.io/en/library/sb/9/8/14/,"Asamanjasa is assigned to Keshini; Amsuman is their grandson, not another son.",couple,mythological,,,,,,,,,
Sagara and Sumati,Sagara,Sumati,bhagavata_purana::sagara,bhagavata_purana::sumati,60000,60000 sons (collective enumeration),0,,0,bhagavata_purana,Bhagavata Purana 9.8.8-12 (Bhaktivedanta Book Trust translation); https://vedabase.io/en/library/sb/9/8/,Sixty thousand sons enumerated. Removed the claim that Kapila burned them with his gaze: verses 11-12 explicitly reject that explanation in this translation.,mythical_count,mythological,,,,,,,,,
Uttanapada and Suniti,Uttanapada,Suniti,bhagavata_purana::uttanapada,bhagavata_purana::suniti,1,Dhruva,0,,0,bhagavata_purana,Bhagavata Purana 4.8.8; https://vedabase.io/en/library/sb/4/8/8/; https://vedabase.io/en/library/sb/4/8/9/,Dhruva is Suniti's son; Uttama belongs to the separate Suruchi record.,couple,legendary,,,,,,,,,
Uttanapada and Suruchi,Uttanapada,Suruchi,bhagavata_purana::uttanapada,bhagavata_purana::suruchi,1,Uttama,0,,0,bhagavata_purana,Bhagavata Purana 4.8.9; https://vedabase.io/en/library/sb/4/8/8/; https://vedabase.io/en/library/sb/4/8/9/,Uttama is Suruchi's son; split from the Suniti record without changing the total.,couple,legendary,,,,,,,,,
Vasishtha and Arundhati,Vasishtha,Arundhati,bhagavata_purana::vasishtha,bhagavata_purana::arundhati,7,"Chitraketu, Surochi, Viraja, Mitra, Ulbana, Vasubhrdyana, Dyumat",0,,0,bhagavata_purana,Bhagavata Purana 4.1.40-41 (Bhaktivedanta Book Trust translation); https://vedabase.io/en/library/sb/4/1/,Seven sons enumerated. This translation identifies Urja with Arundhati; children of another wife are not allocated here.,couple,legendary,,vasishtha_vishnu_names,7,Rajas; Gatra; Urddhabahu; Savana; Anagha; Sutapas; Sukra,0,,0,"Vishnu Purana 1.10 (H. H. Wilson translation), p. 83; https://sacred-texts.com/book/the-vishnu-purana/shell/chapter-x",Seven different names under mother Urjja. Retains the Urja/Arundhati identification used in the baseline translation; same total does not mean the child lists agree.
Anjana and Yasodhara (Mahavamsa),Anjana,Yasodhara,buddhist::anjana,buddhist::yasodhara_anjanas_wife,2,"Suppabuddha, Dandapani",2,"Maya, Mahapajapati Gotami",0,buddhist,"Mahavamsa, chapter II, Wilhelm Geiger translation: https://budsas.org/ebud/mahavamsa/chap002.html ; G. P. Malalasekera, Dictionary of Pali Proper Names, Yasodhara, entry 4: https://www.palikanon.com/english/pali_names/y/yasodharaa.htm ; Sulakkhana: https://www.palikanon.com/english/pali_names/s/s8_suy.htm","The Mahavamsa genealogy names Anjana's wife Yasodhara and their two sons and two daughters; she is distinct from Siddhartha's wife of the same name. Counts unchanged. The dictionary also reports Sulakkhana as Anjana's wife and Pajapati's mother in Apadana II.538, verse 115, and says she may have been another wife. This name/identity disagreement is retained here without assuming two distinct women or assigning the other three children to Sulakkhana.",couple,legendary,,,,,,,,,
Siddhartha and Yasodhara,Siddhartha,Yasodhara,buddhist::siddhartha,buddhist::yasodhara,1,Rahula,0,,0,buddhist,"Ashvaghosha, Buddhacarita 2.46-47, E. B. Cowell translation: https://sacred-texts.com/bud/sbe49/sbe4904.htm",Verse 46 explicitly identifies Rahula as the son born to Yasodhara and Suddhodana's son. Count unchanged; the count does not depend on a particular chronology of the renunciation.,couple,legendary,,,,,,,,,
Suddhodana and Mahapajapati Gotami,Suddhodana,Mahapajapati Gotami,buddhist::suddhodana,buddhist::mahapajapati_gotami,1,Nanda,1,Sundari Nanda,0,buddhist,"G. P. Malalasekera, Dictionary of Pali Proper Names, Nanda, entry 1, and Sundari Nanda, entry 2: https://www.palikanon.com/english/pali_names/n/nanda.htm ; https://www.palikanon.com/english/pali_names/s/sundari_nandaa.htm","The dictionary identifies Nanda Thera and Sundari Nanda as Suddhodana and Mahapajapati's son and daughter. Sundari Nanda here is Nanda's sister, not his similarly named fiancee. Counts unchanged.",couple,legendary,,,,,,,,,
Suddhodana and Maya,Suddhodana,Maya,buddhist::suddhodana,buddhist::maya,1,Siddhartha Gautama (the Buddha),0,,0,buddhist,"Mahavamsa, chapter II, Wilhelm Geiger translation: https://budsas.org/ebud/mahavamsa/chap002.html",Chapter II explicitly names Suddhodana and Maya as the Buddha's parents. Count unchanged.,couple,legendary,,,,,,,,,
Suppabuddha and Amita,Suppabuddha,Amita,buddhist::suppabuddha,buddhist::amita,1,Devadatta,1,Bhaddakaccana (Yasodhara),0,buddhist,"Mahavamsa, chapter II, Wilhelm Geiger translation: https://budsas.org/ebud/mahavamsa/chap002.html ; G. P. Malalasekera, Dictionary of Pali Proper Names, Rahulamata: https://www.palikanon.com/english/pali_names/r/rahulamata.htm","The Mahavamsa names Amita's children by Suppabuddha as Bhaddakaccana and Devadatta. The dictionary identifies Bhaddakaccana with Rahulamata, also called Yasodhara in later texts, while noting different northern accounts of her father. This row follows the Mahavamsa genealogy; counts unchanged.",couple,legendary,,,,,,,,,
Cú Chulainn and Aífe,Cú Chulainn,Aífe,celtic::c_chulainn,celtic::afe,1,Connla,0,,0,celtic,"Aided Oenfir Aife, sections 1-2 and 8-13, University College Cork Irish Sagas Online: https://iso.ucc.ie/Aided-aife/Aided-aife-text.html","The opening explicitly identifies the boy as Cuchulainn's son by Aife, and section 8 names him Conla. Counts unchanged. The inherited claim that the killing was unknowing is removed: Emer warns Cuchulainn of the boy's identity before the fight.",couple,legendary,,,,,,,,,
Dagda (other children; mothers unassigned),Dagda,unknown,celtic::dagda,,2,Aed; Cermait,2,Brigid; Aine,0,celtic,"Lebor Gabala Erenn, R. A. S. Macalister translation, vol. 4 (1941), section 61, genealogical list and death-poem passage on Aine: https://www.ancienttexts.org/library/celtic/ctexts/lebor4.html ; Cath Maige Tuired, trans. Elizabeth A. Gray (1982), p. 57, Ruadan's ancestry: https://celt.ucc.ie/published/T300010.html","Lebor Gabala names Aed and Cermait alongside Oengus as Dagda's three sons, and Aine as his daughter in the death poem. Cath Maige Tuired identifies Brigid as his daughter. Oengus is retained separately under Boann. These selected paternal attributions do not identify the mothers or imply one shared mother. The Bodb variant is retained as a linked alternative; the record does not exhaust every later tradition.",multi_wife_agg,mythological,,bodb_gregory_dagda,3,Aed; Cermait; Bodb Derg (Bodb of Femen),2,Brigid; Aine,0,"Lady Gregory, Gods and Fighting Men (1905 edition), Part I, Book IV, Bodb Dearg: https://www.gutenberg.org/cache/epub/14465/pg14465-images.html ; unaffected children: Lebor Gabala Erenn, R. A. S. Macalister translation, vol. 4 (1941), section 61, genealogical list and death-poem passage on Aine: https://www.ancienttexts.org/library/celtic/ctexts/lebor4.html ; Cath Maige Tuired, trans. Elizabeth A. Gray (1982), p. 57, Ruadan's ancestry: https://celt.ucc.ie/published/T300010.html",Gregory's retelling identifies Bodb Dearg of Sidhe Femen as a son of Dagda. Linked changes move Bodb from Eochu Gab to Dagda while retaining other attributions from their stated sources. The zero under Eochu Gab removes this selected relationship; it is not a claim that he was childless. No maternal identity is inferred.
Dagda and Boann,Dagda,Boann,celtic::dagda,celtic::boann,1,"Aengus (Oengus, Mac Oc)",0,,0,celtic,"Tochmarc Etaine, sections 1.1-1.4, University College Cork Irish Sagas Online: https://iso.ucc.ie/Tochmarc-etaine/Tochmarc-etaine-text.html","The birth narrative explicitly identifies Aengus as the son of Dagda and Boand (Eithne), wife of Elcmar. The wife column here denotes the named mother, not marriage to Dagda. Other inherited children are removed from Boann's maternal record. Counts the named child in this episode; no claim of complete offspring.",couple,mythological,,,,,,,,,
Eochu Gab and mother of Bodb (unnamed),Eochu Gab,unknown,celtic::eochu_gab,,1,Bodb Derg (Bodb of Femen),0,,0,celtic,"Lebor Gabala Erenn, R. A. S. Macalister translation, vol. 4 (1941), section 61, genealogical list and death-poem passage on Aine: https://www.ancienttexts.org/library/celtic/ctexts/lebor4.html","The genealogical list identifies Bodb of the Mound of Femen as son of Eochu Gab, son of Dui Temen. This differs from the Dagda attribution in Lady Gregory's retelling. Maternal identity is not supplied; Boann is not inferred as mother.",spouse_unnamed,mythological,,bodb_gregory_dagda,0,,0,,0,"Lady Gregory, Gods and Fighting Men (1905 edition), Part I, Book IV, Bodb Dearg: https://www.gutenberg.org/cache/epub/14465/pg14465-images.html",Gregory's retelling identifies Bodb Dearg of Sidhe Femen as a son of Dagda. Linked changes move Bodb from Eochu Gab to Dagda while retaining other attributions from their stated sources. The zero under Eochu Gab removes this selected relationship; it is not a claim that he was childless. No maternal identity is inferred.
Lir and Aobh,Lir,Aobh,celtic::lir,celtic::aobh,3,"Aed, Fiachra, Conn",1,Fionnuala,0,celtic,"Lady Gregory, Gods and Fighting Men, 1905 edition, Part I, Book V, The Fate of the Children of Lir: https://www.gutenberg.org/cache/epub/14465/pg14465-images.html","The opening birth sequence names Fionnuala and Aodh in the first birth, then Fiachra and Conn in the second, at which Aobh dies. Three sons and one daughter confirmed. Aobh is the mother; her sister Aoife is their later stepmother.",couple,mythological,,,,,,,,,
Llŷr and Penarddun,Llŷr,Penarddun,celtic::llr,celtic::penarddun,2,"Brân, Manawydan",1,Branwen,0,celtic,"Second Branch, Branwen the Daughter of Llyr, opening genealogy and marriage episode; The Mabinogion, Charlotte Guest translation: https://www.gutenberg.org/files/5160/5160-h/5160-h.htm",The opening names Bran and Manawydan as sons of Llyr and identifies Penardun as the mother shared with Euroswydd's sons Nissyen and Evnissyen. Branwen is called Llyr's daughter and Evnissyen's sister. Counts unchanged; the two sons of Euroswydd are not assigned to Llyr. This Welsh family is distinct from the Irish Lir and Aobh record.,couple,mythological,,,,,,,,,
Lugh and Deichtine,Lugh,Deichtine,celtic::lugh,celtic::deichtine,1,Cú Chulainn,0,,0,celtic,"Tain Bo Cualnge, Joseph Dunn translation (1914), chapter XVII, p. 182: https://www.gutenberg.org/files/16464/16464-h/16464-h.htm ; Patrizia de Bernardo Stempel, Caren Esser and Jonathan Slocum, Old Irish Online, lesson 1, Reading and Textual Analysis of Compert Con Culainn, University of Texas Linguistics Research Center: https://lrc.la.utexas.edu/eieol/iriol/10","Lug explicitly identifies himself as Cuchulainn's father from Faery in the Tain. The conception tale also supplies a human father, Sualtaim, after Deichtine's pregnancy by Lug ends. Baseline retains the divine attribution and counts Cuchulainn once; the alternative selects the human attribution. Removes the unsupported description of conception by Deichtine alone. The parent fields do not establish marriage to Lug.",couple,legendary,,cuchulainn_human_parentage,0,,0,,0,"Patrizia de Bernardo Stempel, Caren Esser and Jonathan Slocum, Old Irish Online, lesson 1, Reading and Textual Analysis of Compert Con Culainn, University of Texas Linguistics Research Center: https://lrc.la.utexas.edu/eieol/iriol/10","Selects the human father Sualtaim for the already-counted Cuchulainn, retaining Deichtine as mother, instead of the baseline divine father Lug. This is an attribution choice, not a claim that divine and human paternity cannot coexist in the narrative. The linked rows count the hero once, not each stage of the conception story as another child."
Pwyll and Rhiannon,Pwyll,Rhiannon,celtic::pwyll,celtic::rhiannon,1,Pryderi,0,,0,celtic,"First Branch, Pwyll Prince of Dyved, birth, disappearance and recognition of Pryderi; The Mabinogion, Charlotte Guest translation: https://www.gutenberg.org/files/5160/5160-h/5160-h.htm","The narrative identifies the recovered boy as Pwyll and Rhiannon's son, renamed Pryderi from Gwri Wallt Euryn. These are names of one child. Teyrnon and his wife are his foster-parents. Count unchanged.",couple,legendary,,,,,,,,,
Sualtaim and Deichtine (human parentage),Sualtaim,Deichtine,celtic::sualtaim,celtic::deichtine,0,,0,,0,celtic,"Patrizia de Bernardo Stempel, Caren Esser and Jonathan Slocum, Old Irish Online, lesson 1, Reading and Textual Analysis of Compert Con Culainn, University of Texas Linguistics Research Center: https://lrc.la.utexas.edu/eieol/iriol/10","Alternative-only record for Cuchulainn's human parentage. Baseline zeros mean inactive, not childless. The cited scholarly account describes conception by Sualtaim after the pregnancy by Lug ends.",couple,legendary,,cuchulainn_human_parentage,1,Cú Chulainn,0,,0,"Patrizia de Bernardo Stempel, Caren Esser and Jonathan Slocum, Old Irish Online, lesson 1, Reading and Textual Analysis of Compert Con Culainn, University of Texas Linguistics Research Center: https://lrc.la.utexas.edu/eieol/iriol/10","Selects the human father Sualtaim for the already-counted Cuchulainn, retaining Deichtine as mother, instead of the baseline divine father Lug. This is an attribution choice, not a claim that divine and human paternity cannot coexist in the narrative. The linked rows count the hero once, not each stage of the conception story as another child."
Alphaeus and wife,Alphaeus,unknown,christian_nt::alphaeus,,1,James (son of Alphaeus),0,,0,christian_nt,Mark 3:18 (KJV): https://biblehub.com/kjv/mark/3.htm,The apostolic list identifies James as the son of Alphaeus. It does not identify his mother or enumerate a complete family. This row does not resolve whether Alphaeus is Clopas or whether this James is the James in the Clopas/Mary record; the records cannot be summed as unique births.,spouse_unnamed,legendary,,,,,,,,,
Aristobulus and Berenice,Aristobulus IV,Berenice,christian_nt::aristobulus_iv,christian_nt::berenice,3,"Herod Agrippa I, Aristobulus Minor, Herod of Chalcis",2,"Herodias, Mariamne",0,christian_nt,"Josephus, Antiquities 17.1.2 and 18.5.4, trans. William Whiston: https://penelope.uchicago.edu/josephus/ant-17.html ; https://penelope.uchicago.edu/josephus/ant-18.html ; William Smith, Dictionary of Greek and Roman Biography and Mythology, vol. 2, Mariamne 3: https://en.wikisource.org/wiki/Page:Dictionary_of_Greek_and_Roman_Biography_and_Mythology_(1870)_-_Volume_2.djvu/964","Antiquities 17.1.2 explicitly gives Aristobulus three sons and two daughters by Bernice. The later genealogy identifies Agrippa, Herod, Aristobulus and their sister Herodias; Smith supplies the identification of the other daughter as Mariamne. This is Aristobulus the son of Herod and Mariamne I, not his namesake son. Grandchildren in the surrounding genealogy are excluded.",couple,historical,,,,,,,,,
Augustine and concubine,Augustine of Hippo,unknown,christian_nt::augustine,,1,Adeodatus,0,,0,christian_nt,"Augustine, Confessions 4.2.2 and 9.6.14: https://www.newadvent.org/fathers/110104.htm ; https://www.newadvent.org/fathers/110109.htm",Book 4 describes the unnamed partner outside lawful wedlock; Book 9 identifies Adeodatus as Augustine's son and records his baptism and subsequent death. Retains one named son. Removed the unsupported exact age at death from the inherited note; the inspected passage does not give that age.,spouse_unnamed,historical,,,,,,,,,
Basil the Elder and Emmelia,Basil the Elder,Emmelia,christian_nt::basil_elder,christian_nt::emmelia,5,"Basil the Great, Gregory of Nyssa, Peter of Sebaste, Naucratius, unnamed",5,"Macrina the Younger, unnamed (4)",0,christian_nt,"NPNF, second series, vol. 5, A Sketch of the Life of S. Gregory of Nyssa: https://en.wikisource.org/wiki/Nicene_and_Post-Nicene_Fathers:_Series_II/Volume_V/Prolegomena/A_Sketch_of_the_Life_of_S._Gregory_of_Nyssa ; W. K. Lowther Clarke, introduction to Life of St. Macrina (1916), pp. 7-8: https://www.tertullian.org/fathers/gregory_macrina_0_intro.htm","Retains the later NPNF biographical account of five boys and five girls. Clarke reconciles ten births with four sons and five daughters surviving infancy. Gregory's own Life explicitly enumerates four sons and five daughters, but later describes Peter as the tenth and the estate as divided into nine shares. The fifth unnamed son is part of the later reconstruction, not an explicitly named child in Gregory's enumeration; that enumeration is retained separately.",couple,historical,,basil_macrina_nine,4,Basil the Great; Gregory of Nyssa; Peter of Sebaste; Naucratius,5,Macrina the Younger; four unnamed daughters,0,"Gregory of Nyssa, Life of St. Macrina, trans. W. K. Lowther Clarke (1916), pp. 26-27, 38-39, 50: https://www.tertullian.org/fathers/gregory_macrina_1_life.htm","Uses the explicit four-son, five-daughter household enumeration and nine-part inheritance. The later first-fruits/tenths prayer calls Peter the tenth; the baseline follows a later ten-birth reconstruction. This alternative preserves the enumerated household without adding an inferred unnamed male infant, and does not claim to settle the textual or survival-scope difference."
Clopas and Mary,Clopas,Mary (of Clopas),christian_nt::clopas,christian_nt::mary_clopas,2,"James, Joses",0,,0,christian_nt,John 19:25; Mark 15:40 (KJV): https://biblehub.com/kjv/john/19.htm ; https://biblehub.com/kjv/mark/15.htm,"Conditional cross-Gospel identification: John names Mary the wife of Cleophas, while Mark identifies a Mary as the mother of James the less and Joses. Neither passage explicitly says these are the same Mary. The two-son household count retains that identification; it is not an independently established paternal genealogy. Possible identity with the Alphaeus family is unresolved, so these are not necessarily distinct births.",couple,legendary,,,,,,,,,
Clovis I and Clotilde,Clovis I,Clotilde,christian_nt::clovis_i,christian_nt::clotilde,4,"Ingomer (died infant), Chlodomer, Childebert I, Clotaire I",1,Clotilda,0,christian_nt,"Gregory of Tours, History of the Franks 2.29; 3.1, 3.6, 3.10, 3.18, trans. Ernest Brehaut: https://sourcebooks.web.fordham.edu/basis/gregory-hist.asp","Counts Ingomer, who died in infancy, alongside Chlodomer, Childebert and Clothar; excludes Theuderic, assigned to the concubine in 2.28. Sections 3.6 and 3.18 identify Clotilda as the surviving sons' mother. Section 3.1 identifies their sister, and the 3.10 summary names her Chlotchild (Clotilda). Her placement under Clotilde retains the conventional household attribution; these passages do not separately state her maternity.",couple,historical,,,,,,,,,
Clovis I and concubine,Clovis I,unknown,christian_nt::clovis_i,,1,Theuderic I,0,,0,christian_nt,"Gregory of Tours, History of the Franks 2.28, trans. Ernest Brehaut: https://sourcebooks.web.fordham.edu/source/gregory-clovisconv.asp","The passage explicitly says Clovis already had a son, Theodoric (Theuderic), by a concubine before marrying Clotilda. The mother is unnamed and this son is excluded from the Clotilda row.",spouse_unnamed,historical,,,,,,,,,
Constantine and Fausta,Constantine I,Fausta,christian_nt::constantine,christian_nt::fausta,3,"Constantine II, Constantius II, Constans",2,"Constantina, Helena",0,christian_nt,"Hans A. Pohlsander, Fausta, De Imperatoribus Romanis, family paragraph and note 10: https://roman-emperors.sites.luc.edu/fausta.htm","Retains Pohlsander's three sons and two daughters. His note 10 also records the scholarly possibility that Fausta was Constantine II's stepmother rather than birth mother. That narrower maternal attribution is a linked alternative; Constantine II remains counted once under his father. This is a scholarly reconstruction, replacing the inherited unspecific reference to Eusebius.",couple,historical,,constantine_ii_mother_unassigned,2,Constantius II; Constans,2,Constantina; Helena,0,"Hans A. Pohlsander, Fausta, De Imperatoribus Romanis, family paragraph and note 10: https://roman-emperors.sites.luc.edu/fausta.htm","Uses the alternative birth-mother attribution discussed in note 10: Fausta is Constantine II's stepmother. Moves him to the linked mother-unassigned row while retaining the other four children here. This changes maternity, not the father's total, and does not identify Constantine II's mother as Minervina."
Constantine and Minervina,Constantine I,Minervina,christian_nt::constantine,christian_nt::minervina,1,Crispus,0,,0,christian_nt,"Hans Pohlsander, Crispus Caesar, De Imperatoribus Romanis, opening paragraph: https://www.roman-emperors.sites.luc.edu/crispus.htm","The scholarly biography identifies Crispus as Constantine's son by Minervina. It describes the relationship as probably outside marriage; the inherited wife column does not establish a legal marriage. Fausta is his stepmother, not his mother.",couple,historical,,,,,,,,,
Constantine and mother of Constantine II (unassigned alternative),Constantine I,unknown,christian_nt::constantine,,0,,0,,0,christian_nt,"Hans A. Pohlsander, Fausta, De Imperatoribus Romanis, family paragraph and note 10: https://roman-emperors.sites.luc.edu/fausta.htm","Alternative-only maternal attribution. Baseline counts Constantine II under Fausta; zero here means this alternative is inactive, not that Constantine had no son with an unidentified mother. Apply the paired Fausta change with this row.",spouse_unnamed,historical,,constantine_ii_mother_unassigned,1,Constantine II,0,,0,"Hans A. Pohlsander, Fausta, De Imperatoribus Romanis, family paragraph and note 10: https://roman-emperors.sites.luc.edu/fausta.htm","Receives Constantine II from the linked Fausta record under the stepmother interpretation discussed in Pohlsander's note 10. Father remains Constantine; birth mother remains unidentified. The two changes preserve four sons across Constantine's records, including Crispus under Minervina."
Felicity and father of child,unknown,Felicity,,christian_nt::felicity,0,,1,daughter (born in prison),0,christian_nt,"Passion of Perpetua and Felicity, trans. R. E. Wallis, chapter 5.2 in this edition: https://www.newadvent.org/fathers/0324.htm","The prison birth account explicitly identifies a girl, subsequently raised by a Christian sister as her daughter. Counts one birth daughter of Felicitas; the adoptive carer is not a second child or birth mother. The father is not identified.",spouse_unnamed,historical,,,,,,,,,
Gregory the Elder and Nonna,Gregory the Elder,Nonna,christian_nt::gregory_elder,christian_nt::nonna,2,"Gregory of Nazianzus, Caesarius",1,Gorgonia,0,christian_nt,"Gregory of Nazianzus, Oration 7.3-4, 7.8 and Oration 8.3-4: https://www.newadvent.org/fathers/310207.htm ; https://www.newadvent.org/fathers/310208.htm","The funeral orations identify Caesarius as the speaker's brother and Gorgonia as his sister, with their common parents Gregory and Nonna named in Oration 8.4. Retains two sons and one daughter. Gorgonia's own children mentioned in the editorial introduction are grandchildren of this couple and are excluded.",couple,historical,,,,,,,,,
Herod and Cleopatra of Jerusalem,Herod,Cleopatra of Jerusalem,christian_nt::herod,christian_nt::cleopatra_jerusalem,2,Herod; Philip,0,,0,christian_nt,"Josephus, Antiquities 17.1.3, trans. William Whiston: https://penelope.uchicago.edu/josephus/ant-17.html","The passage explicitly names two sons, Herod and Philip, by Cleopatra of Jerusalem. Removed the inherited Philip alias from the first Herod: it blurred two distinct sons and risked confusion with Herod by Mariamne the high priest's daughter. Counts unchanged.",couple,historical,,,,,,,,,
Herod and Doris,Herod,Doris,christian_nt::herod,christian_nt::doris,1,Antipater,0,,0,christian_nt,"Josephus, Jewish War 1.22.1, trans. William Whiston: https://penelope.uchicago.edu/josephus/war-1.html",The passage identifies Doris as Herod's earlier wife and Antipater as her son. Retains one named son; this is not the Antipater married to Cypros in the later extended genealogy.,couple,historical,,,,,,,,,
Herod and Malthace,Herod,Malthace,christian_nt::herod,christian_nt::malthace,2,"Herod Antipas, Herod Archelaus",1,Olympias,0,christian_nt,Josephus Antiquities 17.1.3; https://penelope.uchicago.edu/josephus/ant-17.html,Olympias is explicitly listed with Antipas and Archelaus in Antiquities 17.1.3.,couple,historical,,,,,,,,,
Herod and Mariamne I,Herod,Mariamne I,christian_nt::herod,christian_nt::mariamne_i,3,Alexander; Aristobulus; unnamed youngest son (died in Rome),2,"Salampsio, Cypros",0,christian_nt,"Josephus, Jewish War 1.22.2 and Antiquities 18.5.4, trans. William Whiston: https://penelope.uchicago.edu/josephus/war-1.html ; https://penelope.uchicago.edu/josephus/ant-18.html","Corrected two sons to three. Jewish War explicitly gives five children, three sons and two daughters, and says the youngest son died during his education in Rome. The inherited count omitted that unnamed son. Antiquities names the daughters Salampsio and Cypros. This is a birth count, not a count of surviving or named children; Mariamne I is distinct from Mariamne the high priest's daughter.",couple,historical,,,,,,,,,
Jairus and wife,Jairus,unknown,christian_nt::jairus,,0,,1,daughter (unnamed; 12 years old),0,christian_nt,"Luke 8:41-42, 49-56 (KJV): https://biblehub.com/kjv/luke/8.htm","Luke identifies Jairus's only daughter, about twelve years old, and mentions both her father and mother in the healing episode. Neither daughter nor mother is named. Counts the daughter once; restoration to life is not a second birth.",spouse_unnamed,legendary,,,,,,,,,
Joachim and Anne,Joachim,Anne,christian_nt::joachim,christian_nt::anne,0,,1,Mary (mother of Jesus),0,christian_nt,Protoevangelium of James 4-5: https://www.newadvent.org/fathers/0847.htm,"The apocryphal birth account names Joachim and Anna as the parents and identifies the newborn girl as Mary. Retains one daughter; this is a later Christian narrative, not a canonical New Testament genealogy.",couple,legendary,,,,,,,,,
Leonides and wife,Leonides,unknown,christian_nt::leonides,,7,Origen and 6 brothers (unnamed),0,,0,christian_nt,Eusebius Church History 6.1-2; https://www.newadvent.org/fathers/250106.htm,Leonides martyred 202 AD; Origen = major theologian The seven-son count is supported by the inspected translation (Origen plus six younger brothers); this does not independently validate historicity or exhaust all sources.,spouse_unnamed,historical,,,,,,,,,
Lois and husband,unknown,Lois,,christian_nt::lois,0,,1,Eunice,0,christian_nt,2 Timothy 1:5 (KJV): https://biblehub.com/kjv/2_timothy/1.htm,"The verse calls Lois Timothy's grandmother and Eunice his mother. Coding Eunice as Lois's daughter infers a maternal line from this pairing; it is not an explicit mother-daughter statement. Lois's husband is unidentified, and the verse does not enumerate her other children.",spouse_unnamed,legendary,,,,,,,,,
Mary and Joseph,Joseph,Mary,christian_nt::joseph,christian_nt::mary,5,"Jesus, James, Joses, Simon, Judas",2,at least two unnamed sisters (minimum from plural),0,christian_nt,"Mark 6:3; Matthew 13:55-56 (KJV), literal maternal-sibling reading; Matthew 1:18-25 for Joseph's household role: https://biblehub.com/kjv/mark/6.htm ; https://biblehub.com/kjv/matthew/13.htm ; https://biblehub.com/kjv/matthew/1.htm","Conditional family coding: reads the four named brothers and unnumbered sisters of Jesus as Mary's other children. The daughter count of two is the minimum supported by the plural, not an exact total. The passages name Jesus's kin; shared maternity is an interpretation, so the Catholic reading is retained separately. Joseph is a household parent of Jesus in Matthew's virgin-conception account, not his biological father. This row cannot establish an exact biological family size or adjudicate religious doctrine.",couple,legendary,,mary_catholic_kinship,1,Jesus,0,,0,"Catechism of the Catholic Church, paragraphs 500-501: https://www.vatican.va/content/catechism/en/part_one/section_two/chapter_two/artcile_3/paragraph_2_conceived_by_the_power_of_the_holy_spirit_and_born_of_the_virgin_mary.html","The Catholic interpretation treats the brothers and sisters as other relatives, not children of Mary, and identifies Jesus as her only son. Counts Jesus within the Mary-Joseph household; Joseph is not asserted to be his biological father. Does not move the excluded relatives to invented parental records. This is a source-specific interpretation, not a historical resolution of the kinship dispute."
Patricius and Monica,Patricius,Monica,christian_nt::patricius,christian_nt::monica,2,"Augustine, Navigius",1,unnamed daughter,0,christian_nt,"Augustine, Confessions 9.11.27 and 9.13.37: https://www.newadvent.org/fathers/110109.htm ; Letter 211.4: https://www.newadvent.org/fathers/1102211.htm ; De beata vita 1.6, French translation, De la vie bienheureuse: https://fr.wikisource.org/wiki/Augustin_d%E2%80%99Hippone/De_la_vie_bienheureuse","Combines Augustine's identification of Monica and Patricius as his parents, his brother beside their dying mother, his naming of his brother Navigius in De beata vita, and the deceased sister who had headed the monastery in Letter 211. Retains the conventional common-parent household attribution; the letter does not separately state the sister's parents or name. Adeodatus is Augustine's son and is excluded from this generation.",couple,historical,,,,,,,,,
Perpetua and husband,unknown,Perpetua,,christian_nt::perpetua,1,infant son (unnamed),0,,0,christian_nt,"Passion of Perpetua and Felicity, trans. R. E. Wallis, chapter 1.1-2 in this edition: https://www.newadvent.org/fathers/0324.htm","The opening identifies Perpetua as a married woman with an infant son, and her narrative describes nursing him. Neither child nor husband is named. The father and brothers mentioned alongside her are her own relatives, not additional children.",spouse_unnamed,historical,,,,,,,,,
Peter and wife,Peter (Simon),unknown,christian_nt::peter,,0,,1,Petronilla,0,christian_nt,"Jacobus de Voragine, Golden Legend, trans. William Caxton, vol. 3, Life of S. Pernelle: https://sourcebooks.web.fordham.edu/basis/goldenlegend/GoldenLegend-Volume3.asp ; J. P. Kirsch, St. Petronilla, Catholic Encyclopedia (1911): https://www.newadvent.org/cathen/11781b.htm","Retains Petronilla as Peter's daughter in the Golden Legend, which explicitly names that relationship. Replaced the broad Acts of Peter citation: Kirsch distinguishes an unnamed daughter in the apocryphal Acts from the later identification with Petronilla. This is legendary parentage; her mother is not identified in the cited legend, and the count does not establish historical biological descent.",spouse_unnamed,legendary,,,,,,,,,
Philip the Evangelist and wife,Philip the Evangelist,unknown,christian_nt::philip_evangelist,,0,,4,4 prophetess daughters (unnamed),0,christian_nt,Acts 21:8-9 (KJV): https://biblehub.com/kjv/acts/21.htm,"Acts explicitly identifies Philip the evangelist, one of the seven, and his four unmarried prophesying daughters. Their names and mother are not supplied. Removed unverified later daughter names and the broad secondary citation so this count rests on the evangelist passage without conflating him with Philip the apostle.",spouse_unnamed,legendary,,,,,,,,,
Simon of Cyrene and wife,Simon of Cyrene,unknown,christian_nt::simon_cyrene,,2,"Alexander, Rufus",0,,0,christian_nt,Mark 15:21 (KJV): https://biblehub.com/kjv/mark/15.htm,The verse explicitly calls Simon the father of Alexander and Rufus. Their mother is not identified and no exhaustive family count is given. Removed Romans 16:13 as count evidence: the same name alone does not establish that its Rufus is this son.,spouse_unnamed,legendary,,,,,,,,,
Theodosius I and Flaccilla,Theodosius I,Aelia Flaccilla,christian_nt::theodosius_i,christian_nt::flaccilla,2,"Arcadius, Honorius",1,Pulcheria,0,christian_nt,"David Woods, Theodosius I, De Imperatoribus Romanis, Family and Succession: https://www.roman-emperors.sites.luc.edu/theo1.htm","The scholarly biography explicitly assigns Arcadius, Honorius and Pulcheria to Flaccilla. Retains two sons and one daughter, including Pulcheria who died young. This replaces the inherited non-reference ""Historical records""; the record is a later reconstruction rather than a New Testament passage.",couple,historical,,,,,,,,,
Theodosius I and Galla,Theodosius I,Galla,christian_nt::theodosius_i,christian_nt::galla,2,Gratian (died young); John (died at birth),1,Galla Placidia,0,christian_nt,"David Woods, Theodosius I, De Imperatoribus Romanis, Family and Succession: https://www.roman-emperors.sites.luc.edu/theo1.htm","Corrected one son to two following Woods's explicit list: Gratian, Galla Placidia and John, who died with Galla at childbirth in 394. The inherited count omitted John. Retains the birth/death episode even though the child did not survive. An older reference leaves unresolved whether the final child was Gratian or a separate child; its merged-child possibility is retained as a conditional alternative.",couple,historical,,galla_smith_merged_child,1,Gratian (also the final childbirth death under this interpretation),1,Galla Placidia,0,"William Smith, Dictionary of Greek and Roman Biography and Mythology, Galla 2, vol. 2: https://www.perseus.tufts.edu/hopper/text?doc=Perseus%3Atext%3A1999.04.0104%3Aentry%3Dgalla-bio-2 ; page transcription: https://en.wikisource.org/wiki/Page:Dictionary_of_Greek_and_Roman_Biography_and_Mythology_(1870)_-_Volume_2.djvu/232","Conditional coding of one possibility explicitly left open by Smith: the child at Galla's fatal delivery is Gratian, rather than an additional third child. Smith does not resolve the question or affirm this as certain. The baseline follows Woods's separate Gratian and John; this alternative exposes the identity uncertainty without counting the two possibilities together."
Timothy's father and Eunice,unknown,Eunice,,christian_nt::eunice,1,Timothy,0,,0,christian_nt,Acts 16:1-3; 2 Timothy 1:5 (KJV): https://biblehub.com/kjv/acts/16.htm ; https://biblehub.com/kjv/2_timothy/1.htm,"Acts identifies Timothy as the son of a believing Jewish woman and a Greek father; 2 Timothy supplies his mother's name Eunice. Retains one son. His father remains unnamed, and Paul's address to Timothy as a son in the epistle is not an additional biological parent-child relationship.",spouse_unnamed,legendary,,,,,,,,,
Zebedee and Salome,Zebedee,Salome,christian_nt::zebedee,christian_nt::salome,2,"James, John",0,,0,christian_nt,Mark 3:17; 15:40; Matthew 27:55-56 (KJV): https://biblehub.com/kjv/mark/3.htm ; https://biblehub.com/kjv/mark/15.htm ; https://biblehub.com/kjv/matthew/27.htm,Mark identifies James as Zebedee's son and John as James's brother. Salome's maternity is the conventional identification of the woman named in Mark's crucifixion list with the unnamed mother of Zebedee's children in Matthew's parallel list. Retains two sons while making this cross-passage maternal inference explicit.,couple,legendary,,,,,,,,,
Zechariah and Elizabeth,Zechariah,Elizabeth,christian_nt::zechariah,christian_nt::elizabeth,1,John (the Baptist),0,,0,christian_nt,"Luke 1:5-13, 57-63 (KJV): https://biblehub.com/kjv/luke/1.htm","Luke identifies Elizabeth as Zechariah's wife, describes her delivery of a son and records both parents choosing the name John. Counts the same child as the prayer/birth-episode record; the two CSVs are separate units and should not be appended as distinct births.",couple,legendary,,,,,,,,,
Begil and wife (unnamed),Begil,unknown,dede_korkut::begil,,1,Emren,0,,0,dede_korkut,"The Book of Dede Korkut, Faruk Sumer, Ahmet E. Uysal and Warren S. Walker translation (1972), Legend IX, PDF pp. 157-160; compare Legend III note 25, PDF p. 207; page numbers refer to PDF pages (cover = 1): https://mughal-library.s3.me-central-1.amazonaws.com/Images/ebooks/pdfs/ebook_the_book_of_dede_korkut_BxknuEC.pdf","Counts named Emren only. Plural sons and daughters also occur; their unquantified, possibly formulaic wording is not encoded as zero actual offspring.",spouse_unnamed,legendary,,begil_literal_plural_minimum,2,Emren; at least one additional unnamed son,2,At least two unnamed daughters,0,"The Book of Dede Korkut, Faruk Sumer, Ahmet E. Uysal and Warren S. Walker translation (1972), Legend IX, PDF pp. 157-160; page numbers refer to PDF pages (cover = 1): https://mughal-library.s3.me-central-1.amazonaws.com/Images/ebooks/pdfs/ebook_the_book_of_dede_korkut_BxknuEC.pdf","Literal plural minimum, not an exact family size. Treats the household words as children; baseline uses the named-child scope."
Dirse Khan and wife,Dirse Khan,unknown,dede_korkut::dirse_khan,,1,Boghach (Bugach) Khan,0,,0,dede_korkut,"The Book of Dede Korkut, Faruk Sumer, Ahmet E. Uysal and Warren S. Walker translation (1972), Legend I, PDF pp. 30-34; page numbers refer to PDF pages (cover = 1): https://mughal-library.s3.me-central-1.amazonaws.com/Images/ebooks/pdfs/ebook_the_book_of_dede_korkut_BxknuEC.pdf",Birth and naming of Bugach confirmed; count unchanged.,couple,legendary,,,,,,,,,
Kam Bure and wife (unnamed),Kam Bure,unknown,dede_korkut::kam_bure,,1,Bamsi Beyrek,7,Seven unnamed sisters of Bamsi Beyrek,0,dede_korkut,"The Book of Dede Korkut, Faruk Sumer, Ahmet E. Uysal and Warren S. Walker translation (1972), Legend III, PDF pp. 60-61, 72 and 75; note 25, PDF p. 207; page numbers refer to PDF pages (cover = 1): https://mughal-library.s3.me-central-1.amazonaws.com/Images/ebooks/pdfs/ebook_the_book_of_dede_korkut_BxknuEC.pdf",Adds Beyrek's seven explicitly enumerated sisters. The editors caution against inferring additional sons from the formulaic mention of daughters-in-law.,spouse_unnamed,legendary,,,,,,,,,
Kanli Koja and wife (unnamed),Kanli Koja,unknown,dede_korkut::kanli_koja,,1,Kan Turali,0,,0,dede_korkut,"The Book of Dede Korkut, Faruk Sumer, Ahmet E. Uysal and Warren S. Walker translation (1972), Legend VI, PDF pp. 115 and 134; page numbers refer to PDF pages (cover = 1): https://mughal-library.s3.me-central-1.amazonaws.com/Images/ebooks/pdfs/ebook_the_book_of_dede_korkut_BxknuEC.pdf",Kan Turali confirmed as their only son; count unchanged.,spouse_unnamed,legendary,,,,,,,,,
Kazilik Koja and wife (unnamed),Kazilik Koja,unknown,dede_korkut::kazilik_koja,,1,Yigenek,0,,0,dede_korkut,"The Book of Dede Korkut, Faruk Sumer, Ahmet E. Uysal and Warren S. Walker translation (1972), Legend VII, PDF pp. 138 and 142; page numbers refer to PDF pages (cover = 1): https://mughal-library.s3.me-central-1.amazonaws.com/Images/ebooks/pdfs/ebook_the_book_of_dede_korkut_BxknuEC.pdf",Yigenek and both parents confirmed; count unchanged.,spouse_unnamed,legendary,,,,,,,,,
Salur Kazan and Burla Khatun,Salur Kazan,Burla Khatun,dede_korkut::salur_kazan,dede_korkut::burla_khatun,1,Uruz,0,,0,dede_korkut,"The Book of Dede Korkut, Faruk Sumer, Ahmet E. Uysal and Warren S. Walker translation (1972), Legend IV, PDF pp. 90 and 96-97; page numbers refer to PDF pages (cover = 1): https://mughal-library.s3.me-central-1.amazonaws.com/Images/ebooks/pdfs/ebook_the_book_of_dede_korkut_BxknuEC.pdf",Uruz confirmed as their son; count unchanged.,couple,legendary,,,,,,,,,
Ushun Koja and wife (unnamed),Ushun Koja,unknown,dede_korkut::ushun_koja,,2,"Seghrek, Egrek",1,Unnamed daughter,0,dede_korkut,"The Book of Dede Korkut, Faruk Sumer, Ahmet E. Uysal and Warren S. Walker translation (1972), Legend X, PDF pp. 166-168; compare Legend III note 25, PDF p. 207; page numbers refer to PDF pages (cover = 1): https://mughal-library.s3.me-central-1.amazonaws.com/Images/ebooks/pdfs/ebook_the_book_of_dede_korkut_BxknuEC.pdf","Adds the unnamed daughter mourning Eghrek. The alternative treats this household description as formulaic, applying the editors' caution from Legend III.",spouse_unnamed,legendary,,ushun_formulaic_daughter,2,"Seghrek, Egrek",0,,0,"The Book of Dede Korkut, Faruk Sumer, Ahmet E. Uysal and Warren S. Walker translation (1972), Legend X, PDF p. 167; Legend III note 25, PDF p. 207; page numbers refer to PDF pages (cover = 1): https://mughal-library.s3.me-central-1.amazonaws.com/Images/ebooks/pdfs/ebook_the_book_of_dede_korkut_BxknuEC.pdf","Retains only the two explicitly enumerated sons. Applying the formulaic-household reading here is a coding interpretation, not an explicit editorial verdict on Ushun."
Kashyapa (mind-born Manasa),Kashyapa,none,devi_bhagavata_purana::kashyapa,,0,,1,Manasa,0,devi_bhagavata_purana,"Devi Bhagavata Purana 9.47.38-58, Swami Vijnanananda translation (1921): https://www.wisdomlib.org/hinduism/book/devi-bhagavata-purana/d/doc57360.html",The passage explicitly calls Manasa Kashyapa's mind-born daughter and Shiva's disciple. No mother is assigned. Moves her from the unsupported Shiva-Parvati joint attribution. The linked Shiva-lotus alternative changes her origin without counting her under both fathers.,single_divine,mythological,,manasa_shiva_lotus,0,,0,,0,"Los Angeles County Museum of Art, The Serpent Goddess Manasa, accession M.83.1.2, Curatorial Notes (Shiva-lotus origin): https://collections.lacma.org/object/44889","LACMA describes Manasa arising from Shiva's seed through a lotus, with Chandi as her stepmother. This alternative moves her from Kashyapa's mind-born account to Shiva's other-origin group; it does not assign Parvati or Chandi as her birth mother. LACMA also reports a separate Kashyapa-Kadru account, not combined with this alternative."
Amun and Mut,Amun,Mut,egyptian::amun,egyptian::mut,1,Khonsu,0,,0,egyptian,"The Metropolitan Museum of Art, Khonsu, accession 89.2.525, curatorial description: https://www.metmuseum.org/art/collection/search/570650",The museum identifies Khonsu the Child as the son of Amun and Mut and explains the Theban triad. Replaces the broad temple reference with an inspectable object record. Count unchanged; this selected triad does not establish the absence of other offspring.,couple,mythological,,,,,,,,,
Atum (Re-Atum; self-generated offspring),Atum (Re-Atum),none,egyptian::atum,,1,Shu,1,Tefnut,0,egyptian,"Glencairn Museum, Ancient Egyptian Creation Myths: From Watery Chaos to Cosmic Egg (2021), Heliopolitan account: https://www.glencairnmuseum.org/newsletter/2021/7/13/ancient-egyptian-creation-myths-from-watery-chaos-to-cosmic-egg","Uses the creator's specific name in this Heliopolitan account, Atum or Re-Atum, replacing the generic inherited Ra label. Atum produces Shu (male) and Tefnut (female) from his own bodily fluids, without a consort. Counts unchanged; other creation accounts are not silently pooled.",single_divine,mythological,,,,,,,,,
Geb and Nut,Geb,Nut,egyptian::geb,egyptian::nut,2,Osiris; Set,2,Isis; Nephthys,0,egyptian,"Glencairn Museum, Ancient Egyptian Creation Myths: From Watery Chaos to Cosmic Egg (2021), Heliopolitan account: https://www.glencairnmuseum.org/newsletter/2021/7/13/ancient-egyptian-creation-myths-from-watery-chaos-to-cosmic-egg","The museum's Heliopolitan genealogy gives these four children to Geb and Nut. The inherited generic Plutarch citation does not describe this same parentage: section 12 distributes five births across three fathers. That account is retained separately in linked alternate columns, without merging its further womb-conception variant.",couple,mythological,,nut_plutarch_epagomenal,1,Set (Typhon),1,Nephthys,0,"Plutarch, Isis and Osiris, trans. Frank Cole Babbitt (1936), section 12, 355D-356A: https://penelope.uchicago.edu/Thayer/E/Roman/Texts/Plutarch/Moralia/Isis_and_Osiris*/A.html","Uses the five epagomenal births with the explicit three-father attribution in Plutarch 12: Osiris and Arueris from the Sun, Isis from Hermes, Typhon and Nephthys from Cronus. Rhea is Nut, Cronus is Geb, and Typhon is Set in the Egyptian naming used here. Linked rows replace the four-child genealogy together; each child is counted once. Does not combine the separate some-say account of Arueris conceived by Isis and Osiris in the womb."
Hermes and Nut (Rhea; Plutarch),Hermes,Nut (Rhea),egyptian::hermes_plutarch,egyptian::nut,0,,0,,0,egyptian,"Plutarch, Isis and Osiris, trans. Frank Cole Babbitt (1936), section 12, 355D-356A: https://penelope.uchicago.edu/Thayer/E/Roman/Texts/Plutarch/Moralia/Isis_and_Osiris*/A.html","Alternative-only record for Plutarch's five-birth account. Zero means this attribution is inactive in the baseline, not childlessness. Preserves Plutarch's paternal name rather than imposing a further identity merger.",couple,mythological,,nut_plutarch_epagomenal,0,,1,Isis,0,"Plutarch, Isis and Osiris, trans. Frank Cole Babbitt (1936), section 12, 355D-356A: https://penelope.uchicago.edu/Thayer/E/Roman/Texts/Plutarch/Moralia/Isis_and_Osiris*/A.html","Uses the five epagomenal births with the explicit three-father attribution in Plutarch 12: Osiris and Arueris from the Sun, Isis from Hermes, Typhon and Nephthys from Cronus. Rhea is Nut, Cronus is Geb, and Typhon is Set in the Egyptian naming used here. Linked rows replace the four-child genealogy together; each child is counted once. Does not combine the separate some-say account of Arueris conceived by Isis and Osiris in the womb."
Horus and Isis (four sons),Horus,Isis,egyptian::horus,egyptian::isis,4,Imseti; Hapi; Duamutef; Qebehsenuef,0,,0,egyptian,"Thomas George Allen, The Book of the Dead or Going Forth by Day (1974), SAOC 37, Spell 112 a S 2, p. 91: https://isac.uchicago.edu/publications/book-dead-or-going-forth-day-ideas-ancient-egyptians-concerning-hereafter-expressed","Corrects Hathor to Isis. Spell 112 explicitly identifies Horus as father and Isis as mother of the four named deities; the following request also calls them brothers. Retains the parentage statement without resolving every symbolic relationship in the passage. The source here says Horus without the Elder epithet, so no narrower identity is imposed. Counts unchanged; this is a selected four-son relationship, not an exhaustive account of Horus's offspring.",couple,mythological,,,,,,,,,
Osiris and Isis,Osiris,Isis,egyptian::osiris,egyptian::isis,1,Horus,0,,0,egyptian,"Glencairn Museum, Ancient Egyptian Creation Myths: From Watery Chaos to Cosmic Egg (2021), Heliopolitan account: https://www.glencairnmuseum.org/newsletter/2021/7/13/ancient-egyptian-creation-myths-from-watery-chaos-to-cosmic-egg ; The Metropolitan Museum of Art, Khonsu, accession 89.2.525: https://www.metmuseum.org/art/collection/search/570650",The museum accounts identify Horus the Child (Harpokrates) as son of Isis and Osiris. Counts unchanged. This selected younger-Horus record is distinct from Arueris (elder Horus) in the linked Plutarch alternative for Nut's children.,couple,mythological,,,,,,,,,
Osiris and Nephthys,Osiris,Nephthys,egyptian::osiris,egyptian::nephthys,1,Anubis,0,,0,egyptian,"Plutarch, Isis and Osiris, trans. Frank Cole Babbitt (1936), section 14: https://penelope.uchicago.edu/Thayer/E/Roman/Texts/Plutarch/Moralia/Isis_and_Osiris*/A.html","Corrects the inherited father Set to Osiris: the cited passage explicitly describes Osiris conceiving Anubis with Nephthys, who exposes the child in fear of Typhon (Set). Isis subsequently raises him. This is the birth-parent record, not the foster relationship. The inherited references did not substantiate Set as father; no unsupported alternative is retained. Count unchanged.",couple,mythological,,,,,,,,,
Ptah and Sekhmet,Ptah,Sekhmet,egyptian::ptah,egyptian::sekhmet,1,Nefertem,0,,0,egyptian,"The Walters Art Museum, Nefertem, accession 54.1972, curatorial description: https://art.thewalters.org/object/54.1972/",The museum explicitly identifies Nefertem as the son of Ptah and his wife Sakhmet (Sekhmet). Replaces broad monument references with a specific curatorial account of the Memphite triad. Count unchanged.,couple,mythological,,,,,,,,,
Shu and Tefnut,Shu,Tefnut,egyptian::shu,egyptian::tefnut,1,Geb,1,Nut,0,egyptian,"Glencairn Museum, Ancient Egyptian Creation Myths: From Watery Chaos to Cosmic Egg (2021), Heliopolitan account: https://www.glencairnmuseum.org/newsletter/2021/7/13/ancient-egyptian-creation-myths-from-watery-chaos-to-cosmic-egg",The Heliopolitan account explicitly identifies Geb as their son and Nut as his sister. Counts unchanged; the following generation belongs to Geb and Nut.,couple,mythological,,,,,,,,,
Sun and Nut (Rhea; Plutarch),Sun,Nut (Rhea),egyptian::sun_plutarch,egyptian::nut,0,,0,,0,egyptian,"Plutarch, Isis and Osiris, trans. Frank Cole Babbitt (1936), section 12, 355D-356A: https://penelope.uchicago.edu/Thayer/E/Roman/Texts/Plutarch/Moralia/Isis_and_Osiris*/A.html","Alternative-only record for Plutarch's five-birth account. Zero means this attribution is inactive in the baseline, not childlessness. Preserves Plutarch's paternal name rather than imposing a further identity merger.",couple,mythological,,nut_plutarch_epagomenal,2,Osiris; Arueris (elder Horus),0,,0,"Plutarch, Isis and Osiris, trans. Frank Cole Babbitt (1936), section 12, 355D-356A: https://penelope.uchicago.edu/Thayer/E/Roman/Texts/Plutarch/Moralia/Isis_and_Osiris*/A.html","Uses the five epagomenal births with the explicit three-father attribution in Plutarch 12: Osiris and Arueris from the Sun, Isis from Hermes, Typhon and Nephthys from Cronus. Rhea is Nut, Cronus is Geb, and Typhon is Set in the Egyptian naming used here. Linked rows replace the four-child genealogy together; each child is counted once. Does not combine the separate some-say account of Arueris conceived by Isis and Osiris in the womb."
Ji Chang (Fengshen Yanyi family account),Ji Chang,multiple,fengshen_yanyi::ji_chang,,100,Bo Yikao; Ji Fa (King Wu); 97 further birth sons; Lei Zhenzi (adopted),0,,0,fengshen_yanyi,"Fengshen Yanyi, chapter 10, departure from Xiqi and adoption at Yanshan: https://zh.wikisource.org/wiki/封神演義/卷010","Chapter 10 enumerates 99 birth sons across 24 consorts, then counts the foundling Lei Zhenzi as the hundredth son. Corrects the inherited 97-plus-two spelling-variants explanation and removes unsupported assignment of the whole group to Tai Si. This is a paternal family account including one adoption, not 100 biological births or a single mother's offspring. The two names Lei Zhenzi and Leizhenzi denote one child.",multi_wife_agg,legendary,,ji_chang_shiji_tai_si_ten,10,Bo Yikao; Ji Fa (King Wu); Guan Shu Xian; Zhou Gong Dan; Cai Shu Du; Cao Shu Zhenduo; Cheng Shu Wu; Huo Shu Chu; Kang Shu Feng; Ran Ji Zai,0,,0,"Sima Qian, Shiji, chapter 35 (Guan-Cai hereditary houses), opening genealogy: https://zh.wikisource.org/wiki/史記/卷035","This source explicitly enumerates ten full brothers born to Tai Si, Wen's principal consort. Replaces the novel's whole-family enumeration with this source's named maternal subset; it does not assert that Wen had only ten sons overall. No adoption is included. This alternative changes source and coverage, not merely the spelling or estimated total."
King Zhou and Queen Jiang,King Zhou,Queen Jiang,fengshen_yanyi::king_zhou,fengshen_yanyi::queen_jiang,2,"Yin Jiao, Yin Hong",0,,0,fengshen_yanyi,"Fengshen Yanyi, chapters 7-8, especially chapter 8 opening scene: https://zh.wikisource.org/wiki/封神演義/卷007 ; https://zh.wikisource.org/wiki/封神演義/卷008",Corrects the mother from Daji to Queen Jiang. Chapter 7 identifies Jiang as Zhou's principal wife; chapter 8 identifies the two princes as brothers and narrates their response to their mother Jiang's death. No additional offspring are inferred from the later queen Daji.,couple,legendary,,,,,,,,,
Li Jing and Lady Yin,Li Jing,Lady Yin,fengshen_yanyi::li_jing,fengshen_yanyi::lady_yin,3,"Jinzha, Muzha, Nezha",0,,0,fengshen_yanyi,"Fengshen Yanyi, chapter 12, opening births and Taiyi's naming of Nezha: https://zh.wikisource.org/wiki/封神演義/卷012","The opening names Jinzha and Muzha as Lady Yin's sons, then narrates Nezha's birth; Li Jing explicitly enumerates all three. Counts unchanged.",couple,legendary,,,,,,,,,
Aphrodite and Ares,Aphrodite,Ares,greek::aphrodite,greek::ares,3,"Eros, Phobos, Deimos",1,Harmonia,0,greek,"Hesiod, Theogony 933-937 (H. G. Evelyn-White translation); https://www.theoi.com/Text/HesiodTheogony.html; scholium on Apollonius Rhodius, citing Simonides (Campbell, Greek Lyric III, excerpt under Ibycus fr. 324); https://www.theoi.com/Ouranios/Eros.html","Combines the two sons and Harmonia in Hesiod with the scholium assigning Eros to Aphrodite and Ares. The three-son count is a stated combination, not Hesiod's enumeration.",couple,mythological,love_war,aphrodite_hesiod_two,2,Phobos; Deimos,1,Harmonia,0,"Hesiod, Theogony 933-937 (H. G. Evelyn-White translation); https://www.theoi.com/Text/HesiodTheogony.html",Counts only the children in Hesiod's enumeration of this union. Eros has a different origin earlier in the Theogony; no Eros from later accounts is added.
Apollo and Coronis,Apollo,Coronis,greek::apollo,greek::coronis,1,Asclepius,0,,0,greek,"Apollodorus, Library 3.10.3 (J. G. Frazer translation); https://www.theoi.com/Text/Apollodorus3.html","Uses the Coronis account explicitly reported here. The same passage also reports Arsinoe as mother; these are alternative maternal attributions of Asclepius, not two children.",couple,mythological,,,,,,,,,
Atlas and Pleione,Atlas,Pleione,greek::atlas,greek::pleione,1,Hyas,12,"12 daughters: five Hyades (Phaesyla, Ambrosia, Coronis, Eudora, Polyxo) and seven Pleiades",0,greek,"Hyginus, Fabulae 192 and 248 (Mary Grant translation, excerpts); https://www.theoi.com/Titan/TitanAtlas.html","Fabula 192 enumerates twelve daughters and Hyas, with Pleione or an Oceanid as mother; 248 explicitly names Pleione as Hyas' mother. Added the five Hyades omitted from the earlier mixed list. The seven-Pleiad enumeration is retained separately.",couple,mythological,,atlas_apollodorus_pleiades,0,,7,Alcyone; Merope; Celaeno; Electra; Sterope; Taygete; Maia,0,"Apollodorus, Library 3.10.1 (J. G. Frazer translation); https://www.theoi.com/Text/Apollodorus3.html","Counts the seven named daughters in this passage. Hyas and the Hyades are not enumerated here; zero sons means none counted from this passage, not an explicit denial of sons."
Cronus and Rhea,Cronus,Rhea,greek::cronus,greek::rhea,3,"Zeus, Poseidon, Hades",3,"Hera, Demeter, Hestia",0,greek,"Hesiod, Theogony 453-491 (H. G. Evelyn-White translation); https://www.theoi.com/Text/HesiodTheogony.html","Six children enumerated, three of each sex. CROSS-TRADITION: Roman parallel Saturn and Ops is separately recorded.",couple,mythological,titan_parents,,,,,,,,
Dionysus and Aphrodite,Dionysus,Aphrodite,greek::dionysus,greek::aphrodite,1,Priapus,0,,0,greek,"Diodorus Siculus, Library of History 4.6.1 (C. H. Oldfather translation); https://www.theoi.com/Text/DiodorusSiculus4A.html","Priapus is explicitly their son in this account. Replaced the incorrect Pausanias 9.31.2 citation, which concerns Telephus, and removed the unsupported Aura attribution.",couple,mythological,,,,,,,,,
Hephaestus and Aglaia,Hephaestus,Aglaia,greek::hephaestus,greek::aglaia,0,,4,Eucleia; Euthenia; Eupheme; Philophrosyne,0,greek,"Proclus, Commentary on Plato's Timaeus 29a (Diehl I.333.2), Orphic fragment 182 Kern, Greek text and translation; https://www.hellenicgods.org/orphic-fragment-182---otto-kern","Four female personifications enumerated in Proclus; replaced the unsupported daughter Thalia. In Hesiod Theogony 907-911, Thalia is Aglaia's fellow Grace and daughter of Zeus and Eurynome, not her daughter.",couple,mythological,,,,,,,,,
Hera (parthenogenesis),none,Hera,,greek::hera,1,Hephaestus,0,,0,greek,"Hesiod, Theogony 924-929 (H. G. Evelyn-White translation); https://www.theoi.com/Text/HesiodTheogony.html",Hephaestus is born without union with Zeus in this account. He is therefore not added to the separate Zeus-Hera row; other parentage traditions are not combined here.,single_divine,mythological,hera_hephaestus,,,,,,,,
Heracles and Auge,Heracles,Auge,greek::heracles,greek::auge,1,Telephus,0,,0,greek,Apollodorus 2.7.8; https://www.theoi.com/Text/Apollodorus2.html,"Telephus is explicitly assigned to Auge, not Deianeira.",couple,mythological,,,,,,,,,
Heracles and Deianeira,Heracles,Deianeira,greek::heracles,greek::deianeira,4,"Hyllus, Ctesippus, Glenus, Onites",0,,0,greek,Apollodorus 2.7.8; https://www.theoi.com/Text/Apollodorus2.html,Source-specific list of four sons by Deianeira; Telephus is assigned to Auge.,couple,mythological,,,,,,,,,
Hermes and Aphrodite,Hermes,Aphrodite,greek::hermes,greek::aphrodite,1,Hermaphroditus,0,,0,greek,"Ovid, Metamorphoses 4.285-388 (Brookes More translation); https://www.theoi.com/Text/OvidMetamorphoses4.html; Diodorus Siculus 4.6.5; https://www.theoi.com/Text/DiodorusSiculus4A.html","Counts Hermaphroditus as the infant son in Ovid before the later fusion with Salmacis. Diodorus instead describes a body combining male and female characteristics from birth. The male entry follows Ovid's birth narrative, not a uniform description across accounts or across the character's life.",couple,mythological,,,,,,,,,
Hermes and daughter of Dryops (unnamed),Hermes,unknown,greek::hermes,greek::hermes__daughter_of_dryops_unnamed,1,Pan,0,,0,greek,"Homeric Hymn 19 to Pan, 27-47 (H. G. Evelyn-White translation); https://www.theoi.com/Text/HomericHymns3.html",The hymn names the mother only as Dryops' daughter; removed Dryope as an unsupported personal name. Pan is the one child counted from this account.,spouse_unnamed,mythological,,,,,,,,,
Jason and Medea,Jason,Medea,greek::jason,greek::medea,1,Medeus,0,,0,greek,"Hesiod, Theogony 993-1002 (H. G. Evelyn-White translation); https://www.theoi.com/Text/HesiodTheogony.html",Uses Hesiod's named son Medeus. Corrected the reference: Apollodorus 1.9.28 assigns Medus to Aegeus and gives Jason a different pair of sons. Removed Thessalus as an unsupported interchangeable name; those accounts are not pooled.,couple,legendary,,jason_apollodorus_two,2,Mermerus; Pheres,0,,0,"Apollodorus, Library 1.9.28 (J. G. Frazer translation); https://www.theoi.com/Text/Apollodorus1.html","Two children of Jason and Medea in the Corinthian account. Medus belongs to Aegeus in this passage; he is not added to Jason's count. Replaces, rather than supplements, the Hesiod list."
Orpheus and mother (unnamed),Orpheus,unknown,greek::orpheus,greek::orpheus__mother_unnamed,1,Musaeus,0,,0,greek,"Diodorus Siculus, Library of History 4.25.1 (C. H. Oldfather translation); https://www.theoi.com/Text/DiodorusSiculus4B.html",Diodorus explicitly calls Musaeus the son of Orpheus but does not identify his mother. Removed the unverified assignment to Eurydice; the father-son relation and count are retained.,spouse_unnamed,legendary,,,,,,,,,
Paris and Helen,Paris,Helen,greek::paris,greek::helen,0,,1,Helen,0,greek,"Ptolemy Hephaestion, New History book 4, summarized by Photius, Bibliotheca codex 190 (Roger Pearse working translation); https://www.ccel.org/ccel/pearse/morefathers/files/photius_copyright/photius_05bibliotheca.htm","The daughter is named Helen in this account; replaced the incorrect Apollodorus citation and unverified Stesichorus attribution. Counts this reported daughter only, not a complete family total. Photius criticizes the mythographer's reliability; this is evidence of a reported story, not historical parentage. Dictys gives a different child list, retained separately.",couple,legendary,,paris_dictys_three,3,Bunomus; Corythus; Idaeus,0,,0,Dictys Cretensis 5.5 (R. M. Frazer translation); https://www.theoi.com/Text/DictysCretensis5.html,Counts the three sons explicitly assigned to Helen and Alexander/Paris in this episode. No daughter is enumerated here; zero means none counted from this passage. Replaces the Ptolemy/Photius account rather than pooling the two lists.
Perseus and Andromeda,Perseus,Andromeda,greek::perseus,greek::andromeda,6,"Perses, Alcaeus, Sthenelus, Heleus, Mestor, Electryon",1,Gorgophone,0,greek,Apollodorus 2.4.5; https://www.theoi.com/Text/Apollodorus2.html,Apollodorus 2.4.5 enumerates six sons and one daughter.,couple,legendary,,,,,,,,,
Poseidon and Amphitrite,Poseidon,Amphitrite,greek::poseidon,greek::amphitrite,1,Triton,0,,0,greek,"Hesiod, Theogony 930-933 (H. G. Evelyn-White translation); https://www.theoi.com/Text/HesiodTheogony.html","Triton is the child enumerated here. CROSS-TRADITION: Roman parallel Neptune is separately recorded. An Apollodorus account also names a daughter, retained in alternate columns.",couple,mythological,sea_god,poseidon_apollodorus_rhode,1,Triton,1,Rhode,0,"Apollodorus, Library 1.4.5 (J. G. Frazer translation); https://www.theoi.com/Text/Apollodorus1.html",This passage explicitly names both Triton and Rhode as children of Poseidon and Amphitrite; replaces the shorter Hesiod enumeration.
Prometheus and Pronoia,Prometheus,Pronoia,greek::prometheus,greek::pronoia,1,Deucalion,0,,0,greek,"Hesiod, Catalogue of Women fr. 1 in H. G. Evelyn-White's numbering (scholium on Apollonius Rhodius 3.1086); https://www.theoi.com/Text/HesiodCatalogues.html","This fragment explicitly assigns Deucalion to Prometheus and Pronoea (Pronoia). Removed Lycus, whom neither this fragment nor Apollodorus 1.7.2 assigns to Pronoia. Reports of Lycus by a different mother are not allocated to this row.",couple,mythological,,,,,,,,,
Styx and Pallas,Pallas,Styx,greek::pallas,greek::styx,2,"Zelus, Kratos",2,"Nike, Bia",0,greek,"Hesiod, Theogony 383-385 (H. G. Evelyn-White translation); https://www.theoi.com/Text/HesiodTheogony.html","Four children enumerated: Zelus and Kratos counted as sons, Nike and Bia as daughters.",couple,mythological,,,,,,,,,
Theseus and Hippolyta,Theseus,Hippolyta,greek::theseus,greek::hippolyta,1,Hippolytus,0,,0,greek,"Apollodorus, Library Epitome 1.16-18; 5.2 (J. G. Frazer translation); https://www.theoi.com/Text/ApollodorusE.html","Hippolytus is the one son counted. Epitome 1.16 reports Antiope, Melanippe and Simonides' Hippolyte as alternative names/accounts of the Amazon; 5.2 explicitly names Hippolyte. These are not counted as separate mothers and children.",couple,legendary,,,,,,,,,
Zeus and Alcmene,Zeus,Alcmene,greek::zeus,greek::alcmene,1,Heracles,0,,0,greek,"Hesiod, Theogony 943-944 (H. G. Evelyn-White translation); https://www.theoi.com/Text/HesiodTheogony.html",Heracles explicitly assigned to this union; replaced the misplaced Apollodorus 2.4.5 citation.,couple,mythological,,,,,,,,,
Zeus and Danae,Zeus,Danae,greek::zeus,greek::danae,1,Perseus,0,,0,greek,"Apollodorus, Library 2.4.1 (J. G. Frazer translation); https://www.theoi.com/Text/Apollodorus2.html",Uses the Zeus account explicitly reported here; the same passage reports Proetus as an alternative father. Perseus is counted once.,couple,mythological,,,,,,,,,
Zeus and Demeter,Zeus,Demeter,greek::zeus,greek::demeter,0,,1,Persephone,0,greek,"Hesiod, Theogony 912-914 (H. G. Evelyn-White translation); https://www.theoi.com/Text/HesiodTheogony.html",Persephone explicitly assigned to this union.,couple,mythological,sky_harvest,,,,,,,,
Zeus and Hera,Zeus,Hera,greek::zeus,greek::hera,1,Ares,2,"Hebe, Eileithyia",0,greek,"Hesiod, Theogony 921-929 (H. G. Evelyn-White translation); https://www.theoi.com/Text/HesiodTheogony.html",Three children of the union enumerated. Hephaestus is assigned to Hera without Zeus in the following passage and is counted in the separate Hera row.,couple,mythological,sky_king_queen,,,,,,,,
Zeus and Leto,Zeus,Leto,greek::zeus,greek::leto,1,Apollo,1,Artemis,0,greek,"Hesiod, Theogony 918-920 (H. G. Evelyn-White translation); https://www.theoi.com/Text/HesiodTheogony.html",Apollo and Artemis explicitly assigned to this union.,couple,mythological,sky_titan_twins,,,,,,,,
Zeus and Maia,Zeus,Maia,greek::zeus,greek::maia,1,Hermes,0,,0,greek,"Hesiod, Theogony 938-939 (H. G. Evelyn-White translation); https://www.theoi.com/Text/HesiodTheogony.html",Hermes explicitly assigned to this union.,couple,mythological,sky_maia_messenger,,,,,,,,
Zeus and Persephone,Zeus,Persephone,greek::zeus,greek::persephone,0,,1,Melinoe,0,greek,"Orphic Hymn to Melinoe, 70 in Thomas Taylor's numbering (usually 71); https://www.theoi.com/Text/OrphicHymns2.html",Corrected the father: Taylor's translation describes Zeus taking Pluto's semblance. Counts Melinoe in that hymn only. The linked Roman-labelled record now uses Jupiter and Proserpina and is explicitly a Latinized rendering of the same Greek hymn.,couple,mythological,zeus_persephone_melinoe,,,,,,,,
Zeus and Semele,Zeus,Semele,greek::zeus,greek::semele,1,Dionysus,0,,0,greek,"Hesiod, Theogony 940-942 (H. G. Evelyn-White translation); https://www.theoi.com/Text/HesiodTheogony.html",Dionysus explicitly assigned to this union.,couple,mythological,,,,,,,,,
Aaron and Elisheba,Aaron,Elisheba,hebrew_bible::aaron,hebrew_bible::elisheba,4,"Nadab, Abihu, Eleazar, Ithamar",0,,0,hebrew_bible,Exodus 6:23 (KJV): https://biblehub.com/kjv/exodus/6.htm,The verse identifies Elisheba as Aaron's wife and names all four sons in the record; count unchanged.,couple,legendary,,,,,,,,,
Abdon and wife (unnamed),Abdon,unknown,hebrew_bible::abdon,,40,40 sons (unnamed),0,,0,hebrew_bible,Judges 12:13-14 (KJV): https://biblehub.com/kjv/judges/12.htm,"Retains forty direct sons. The separate group of thirty, called nephews in this KJV text, is not added to the son count. The mother or mothers are not identified.",spouse_unnamed,legendary,,,,,,,,,
Abraham and Hagar,Abraham,Hagar,hebrew_bible::abraham,hebrew_bible::hagar,1,Ishmael,0,,0,hebrew_bible,"Genesis 16:3,15 (KJV): https://biblehub.com/kjv/genesis/16.htm","The birth narrative explicitly identifies Ishmael and both parents. Hagar is Sarai's handmaid, given to Abram as wife in verse 3; this record preserves that textual relationship.",couple,legendary,abraham,,,,,,,,
Abraham and Keturah,Abraham,Keturah,hebrew_bible::abraham,hebrew_bible::keturah,6,"Zimran, Jokshan, Medan, Midian, Ishbak, Shuah",0,,0,hebrew_bible,Genesis 25:1-4 (KJV): https://biblehub.com/kjv/genesis/25.htm,Counts the six sons born to Keturah in verse 2. Grandsons and later descendants listed in verses 3-4 are not additional direct sons.,couple,legendary,abraham,,,,,,,,
Abraham and Sarah,Abraham,Sarah,hebrew_bible::abraham,hebrew_bible::sarah,1,Isaac,0,,0,hebrew_bible,Genesis 21:1-3 (KJV): https://biblehub.com/kjv/genesis/21.htm,The birth and naming narrative explicitly assigns Isaac to Abraham and Sarah.,couple,legendary,abraham,,,,,,,,
Adam and Eve,Adam,Eve,hebrew_bible::adam,hebrew_bible::eve,3,"Cain, Abel, Seth",0,,0,hebrew_bible,"Genesis 4:1-2, 25; Genesis 5:4 (KJV); https://biblehub.com/kjv/genesis/5.htm",Counts only the named children. Genesis 5:4 also mentions sons and daughters without enumerating them. These additional children are unquantified; zero daughters is not a statement of absence.,couple,legendary,,,,,,,,,
Ahab and Jezebel,Ahab,Jezebel,hebrew_bible::ahab,hebrew_bible::jezebel,2,"Ahaziah, Jehoram",1,Athaliah,0,hebrew_bible,"1 Kings 22:51-52 (KJV): https://biblehub.com/kjv/1_kings/22.htm ; 2 Kings 8:18,25-26 (KJV): https://biblehub.com/kjv/2_kings/8.htm ; 2 Kings 9:22 (KJV): https://biblehub.com/kjv/2_kings/9.htm ; 2 Kings 10:1-7 (KJV): https://biblehub.com/kjv/2_kings/10.htm","Counts the two named royal sons and Athaliah under the reading that identifies Jehoram of Judah's wife, Ahab's daughter in 8:18, with Athaliah in 8:26, where she is called Omri's daughter (read as granddaughter). Jezebel is explicitly Joram's mother in 9:22; the combined household label does not establish her maternity for Athaliah. The seventy sons in the separate Samaria episode are not a named maternal roster and are not assigned to Jezebel or added to this selected list. This row is not Ahab's complete family total.",couple,legendary,,,,,,,,,
Amon and Jedidah,Amon,Jedidah,hebrew_bible::amon,hebrew_bible::jedidah,1,Josiah,0,,0,hebrew_bible,2 Kings 21:26 (KJV): https://biblehub.com/kjv/2_kings/21.htm ; 2 Kings 22:1 (KJV): https://biblehub.com/kjv/2_kings/22.htm,The succession and accession passages explicitly identify Josiah's father Amon and mother Jedidah.,couple,legendary,,,,,,,,,
Amram and Jochebed,Amram,Jochebed,hebrew_bible::amram,hebrew_bible::jochebed,2,"Moses, Aaron",1,Miriam,0,hebrew_bible,Exodus 6:20 (KJV): https://biblehub.com/kjv/exodus/6.htm ; Numbers 26:59 (KJV): https://biblehub.com/kjv/numbers/26.htm,Exodus names Aaron and Moses; Numbers explicitly identifies Miriam as their sister and assigns all three to Jochebed and Amram. Counts unchanged.,couple,legendary,amram_moses,,,,,,,,
Asher and wife (unnamed),Asher,unknown,hebrew_bible::asher,,4,"Imnah, Ishvah, Ishvi, Beriah",1,Serah,0,hebrew_bible,Genesis 46:17 (KJV): https://biblehub.com/kjv/genesis/46.htm,Counts the named children at the first genealogical level in this passage. The mother or mothers are not jointly identified; the wife placeholder does not establish one shared mother. Includes Serah as the named sister; Heber and Malchiel are sons of Beriah and are not added as Asher's direct sons. The shorter Numbers clan roster is an alternative.,spouse_unnamed,legendary,,asher_numbers_clans,3,Jimna; Jesui; Beriah,1,Sarah (Serah),0,Numbers 26:44-47 (KJV): https://biblehub.com/kjv/numbers/26.htm,Uses the first-level sons named in the Numbers clan census rather than the Genesis migration genealogy. This difference in enumeration does not assert that omitted children were never born. Does not count grandchildren as direct sons or add the two lists together; mothers are not identified.
Benjamin and wife (unnamed),Benjamin,unknown,hebrew_bible::benjamin,,10,"Bela, Becher, Ashbel, Gera, Naaman, Ehi, Rosh, Muppim, Huppim, Ard",0,,0,hebrew_bible,Genesis 46:21 (KJV): https://biblehub.com/kjv/genesis/46.htm,"Counts the named children at the first genealogical level in this passage. The mother or mothers are not jointly identified; the wife placeholder does not establish one shared mother. Genesis lists ten sons here; Numbers places Ard and Naaman under Bela and supplies a different first-level roster, retained as an alternative.",spouse_unnamed,legendary,,benjamin_numbers_clans,5,Bela; Ashbel; Ahiram; Shupham; Hupham,0,,0,Numbers 26:38-41 (KJV): https://biblehub.com/kjv/numbers/26.htm,Uses the first-level sons named in the Numbers clan census rather than the Genesis migration genealogy. This difference in enumeration does not assert that omitted children were never born. Does not count grandchildren as direct sons or add the two lists together; mothers are not identified.
Boaz and Ruth,Boaz,Ruth,hebrew_bible::boaz,hebrew_bible::ruth,1,Obed,0,,0,hebrew_bible,Ruth 4:13-17 (KJV): https://biblehub.com/kjv/ruth/4.htm,Counts Obed from the birth and naming narrative. Naomi becomes his nurse; the neighbors' description of a son for Naomi does not create a second birth in this dataset.,couple,legendary,,,,,,,,,
Caleb son of Jephunneh (mothers unassigned),Caleb,multiple,hebrew_bible::caleb,,3,Iru; Elah; Naam,1,Achsah,0,hebrew_bible,Joshua 15:13-19 (KJV): https://biblehub.com/kjv/joshua/15.htm ; 1 Chronicles 4:15 (KJV): https://biblehub.com/kjv/1_chronicles/4.htm,"Adds Iru, Elah and Naam, explicitly listed as sons of Caleb son of Jephunneh. The patronymic matches the father of Achsah in Joshua. Kenaz is Elah's son and is not added as another son of Caleb. Mothers are not identified or assumed to be shared.",multi_wife_agg,legendary,,,,,,,,,
Dan and wife (unnamed),Dan,unknown,hebrew_bible::dan,,1,Hushim,0,,0,hebrew_bible,Genesis 46:23 (KJV): https://biblehub.com/kjv/genesis/46.htm,Counts the named children at the first genealogical level in this passage. The mother or mothers are not jointly identified; the wife placeholder does not establish one shared mother.,spouse_unnamed,legendary,,,,,,,,,
David (other wives in Jerusalem),David,multiple,hebrew_bible::david,,9,"Ibhar, Elishama, Eliphelet, Nogah, Nepheg, Japhia, Elishama, Eliada, Eliphelet",0,,0,hebrew_bible,1 Chronicles 3:5-9 (KJV): https://biblehub.com/kjv/1_chronicles/3.htm,"Counts the nine entries explicitly totaled in verses 6-8, even though Elishama and Eliphelet each occur twice in this KJV list. Excludes the four sons assigned to Bathsheba and the separately recorded Hebron sons. The passage also acknowledges unenumerated concubines' sons; this is not an exhaustive family total. The shorter Samuel roster is retained as an alternative.",multi_wife_agg,legendary,david,david_samuel_jerusalem,7,Ibhar; Elishua; Nepheg; Japhia; Elishama; Eliada; Eliphalet,0,,0,2 Samuel 5:13-16 (KJV): https://biblehub.com/kjv/2_samuel/5.htm,"Counts the seven Jerusalem names after the four sons already assigned to Bathsheba, rather than the nine in Chronicles 3:6-8. Does not deduplicate the Chronicles list merely because two names repeat. Verse 13 also mentions daughters without enumerating them; zero here does not assert their absence."
David and Abigail,David,Abigail,hebrew_bible::david,hebrew_bible::abigail,1,Daniel (Kileab),0,,0,hebrew_bible,1 Chronicles 3:1 (KJV): https://biblehub.com/kjv/1_chronicles/3.htm ; 2 Samuel 3:3 (KJV): https://biblehub.com/kjv/2_samuel/3.htm,Retains one son by treating Daniel in Chronicles and Chileab (Kileab) in Samuel as the same second son of David and Abigail. Both occupy the same genealogical position; they are not added as separate children.,couple,legendary,david,,,,,,,,
David and Abital,David,Abital,hebrew_bible::david,hebrew_bible::abital,1,Shephatiah,0,,0,hebrew_bible,1 Chronicles 3:3 (KJV): https://biblehub.com/kjv/1_chronicles/3.htm,The named son and mother are explicitly paired in the Hebron genealogy; count unchanged.,couple,legendary,david,,,,,,,,
David and Ahinoam,David,Ahinoam,hebrew_bible::david,hebrew_bible::ahinoam,1,Amnon,0,,0,hebrew_bible,1 Chronicles 3:1 (KJV): https://biblehub.com/kjv/1_chronicles/3.htm,The named son and mother are explicitly paired in the Hebron genealogy; count unchanged.,couple,legendary,david,,,,,,,,
David and Bathsheba,David,Bathsheba,hebrew_bible::david,hebrew_bible::bathsheba,5,"unnamed infant; Shimea (Shammua), Shobab, Nathan, Solomon",0,,0,hebrew_bible,2 Samuel 12:14-24; 1 Chronicles 3:5 (KJV); https://biblehub.com/kjv/2_samuel/12.htm; https://biblehub.com/kjv/1_chronicles/3.htm,Counts the infant who died in 2 Samuel 12 plus the four named sons of Bathshua/Bathsheba in 1 Chronicles 3:5. This combines the birth narrative and genealogy; the named-genealogy alternative excludes the infant.,couple,legendary,david,,,,,,,,
David and Eglah,David,Eglah,hebrew_bible::david,hebrew_bible::eglah,1,Ithream,0,,0,hebrew_bible,1 Chronicles 3:3 (KJV): https://biblehub.com/kjv/1_chronicles/3.htm,The named son and mother are explicitly paired in the Hebron genealogy; count unchanged.,couple,legendary,david,,,,,,,,
David and Haggith,David,Haggith,hebrew_bible::david,hebrew_bible::haggith,1,Adonijah,0,,0,hebrew_bible,1 Chronicles 3:2 (KJV): https://biblehub.com/kjv/1_chronicles/3.htm,The named son and mother are explicitly paired in the Hebron genealogy; count unchanged.,couple,legendary,david,,,,,,,,
David and Maacah,David,Maacah,hebrew_bible::david,hebrew_bible::maacah,1,Absalom,1,Tamar,0,hebrew_bible,"1 Chronicles 3:2,9 (KJV): https://biblehub.com/kjv/1_chronicles/3.htm ; 2 Samuel 13:1,4,20 (KJV): https://biblehub.com/kjv/2_samuel/13.htm",Absalom's mother Maacah is explicit. Tamar is identified as David's daughter and Absalom's sister; assigning her to Maacah follows the full-sibling reading of that relationship. The cited passage does not separately name Tamar's mother.,couple,legendary,david,,,,,,,,
Eleazar and wife (unnamed),Eleazar,unknown,hebrew_bible::eleazar,,1,Phinehas,0,,0,hebrew_bible,Exodus 6:25 (KJV): https://biblehub.com/kjv/exodus/6.htm,"Phinehas is born to Eleazar and one of Putiel's daughters, whose personal name is not given. Count unchanged.",spouse_unnamed,legendary,,,,,,,,,
Eli and wife (unnamed),Eli,unknown,hebrew_bible::eli,,2,"Hophni, Phinehas",0,,0,hebrew_bible,1 Samuel 1:3 (KJV): https://biblehub.com/kjv/1_samuel/1.htm,The verse explicitly calls Hophni and Phinehas Eli's two sons. No mother is identified.,spouse_unnamed,legendary,,,,,,,,,
Elimelech and Naomi,Elimelech,Naomi,hebrew_bible::elimelech,hebrew_bible::naomi,2,"Mahlon, Chilion",0,,0,hebrew_bible,Ruth 1:1-5 (KJV): https://biblehub.com/kjv/ruth/1.htm,"The household narrative identifies Mahlon and Chilion as their two sons. Ruth and Orpah are daughters-in-law, not daughters counted in this row.",couple,legendary,,,,,,,,,
Elkanah and Hannah,Elkanah,Hannah,hebrew_bible::elkanah,hebrew_bible::hannah,4,Samuel; three additional unnamed sons,2,two unnamed daughters,0,hebrew_bible,1 Samuel 1:19-20; 2:20-21; https://biblehub.com/kjv/1_samuel/2.htm,Count includes Samuel and the five later children in 1 Samuel 2:21.,couple,legendary,,,,,,,,,
Enoch and wife (unnamed),Enoch,unknown,hebrew_bible::enoch,,1,Methuselah,0,,0,hebrew_bible,Genesis 5:21-24; Genesis 5:22 (KJV); https://biblehub.com/kjv/genesis/5.htm,Counts only the named children. Genesis 5:22 also mentions sons and daughters without enumerating them. These additional children are unquantified; zero daughters is not a statement of absence.,spouse_unnamed,legendary,,,,,,,,,
Esau and Adah bint Elon,Esau,Adah bint Elon,hebrew_bible::esau,hebrew_bible::adah_bint_elon,1,Eliphaz,0,,0,hebrew_bible,"Genesis 36:2,4,6,10 (KJV): https://biblehub.com/kjv/genesis/36.htm","Counts only the direct sons explicitly assigned to this mother in Genesis 36; later descendants in the chapter are not added. Verse 6 also mentions Esau's daughters without names, numbers, or maternal allocation. Zero daughters here does not assert that Esau had none.",couple,legendary,,,,,,,,,
Esau and Basemath bint Ishmael,Esau,Basemath bint Ishmael,hebrew_bible::esau,hebrew_bible::basemath_bint_ishmael,1,Reuel,0,,0,hebrew_bible,"Genesis 36:3-4,6,13 (KJV): https://biblehub.com/kjv/genesis/36.htm ; Genesis 28:9 (KJV): https://biblehub.com/kjv/genesis/28.htm","Counts only the direct sons explicitly assigned to this mother in Genesis 36; later descendants in the chapter are not added. Verse 6 also mentions Esau's daughters without names, numbers, or maternal allocation. Zero daughters here does not assert that Esau had none. Genesis 28 calls the daughter of Ishmael married to Esau Mahalath, while chapter 36 calls her Basemath. Treating these as names for one woman is a harmonization, not an explicit alias statement in either passage.",couple,legendary,,,,,,,,,
Esau and Oholibamah,Esau,Oholibamah,hebrew_bible::esau,hebrew_bible::oholibamah,3,"Jeush, Jalam, Korah",0,,0,hebrew_bible,"Genesis 36:2,5-6,14 (KJV): https://biblehub.com/kjv/genesis/36.htm","Counts only the direct sons explicitly assigned to this mother in Genesis 36; later descendants in the chapter are not added. Verse 6 also mentions Esau's daughters without names, numbers, or maternal allocation. Zero daughters here does not assert that Esau had none.",couple,legendary,,,,,,,,,
Gad and wife (unnamed),Gad,unknown,hebrew_bible::gad,,7,"Ziphion, Haggi, Shuni, Ezbon, Eri, Arodi, Areli",0,,0,hebrew_bible,Genesis 46:16 (KJV): https://biblehub.com/kjv/genesis/46.htm,Counts the named children at the first genealogical level in this passage. The mother or mothers are not jointly identified; the wife placeholder does not establish one shared mother.,spouse_unnamed,legendary,,,,,,,,,
Gideon (many wives),Gideon,multiple,hebrew_bible::gideon,,70,70 sons of the wives (including Jether; others not enumerated here),0,,0,hebrew_bible,"Judges 8:20,30-31 (KJV); https://biblehub.com/kjv/judges/8.htm",Verse 30 enumerates 70 sons in connection with the many wives. Verse 31 separately identifies Abimelech through the concubine at Shechem; he is counted in his own row. Jether is named as the firstborn in verse 20.,multi_wife_agg,legendary,,,,,,,,,
Gideon and concubine at Shechem (unnamed),Gideon,unknown,hebrew_bible::gideon,,1,Abimelech,0,,0,hebrew_bible,"Judges 8:20,30-31 (KJV); https://biblehub.com/kjv/judges/8.htm",Judges 8:31 identifies Abimelech through the concubine at Shechem. Counted separately from the 70 sons attributed to the wives in verse 30.,spouse_unnamed,legendary,,,,,,,,,
Ham and wife (unnamed),Ham,unknown,hebrew_bible::ham,,4,"Cush, Mizraim, Put, Canaan",0,,0,hebrew_bible,Genesis 10:6 (KJV): https://biblehub.com/kjv/genesis/10.htm,Counts only the named first-generation sons in this genealogy; later descendants and peoples are not added. The mother or mothers are not named.,spouse_unnamed,legendary,,,,,,,,,
Haran and wife (unnamed),Haran,unknown,hebrew_bible::haran,,1,Lot,2,"Milcah, Iscah",0,hebrew_bible,Genesis 11:27-29; https://biblehub.com/kjv/genesis/11.htm,Children explicitly attributed to Haran; the mother or mothers are not identified.,spouse_unnamed,legendary,,,,,,,,,
Hezekiah and Hephzibah,Hezekiah,Hephzibah,hebrew_bible::hezekiah,hebrew_bible::hephzibah,1,Manasseh,0,,0,hebrew_bible,2 Kings 20:21 (KJV): https://biblehub.com/kjv/2_kings/20.htm ; 2 Kings 21:1 (KJV): https://biblehub.com/kjv/2_kings/21.htm,The succession statement identifies Manasseh's father and the accession statement names his mother Hephzibah.,couple,legendary,,,,,,,,,
Hosea and Gomer,Hosea,Gomer,hebrew_bible::hosea,hebrew_bible::gomer,2,"Jezreel, Lo-Ammi",1,Lo-Ruhamah,0,hebrew_bible,Hosea 1:3-9; https://biblehub.com/kjv/hosea/1.htm,Hosea 1:8 identifies the child named Lo-Ammi in 1:9 as a son; household attribution does not resolve biological paternity.,couple,legendary,,,,,,,,,
Ibzan of Bethlehem and wives,Ibzan of Bethlehem,multiple,hebrew_bible::ibzan_of_bethlehem,,30,30 sons (unnamed),30,30 daughters (unnamed),0,hebrew_bible,Judges 12:8-9 (KJV): https://biblehub.com/kjv/judges/12.htm,Counts thirty sons and thirty daughters. The additional thirty women brought in as wives for his sons are daughters-in-law and are not added as his daughters. The passage does not enumerate his own wives.,multi_wife_agg,legendary,,,,,,,,,
Isaac and Rebekah,Isaac,Rebekah,hebrew_bible::isaac,hebrew_bible::rebekah,2,"Esau, Jacob",0,,0,hebrew_bible,Genesis 25:20-26 (KJV): https://biblehub.com/kjv/genesis/25.htm,The twin-birth narrative explicitly identifies both parents and names Esau and Jacob.,couple,legendary,,,,,,,,,
Isaiah and the prophetess,Isaiah,the prophetess,hebrew_bible::isaiah,hebrew_bible::the_prophetess,2,"Shear-Jashub, Maher-Shalal-Hash-Baz",0,,0,hebrew_bible,Isaiah 7:3 (KJV): https://biblehub.com/kjv/isaiah/7.htm ; Isaiah 8:3 (KJV): https://biblehub.com/kjv/isaiah/8.htm,"Shear-Jashub is explicitly Isaiah's son; Maher-Shalal-Hash-Baz is born to the prophetess. Retains the household grouping, but the earlier son's mother is not established by the cited verses. Immanuel is not added as an independently established third child of this couple.",couple,legendary,,,,,,,,,
Ishmael and wife (unnamed),Ishmael,unknown,hebrew_bible::ishmael,,12,"Nebaioth, Kedar, Adbeel, Mibsam, Mishma, Dumah, Massa, Hadad, Tema, Jetur, Naphish, Kedemah",1,Mahalath (also called Basemath),0,hebrew_bible,Genesis 25:13-16 (KJV): https://biblehub.com/kjv/genesis/25.htm ; Genesis 28:9 (KJV): https://biblehub.com/kjv/genesis/28.htm ; Genesis 36:3 (KJV): https://biblehub.com/kjv/genesis/36.htm,"The twelve sons are enumerated in Genesis 25; the daughter is supplied by the marriage passages, not by that son roster. Retains one daughter by identifying Mahalath in chapter 28 with Basemath in chapter 36, both described as Ishmael's daughter and Nebaioth's sister. This is a harmonization rather than an explicit alias statement. Mothers are not identified.",spouse_unnamed,legendary,,,,,,,,,
Issachar and wife (unnamed),Issachar,unknown,hebrew_bible::issachar,,4,"Tola, Puvah, Iob, Shimron",0,,0,hebrew_bible,Genesis 46:13 (KJV): https://biblehub.com/kjv/genesis/46.htm,Counts the named children at the first genealogical level in this passage. The mother or mothers are not jointly identified; the wife placeholder does not establish one shared mother.,spouse_unnamed,legendary,,,,,,,,,
Jacob and Bilhah,Jacob,Bilhah,hebrew_bible::jacob,hebrew_bible::bilhah,2,"Dan, Naphtali",0,,0,hebrew_bible,Genesis 30:3-8 (KJV): https://biblehub.com/kjv/genesis/30.htm ; Genesis 35:25 (KJV): https://biblehub.com/kjv/genesis/35.htm,"Dan and Naphtali are explicitly born to Bilhah. Rachel names them and claims them through her handmaid, but they remain counted once under their birth mother.",couple,legendary,jacob,,,,,,,,
Jacob and Leah,Jacob,Leah,hebrew_bible::jacob,hebrew_bible::leah,6,"Reuben, Simeon, Levi, Judah, Issachar, Zebulun",1,Dinah,0,hebrew_bible,Genesis 29:31-35 (KJV): https://biblehub.com/kjv/genesis/29.htm ; Genesis 30:17-21 (KJV): https://biblehub.com/kjv/genesis/30.htm ; Genesis 35:23 (KJV): https://biblehub.com/kjv/genesis/35.htm,"Combines Leah's first four sons with the two later sons and Dinah; Genesis 30:21 explicitly supplies the daughter. Counts these named births, not every possible use of the collective daughters language elsewhere.",couple,legendary,jacob,,,,,,,,
Jacob and Rachel,Jacob,Rachel,hebrew_bible::jacob,hebrew_bible::rachel,2,"Joseph, Benjamin",0,,0,hebrew_bible,"Genesis 30:22-24 (KJV): https://biblehub.com/kjv/genesis/30.htm ; Genesis 35:16-19,24 (KJV): https://biblehub.com/kjv/genesis/35.htm","Joseph and Benjamin are explicitly assigned to Rachel. Benoni and Benjamin are names given by the mother and father to the same second son, not two children.",couple,legendary,jacob,,,,,,,,
Jacob and Zilpah,Jacob,Zilpah,hebrew_bible::jacob,hebrew_bible::zilpah,2,"Gad, Asher",0,,0,hebrew_bible,Genesis 30:9-13 (KJV): https://biblehub.com/kjv/genesis/30.htm ; Genesis 35:26 (KJV): https://biblehub.com/kjv/genesis/35.htm,"Gad and Asher are explicitly born to Zilpah. Leah names them and claims them through her handmaid, but they remain counted once under their birth mother.",couple,legendary,jacob,,,,,,,,
Japheth and wife (unnamed),Japheth,unknown,hebrew_bible::japheth,,7,"Gomer, Magog, Madai, Javan, Tubal, Meshech, Tiras",0,,0,hebrew_bible,Genesis 10:2 (KJV): https://biblehub.com/kjv/genesis/10.htm,Counts only the named first-generation sons in this genealogy; later descendants and peoples are not added. The mother or mothers are not named.,spouse_unnamed,legendary,,,,,,,,,
Jehoshaphat and wife (unnamed),Jehoshaphat,unknown,hebrew_bible::jehoshaphat,,7,"Jehoram, Azariah, Jehiel, Zechariah, Azaryahu, Michael, Shephatiah",0,,0,hebrew_bible,2 Chronicles 21:1-4 (KJV): https://biblehub.com/kjv/2_chronicles/21.htm,Counts Jehoram plus the six brothers enumerated in verse 2. Azariah occurs twice in the KJV list; the inherited Azariah/Azaryahu distinction preserves the two entries rather than deduplicating them. No mother is identified.,spouse_unnamed,legendary,,,,,,,,,
Jephthah and wife (unnamed),Jephthah,unknown,hebrew_bible::jephthah,,0,,1,unnamed daughter,0,hebrew_bible,Judges 11:34-40 (KJV): https://biblehub.com/kjv/judges/11.htm,The daughter is explicitly his only child: verse 34 excludes other sons and daughters. Her mother is not identified. The count does not depend on resolving interpretations of the vow's fulfillment.,spouse_unnamed,legendary,,,,,,,,,
Jesse and wife (unnamed),Jesse,unknown,hebrew_bible::jesse,,7,"Eliab, Abinadab, Shimma, Nethaneel, Raddai, Ozem, David",2,"Zeruiah, Abigail",0,hebrew_bible,1 Chronicles 2:13-16 (KJV); https://biblehub.com/kjv/1_chronicles/2.htm,"Source-specific genealogy: seven sons, with David seventh, and two sisters. The mother is not identified; the wife placeholder does not establish a shared mother. The eight-son enumeration in 1 Samuel is an alternative.",spouse_unnamed,legendary,,jesse_eight_sons,8,"Eliab, Abinadab, Shammah, David; four others not named in 1 Samuel 17",2,"Zeruiah, Abigail",0,1 Samuel 17:12-14; 1 Chronicles 2:16 (KJV); https://biblehub.com/kjv/1_samuel/17.htm; https://biblehub.com/kjv/1_chronicles/2.htm,"Uses the eight-son total in 1 Samuel 17 instead of the seven-son Chronicles enumeration. Retains the two sisters from 1 Chronicles 2:16, so this alternative explicitly combines sources. Mother not identified."
Job and wife (unnamed),Job,unknown,hebrew_bible::job,,7,seven unnamed sons in the later family,3,"Jemimah, Keziah, Keren-Happuch (2nd family named)",0,hebrew_bible,Job 42:13-15; https://biblehub.com/kjv/job/1.htm; https://biblehub.com/kjv/job/42.htm,Default scope is the later family only. Job 1:2 and 1:18-19 describe an earlier family of seven sons and three daughters who died. See job_both_families for counting both birth cohorts.,spouse_unnamed,legendary,,,,,,,,,
Jonathan (son of Saul),Jonathan,unknown,hebrew_bible::jonathan,,1,Mephibosheth (Merib-baal),0,,0,hebrew_bible,2 Samuel 4:4 (KJV): https://biblehub.com/kjv/2_samuel/4.htm ; 1 Chronicles 8:34 (KJV): https://biblehub.com/kjv/1_chronicles/8.htm,Retains one son by identifying Mephibosheth in Samuel with Merib-baal in Chronicles. The parallel records identify the father as Jonathan; the mother is unnamed. The two names are not counted twice.,couple,legendary,,,,,,,,,
Joseph and Asenath,Joseph,Asenath,hebrew_bible::joseph,hebrew_bible::asenath,2,"Manasseh, Ephraim",0,,0,hebrew_bible,Genesis 46:20 (KJV): https://biblehub.com/kjv/genesis/46.htm,Manasseh and Ephraim are explicitly assigned to both Joseph and Asenath; counts unchanged.,couple,legendary,,,,,,,,,
Josiah and Hamutal,Josiah,Hamutal,hebrew_bible::josiah,hebrew_bible::hamutal,2,"Jehoahaz, Zedekiah",0,,0,hebrew_bible,2 Kings 23:30-31 (KJV): https://biblehub.com/kjv/2_kings/23.htm ; 2 Kings 24:17-18 (KJV): https://biblehub.com/kjv/2_kings/24.htm ; 1 Chronicles 3:15 (KJV): https://biblehub.com/kjv/1_chronicles/3.htm ; Jeremiah 22:11-12 (KJV): https://biblehub.com/kjv/jeremiah/22.htm,"Hamutal is explicitly named as mother of Jehoahaz and Zedekiah. Retains the identification of Jehoahaz with Shallum, the Josiah successor exiled in Jeremiah, rather than counting Shallum again. Johanan, the additional firstborn named in Chronicles, is recorded separately with no mother assigned.",couple,legendary,,,,,,,,,
Josiah and Zebidah,Josiah,Zebidah,hebrew_bible::josiah,hebrew_bible::zebidah,1,Jehoiakim,0,,0,hebrew_bible,2 Kings 23:34-36 (KJV): https://biblehub.com/kjv/2_kings/23.htm,"Eliakim is renamed Jehoiakim, and his mother is named Zebudah (the inherited Zebidah spelling). These are two names for the same son, not separate children.",couple,legendary,,,,,,,,,
Josiah and mother of Johanan (unnamed),Josiah,unknown,hebrew_bible::josiah,,1,Johanan,0,,0,hebrew_bible,1 Chronicles 3:15 (KJV): https://biblehub.com/kjv/1_chronicles/3.htm,"Adds the explicitly named firstborn omitted from the inherited maternal records. His mother is not identified; he is not assigned to Hamutal or Zebidah. The existing Jehoahaz/Shallum identification is retained, so the combined family has four named sons.",spouse_unnamed,legendary,,,,,,,,,
Judah (first wife),Judah,unknown,hebrew_bible::judah,,3,"Er, Onan, Shelah",0,,0,hebrew_bible,"Genesis 38:1-5,12 (KJV): https://biblehub.com/kjv/genesis/38.htm","The birth sequence names Er, Onan and Shelah. Their mother is the unnamed daughter of Shuah; Shuah is her father's name, not a personal name supplied for her. Counts births, including Er and Onan who die later.",couple,legendary,,,,,,,,,
Judah and Tamar,Judah,Tamar,hebrew_bible::judah,hebrew_bible::tamar,2,"Perez, Zerah",0,,0,hebrew_bible,"Genesis 38:18,24-30 (KJV): https://biblehub.com/kjv/genesis/38.htm",Counts the twins Perez (Pharez) and Zerah (Zarah) born to Tamar by Judah. The wife field identifies the mother; the episode calls her Judah's daughter-in-law and does not establish a marriage to him.,couple,legendary,,,,,,,,,
Kohath and wife (unnamed),Kohath,unknown,hebrew_bible::kohath,,4,"Amram, Izhar, Hebron, Uzziel",0,,0,hebrew_bible,Exodus 6:18 (KJV): https://biblehub.com/kjv/exodus/6.htm,Counts the four named sons. No mother is identified by this enumeration; the wife placeholder does not establish shared maternity.,spouse_unnamed,legendary,,,,,,,,,
Lamech (Cainite) and Adah,Lamech,Adah,hebrew_bible::lamech,hebrew_bible::adah,2,"Jabal, Jubal",0,,0,hebrew_bible,Genesis 4:19-21 (KJV): https://biblehub.com/kjv/genesis/4.htm,"Adah is named as Jabal's mother, with Jubal identified as his brother in the same maternal section. Counts these two sons; keeps this Lamech distinct from Noah's father in Genesis 5.",couple,legendary,,,,,,,,,
Lamech (Cainite) and Zillah,Lamech,Zillah,hebrew_bible::lamech,hebrew_bible::zillah,1,Tubal-Cain,1,Naamah,0,hebrew_bible,"Genesis 4:19,22 (KJV): https://biblehub.com/kjv/genesis/4.htm","Zillah bears Tubal-Cain, whose sister is named Naamah in the same maternal section. Retains one son and one daughter; keeps this Lamech distinct from Noah's father.",couple,legendary,,,,,,,,,
Lamech (Sethite) and wife (unnamed),Lamech,unknown,hebrew_bible::lamech,,1,Noah,0,,0,hebrew_bible,Genesis 5:28-31; Genesis 5:30 (KJV); https://biblehub.com/kjv/genesis/5.htm,Counts only the named children. Genesis 5:30 also mentions sons and daughters without enumerating them. These additional children are unquantified; zero daughters is not a statement of absence.,spouse_unnamed,legendary,,,,,,,,,
Levi and wife (unnamed),Levi,unknown,hebrew_bible::levi,,3,"Gershon, Kohath, Merari",1,Jochebed,0,hebrew_bible,Genesis 46:11; Exodus 6:16; Numbers 26:59 (KJV); https://biblehub.com/kjv/numbers/26.htm,"Three named sons and Jochebed, explicitly called a daughter born to Levi in Egypt in Numbers 26:59. The unnamed-mother label does not establish that all children shared one mother.",spouse_unnamed,legendary,,,,,,,,,
Lot and wife (unnamed),Lot,unknown,hebrew_bible::lot,,0,,4,2 unnamed married + 2 unnamed virgin,0,hebrew_bible,Genesis 19:14-38; https://biblehub.com/kjv/genesis/19.htm; https://biblehub.com/genesis/19-14.htm,Four is an interpretive count: two unmarried daughters plus at least two additional married daughters under a reading of Genesis 19:14. A betrothal reading identifies the sons-in-law with the two daughters who leave. See lot_two_daughters; neither coding is an exhaustive biological-family count.,spouse_unnamed,legendary,lot,,,,,,,,
Manasseh and Meshullemeth,Manasseh,Meshullemeth,hebrew_bible::manasseh,hebrew_bible::meshullemeth,1,Amon,0,,0,hebrew_bible,2 Kings 21:18-19 (KJV): https://biblehub.com/kjv/2_kings/21.htm,"Replaces the unnamed-mother placeholder with Meshullemeth, whom the accession verse explicitly names as Amon's mother. Counts the named son Amon only; the unnamed son in verse 6 is not independently identified for addition.",couple,legendary,,,,,,,,,
Manoah and wife (unnamed),Manoah,unknown,hebrew_bible::manoah,,1,Samson,0,,0,hebrew_bible,"Judges 13:2-5,24 (KJV): https://biblehub.com/kjv/judges/13.htm","The narrative identifies Samson's birth to Manoah's unnamed wife; the prior promise and the birth are one child, not separate outcomes.",spouse_unnamed,legendary,,,,,,,,,
Methuselah and wife (unnamed),Methuselah,unknown,hebrew_bible::methuselah,,1,Lamech,0,,0,hebrew_bible,Genesis 5:25-27; Genesis 5:26 (KJV); https://biblehub.com/kjv/genesis/5.htm,Counts only the named children. Genesis 5:26 also mentions sons and daughters without enumerating them. These additional children are unquantified; zero daughters is not a statement of absence.,spouse_unnamed,legendary,,,,,,,,,
Moses and Zipporah,Moses,Zipporah,hebrew_bible::moses,hebrew_bible::zipporah,2,"Gershom, Eliezer",0,,0,hebrew_bible,Exodus 18:2-6 (KJV): https://biblehub.com/kjv/exodus/18.htm,"Zipporah and her two sons, Gershom and Eliezer, are explicitly identified in the reunion with Moses.",couple,legendary,,,,,,,,,
Naphtali and wife (unnamed),Naphtali,unknown,hebrew_bible::naphtali,,4,"Jahzeel, Guni, Jezer, Shillem",0,,0,hebrew_bible,Genesis 46:24 (KJV): https://biblehub.com/kjv/genesis/46.htm,Counts the named children at the first genealogical level in this passage. The mother or mothers are not jointly identified; the wife placeholder does not establish one shared mother.,spouse_unnamed,legendary,,,,,,,,,
Noah and Naamah,Noah,Naamah,hebrew_bible::noah,hebrew_bible::naamah,3,"Shem, Ham, Japheth",0,,0,hebrew_bible,"Genesis 10:1 (KJV): https://biblehub.com/kjv/genesis/10.htm ; Bereshit Rabbah 23:3, Rabbi Abba bar Kahana's interpretation, text excerpt on Sefaria: https://www.sefaria.org/Sheet.134891","Genesis names Shem, Ham and Japheth but does not name Noah's wife. Naamah comes from the explicitly selected later rabbinic interpretation. The same midrash records the Rabbis' disagreement with identifying Tubal-Cain's sister as Noah's wife; the maternal name is not common to all accounts.",couple,legendary,noah,,,,,,,,
Rehoboam (wives and concubines; aggregate),Rehoboam,multiple,hebrew_bible::rehoboam,,28,"Abijah, Attai, Ziza, Shelomith, Jeush, Shemariah, Zaham; remaining sons unnamed",60,60 unnamed daughters,0,hebrew_bible,2 Chronicles 11:18-21; https://biblehub.com/kjv/2_chronicles/11.htm,"The text lists 18 wives, 60 concubines, 28 sons and 60 daughters. It does not allocate daughters to individual mothers. Maacah has four named children in 11:20; the former row listed only Abijah. No per-mother allocation is imputed.",multi_wife_agg,legendary,,,,,,,,,
Reuben and wife (unnamed),Reuben,unknown,hebrew_bible::reuben,,4,"Hanoch, Pallu, Hezron, Carmi",0,,0,hebrew_bible,Genesis 46:9 (KJV): https://biblehub.com/kjv/genesis/46.htm,Counts the named children at the first genealogical level in this passage. The mother or mothers are not jointly identified; the wife placeholder does not establish one shared mother.,spouse_unnamed,legendary,,,,,,,,,
Samuel and wife (unnamed),Samuel,unknown,hebrew_bible::samuel,,2,"Joel, Abijah",0,,0,hebrew_bible,1 Samuel 8:1-2 (KJV): https://biblehub.com/kjv/1_samuel/8.htm,The passage names Joel as the firstborn and Abijah (Abiah) as the second son. No mother is identified.,spouse_unnamed,legendary,,,,,,,,,
Saul and Ahinoam,Saul,Ahinoam,hebrew_bible::saul,hebrew_bible::ahinoam,4,Jonathan; Malchishua; Abinadab; Eshbaal (Ish-bosheth),2,"Merab, Michal",0,hebrew_bible,1 Chronicles 8:33 (KJV): https://biblehub.com/kjv/1_chronicles/8.htm ; 1 Samuel 14:49-50 (KJV): https://biblehub.com/kjv/1_samuel/14.htm ; 2 Samuel 2:8 (KJV): https://biblehub.com/kjv/2_samuel/2.htm,"Uses the four-son Chronicles roster and the two daughters named in Samuel. Ahinoam is named as Saul's wife, but these verses do not independently establish her maternity for every child in the combined list. Removes the unsupported equation of Ishvi with Abinadab from the baseline names; the Samuel roster with Ishui/Ishvi is retained as an alternative. Eshbaal and Ish-bosheth are treated as one son under the conventional identification, not two births.",couple,legendary,,saul_samuel_roster,3,Jonathan; Ishui (Ishvi); Melchishua,2,Merab; Michal,0,1 Samuel 14:49-50 (KJV): https://biblehub.com/kjv/1_samuel/14.htm,"Retains the three sons and two daughters in this enumeration without forcing Ishui to equal Abinadab or Ish-bosheth. It is a passage-specific list, not a denial of other offspring. Rizpah's two sons remain separately recorded."
Saul and Rizpah,Saul,Rizpah,hebrew_bible::saul,hebrew_bible::rizpah,2,"Armoni, Mephibosheth",0,,0,hebrew_bible,2 Samuel 21:7-11 (KJV): https://biblehub.com/kjv/2_samuel/21.htm,"Armoni and Mephibosheth are explicitly born to Rizpah by Saul. This Mephibosheth is distinct from Jonathan's son, who is spared in verse 7. The wife field records Saul's concubine.",couple,legendary,,,,,,,,,
Seth and wife (unnamed),Seth,unknown,hebrew_bible::seth,,1,Enosh,0,,0,hebrew_bible,Genesis 5:6-8; Genesis 5:7 (KJV); https://biblehub.com/kjv/genesis/5.htm,Counts only the named children. Genesis 5:7 also mentions sons and daughters without enumerating them. These additional children are unquantified; zero daughters is not a statement of absence.,spouse_unnamed,legendary,,,,,,,,,
Shem and wife (unnamed),Shem,unknown,hebrew_bible::shem,,5,"Elam, Asshur, Arpachshad, Lud, Aram",0,,0,hebrew_bible,Genesis 10:22; 11:10-11 (KJV); https://biblehub.com/kjv/genesis/10.htm; https://biblehub.com/kjv/genesis/11.htm,Counts the five named sons of Genesis 10:22. Genesis 11:11 also mentions sons and daughters without giving numbers; zero daughters is not a statement of absence.,spouse_unnamed,legendary,,,,,,,,,
Simeon and wife (unnamed),Simeon,unknown,hebrew_bible::simeon,,6,"Jemuel, Jamin, Ohad, Jachin, Zohar, Shaul",0,,0,hebrew_bible,Genesis 46:10 (KJV): https://biblehub.com/kjv/genesis/46.htm,Counts the named children at the first genealogical level in this passage. The mother or mothers are not jointly identified; the wife placeholder does not establish one shared mother. Shaul alone is explicitly assigned to an unnamed Canaanite woman. The Numbers clan enumeration is retained separately.,spouse_unnamed,legendary,,simeon_numbers_clans,5,Nemuel; Jamin; Jachin; Zerah; Shaul,0,,0,Numbers 26:12-14 (KJV): https://biblehub.com/kjv/numbers/26.htm,Uses the first-level sons named in the Numbers clan census rather than the Genesis migration genealogy. This difference in enumeration does not assert that omitted children were never born. Does not count grandchildren as direct sons or add the two lists together; mothers are not identified.
Solomon (daughters; mothers unassigned),Solomon,multiple,hebrew_bible::solomon,,0,,2,Taphath; Basmath,0,hebrew_bible,"1 Kings 4:11,15 (KJV): https://biblehub.com/kjv/1_kings/4.htm",Adds the two explicitly named daughters omitted from the inherited Solomon record. Their mothers are not identified or assumed to be Naamah. Their husbands are not additional sons of Solomon.,multi_wife_agg,legendary,,,,,,,,,
Solomon and Naamah,Solomon,Naamah,hebrew_bible::solomon,hebrew_bible::naamah,1,Rehoboam,0,,0,hebrew_bible,1 Kings 14:21 (KJV): https://biblehub.com/kjv/1_kings/14.htm,Rehoboam is explicitly identified as Solomon's son and Naamah's child. The two named daughters in 1 Kings 4 are recorded separately because their mothers are unassigned.,couple,legendary,solomon,,,,,,,,
Terah (mothers not jointly identified),Terah,multiple,hebrew_bible::terah,,3,"Abram (Abraham), Nahor, Haran",1,Sarai (Sarah),0,hebrew_bible,Genesis 11:26-29; 20:12; https://biblehub.com/kjv/genesis/11.htm; https://biblehub.com/kjv/genesis/20.htm,"Genesis 11 names three sons. Genesis 20:12 represents Sarah as a paternal half-sister of Abraham; her mother differs. Milcah and Iscah are Haran's daughters, not Terah's.",multi_wife_agg,legendary,,,,,,,,,
Zebulun and wife (unnamed),Zebulun,unknown,hebrew_bible::zebulun,,3,"Sered, Elon, Jahleel",0,,0,hebrew_bible,Genesis 46:14 (KJV): https://biblehub.com/kjv/genesis/46.htm,Counts the named children at the first genealogical level in this passage. The mother or mothers are not jointly identified; the wife placeholder does not establish one shared mother.,spouse_unnamed,legendary,,,,,,,,,
Abbas and Lubaba bint al-Harith,Abbas,Lubaba bint al-Harith,islam::abbas,islam::lubaba_bint_alharith,6,Fadl; Abdullah; Ubaydullah; Qutham; Ma'bad; Abd al-Rahman,1,Umm Habib,0,islam,"al-Tabari, History, vol. 39, trans. Ella Landau-Tasseron: https://ghayb.com/wp-content/uploads/2016/09/Tabari_Volume_39.pdf#page=232 ; printed p. 201","The maternal list names six sons and Umm Habib. Kathir is moved to Musliyah, his explicitly named mother on p. 75, and is not counted under Lubaba.",couple,historical,,,,,,,,,
Abbas and Musliyah,Abbas,Musliyah,islam::abbas,islam::musliyah,2,Kathir; Tammam,0,,0,islam,"al-Tabari, History, vol. 39, trans. Ella Landau-Tasseron: https://ghayb.com/wp-content/uploads/2016/09/Tabari_Volume_39.pdf#page=106 ; printed pp. 75-76","Al-Madaini's report explicitly assigns Kathir and Tammam to Musliyah, described as a Byzantine concubine. Moves Kathir from Lubaba and adds Tammam. The wife column retains the repository convention and does not establish a marriage.",couple,historical,,,,,,,,,
Abd Manaf and Atikah bint Murrah,Abd Manaf,Atikah bint Murrah,islam::abd_manaf,islam::atikah_bint_murrah,3,Hashim; Abd Shams; Muttalib,6,Tumadir; Qilaba; Hayya; Rayta; Umm al-Akhtham; Umm Sufyan,0,islam,"al-Tabari, History, vol. 6, trans. W. Montgomery Watt and M. V. McDonald, p. 16: https://ghayb.com/wp-content/uploads/2016/09/Tabari_Volume_06.pdf#page=65 ; Ibn Hisham, notes to Ibn Ishaq, The Life of Muhammad, trans. A. Guillaume, note 97, pp. 707-708: https://almuslih.org/wp-content/uploads/Library/Guillaume%2C%20A%20-%20Life%20of%20Muhammad.pdf#page=377","Al-Tabari assigns three sons to Atikah and Nawfal to Waqidah; moves Nawfal to his own maternal record. Ibn Hisham note 97 adds six daughters assigned to Atikah and another son, Abu Amr, assigned to Rayta. These agreeing maternal statements are combined explicitly; the daughter Rayta is distinct from the mother of Abu Amr.",couple,legendary,,,,,,,,,
Abd Manaf and Rayta,Abd Manaf,Rayta,islam::abd_manaf,islam::rayta_mother_of_abu_amr,1,Abu Amr,0,,0,islam,"Ibn Hisham, notes to Ibn Ishaq, The Life of Muhammad, trans. A. Guillaume, note 97, pp. 707-708: https://almuslih.org/wp-content/uploads/Library/Guillaume%2C%20A%20-%20Life%20of%20Muhammad.pdf#page=377",Ibn Hisham note 97 explicitly assigns Abu Amr to Rayta of Thaqif. She is not the identically named daughter of Atikah.,couple,legendary,,,,,,,,,
Abd Manaf and Waqidah,Abd Manaf,Waqidah,islam::abd_manaf,islam::waqidah_mother_of_nawfal,1,Nawfal,0,,0,islam,"al-Tabari, History, vol. 6, trans. W. Montgomery Watt and M. V. McDonald, p. 16: https://ghayb.com/wp-content/uploads/2016/09/Tabari_Volume_06.pdf#page=65","Nawfal is explicitly assigned to Waqidah, separately from the three sons of Atikah. Zero daughters means none enumerated in this passage.",couple,legendary,,,,,,,,,
Abd al-Muttalib and Fatimah bint Amr,Abd al-Muttalib,Fatimah bint Amr,islam::abd_almuttalib,islam::fatimah_bint_amr,3,Abdullah; Abu Talib; Zubayr,5,Umm Hakim al-Bayda; Atikah; Umaymah; Arwa; Barrah,0,islam,"Ibn Hisham, notes to Ibn Ishaq, The Life of Muhammad, trans. A. Guillaume, note 97, pp. 707-708: https://almuslih.org/wp-content/uploads/Library/Guillaume%2C%20A%20-%20Life%20of%20Muhammad.pdf#page=377","Replaces one unnamed daughter with the five named daughters assigned to Fatima in Ibn Hisham's ten-son, six-daughter account. This account assigns Safiyyah to Hala. Other enumerations differ: al-Tabari p. 1 is retained in alternate columns; Ibn Sa'd pp. 99-100 has an ambiguous Abd al-Kabah clause flagged as a possible misprint by its English editor and is not pooled here.",couple,historical,,muttalib_fatimah_tabari,4,Abdullah; Abu Talib; Zubayr; Abd al-Kabah,3,Atikah; Barrah; Umaymah,0,"al-Tabari, History, vol. 6, trans. W. Montgomery Watt and M. V. McDonald, p. 1, Hisham ibn Muhammad report: https://ghayb.com/wp-content/uploads/2016/09/Tabari_Volume_06.pdf#page=50","The Hisham report names four sons and three daughters as full siblings. This alternative follows that enumerated group, including Abd al-Kabah. It does not assert that the omitted daughters could not exist. The adjacent Ibn Ishaq report names three sons; the two reports are not pooled."
Abd al-Muttalib and Hala bint Uhayb,Abd al-Muttalib,Hala bint Uhayb,islam::abd_almuttalib,islam::hala_bint_uhayb,3,Hamza; al-Muqawwim; Hajl (al-Ghaydaq),1,Safiyyah,0,islam,"Ibn Hisham, notes to Ibn Ishaq, The Life of Muhammad, trans. A. Guillaume, note 97, pp. 707-708: https://almuslih.org/wp-content/uploads/Library/Guillaume%2C%20A%20-%20Life%20of%20Muhammad.pdf#page=377","Adds Hajl, explicitly assigned to Hala and identified with the nickname al-Ghaydaq in Ibn Hisham's account. This name is counted once. Other genealogies treat al-Ghaydaq differently; no additional child or mother from those lists is appended to this ten-son account.",couple,historical,,,,,,,,,
Abd al-Muttalib and Lubna bint Hajir,Abd al-Muttalib,Lubna bint Hajir,islam::abd_almuttalib,islam::lubna_bint_hajir,1,Abu Lahab (Abd al-Uzza),0,,0,islam,"Ibn Hisham, notes to Ibn Ishaq, The Life of Muhammad, trans. A. Guillaume, note 97, pp. 707-708: https://almuslih.org/wp-content/uploads/Library/Guillaume%2C%20A%20-%20Life%20of%20Muhammad.pdf#page=377",Adds Abu Lahab with the mother named on p. 708. Across all five maternal records this account totals 10 sons and 6 daughters.,couple,historical,,,,,,,,,
Abd al-Muttalib and Nutaylah bint Janab,Abd al-Muttalib,Nutaylah bint Janab,islam::abd_almuttalib,islam::nutaylah_bint_janab,2,Abbas; Dirar,0,,0,islam,"Ibn Hisham, notes to Ibn Ishaq, The Life of Muhammad, trans. A. Guillaume, note 97, pp. 707-708: https://almuslih.org/wp-content/uploads/Library/Guillaume%2C%20A%20-%20Life%20of%20Muhammad.pdf#page=377","Adds Dirar, explicitly assigned with Abbas to Nutayla in Ibn Hisham. Ibn Sa'd's alternative maternal list additionally names Qutham; it is kept separately.",couple,historical,,muttalib_nutaylah_ibn_sad,3,Abbas; Dirar; Qutham,0,,0,"Ibn Sa'd, Kitab al-Tabaqat al-Kabir, vol. I, trans. S. Moinul Haq and H. K. Ghazanfar: https://dokumen.pub/tabaqat-al-kabir-life-of-the-prophet-vol-i-parts-i-and-ii-1nbsped-8171511279-8171511287.html ; printed p. 100","The three sons assigned to Nutaylah in Ibn Sa'd, compared with two in Ibn Hisham. This maternal alternative does not import the rest of Ibn Sa'd's differently constructed whole-family list."
Abd al-Muttalib and Samra bint Jundub,Abd al-Muttalib,Samra bint Jundub,islam::abd_almuttalib,islam::samra_bint_jundub,1,al-Harith,0,,0,islam,"Ibn Hisham, notes to Ibn Ishaq, The Life of Muhammad, trans. A. Guillaume, note 97, pp. 707-708: https://almuslih.org/wp-content/uploads/Library/Guillaume%2C%20A%20-%20Life%20of%20Muhammad.pdf#page=377",Adds al-Harith with the mother named on p. 708. Completes the maternal parts of Ibn Hisham's ten-son account; no whole-family total is added as an extra row.,couple,historical,,,,,,,,,
Abd al-Rahman ibn Awf and Sahla bint Suhayl,Abd al-Rahman ibn Awf,Sahla bint Suhayl,islam::abd_alrahman_ibn_awf,islam::sahla_bint_suhayl,1,Salim al-Asghar,0,,0,islam,"Musab ibn Abd Allah al-Zubayri, Nasab Quraysh, ed. E. Levi-Provencal, Dar al-Maarif, 1953, printed pp. 267: https://mc.dlib.nyu.edu/files/books/nyu_aco001366/nyu_aco001366_lo.pdf#page=311","The younger Salim is explicitly assigned to Sahla, separately from the elder Salim. Neither is assigned to Tumadur in this genealogy.",couple,historical,,,,,,,,,
Abd al-Rahman ibn Awf and Tumadur,Abd al-Rahman ibn Awf,Tumadur,islam::abd_alrahman_ibn_awf,islam::tumadur,1,Abu Salama (Abdullah al-Asghar),0,,0,islam,"Musab ibn Abd Allah al-Zubayri, Nasab Quraysh, ed. E. Levi-Provencal, Dar al-Maarif, 1953, printed pp. 266-267: https://mc.dlib.nyu.edu/files/books/nyu_aco001366/nyu_aco001366_lo.pdf#page=310","The passage assigns only Abu Salama to Tumadur. Muhammad belongs to Umm Kulthum bint Uqba. The inherited Salim label was ambiguous: the genealogy distinguishes Salim al-Akbar and Salim al-Asghar, with different mothers; each now has a separate maternal record. These records cover selected maternal groups, not all children of Abd al-Rahman.",couple,historical,,,,,,,,,
Abd al-Rahman ibn Awf and Umm Kulthum bint Uqba,Abd al-Rahman ibn Awf,Umm Kulthum bint Uqba,islam::abd_alrahman_ibn_awf,islam::umm_kulthum_bint_uqba,4,Muhammad; Ibrahim; Humayd; Ismail,0,,0,islam,"Musab ibn Abd Allah al-Zubayri, Nasab Quraysh, ed. E. Levi-Provencal, Dar al-Maarif, 1953, printed pp. 266: https://mc.dlib.nyu.edu/files/books/nyu_aco001366/nyu_aco001366_lo.pdf#page=310",Moves Muhammad from Tumadur and includes the three other sons explicitly assigned to Umm Kulthum bint Uqba. She is distinct from Umm Kulthum bint Utba. Zero daughters means none enumerated for this mother here.,couple,historical,,,,,,,,,
Abd al-Rahman ibn Awf and Umm Kulthum bint Utba,Abd al-Rahman ibn Awf,Umm Kulthum bint Utba,islam::abd_alrahman_ibn_awf,islam::umm_kulthum_bint_utba,1,Salim al-Akbar,0,,0,islam,"Musab ibn Abd Allah al-Zubayri, Nasab Quraysh, ed. E. Levi-Provencal, Dar al-Maarif, 1953, printed pp. 266: https://mc.dlib.nyu.edu/files/books/nyu_aco001366/nyu_aco001366_lo.pdf#page=310","The genealogy names this mother for the elder Salim, who died before Islam. Distinguishes him from the younger Salim; the inherited undifferentiated Salim under Tumadur could not identify which was intended.",couple,historical,,,,,,,,,
Abdullah ibn Abd al-Muttalib and Aminah,Abdullah ibn Abd al-Muttalib,Aminah,islam::abdullah_ibn_abd_almuttalib,islam::aminah,1,Muhammad,0,,0,islam,"Ibn Hisham, notes to Ibn Ishaq, The Life of Muhammad, trans. A. Guillaume, note 97, p. 708: https://almuslih.org/wp-content/uploads/Library/Guillaume%2C%20A%20-%20Life%20of%20Muhammad.pdf#page=378",The genealogical note explicitly assigns Muhammad to Abdullah and Amina. Count unchanged; this is the child enumerated in that passage.,couple,historical,,,,,,,,,
Abu Bakr and Asma bint Umays,Abu Bakr,Asma bint Umays,islam::abu_bakr,islam::asma_bint_umays,1,Muhammad ibn Abi Bakr,0,,0,islam,"Musab ibn Abd Allah al-Zubayri, Nasab Quraysh, ed. E. Levi-Provencal, Dar al-Maarif, 1953, printed pp. 277: https://mc.dlib.nyu.edu/files/books/nyu_aco001366/nyu_aco001366_lo.pdf#page=321",Explicitly assigns Muhammad to Asma and distinguishes her sons by Jafar and Ali as his maternal half-siblings. Count unchanged.,couple,historical,,,,,,,,,
Abu Bakr and Habibah bint Kharijah,Abu Bakr,Habibah bint Kharijah,islam::abu_bakr,islam::habibah_bint_kharijah,0,,1,Umm Kulthum,0,islam,"Musab ibn Abd Allah al-Zubayri, Nasab Quraysh, ed. E. Levi-Provencal, Dar al-Maarif, 1953, printed pp. 278: https://mc.dlib.nyu.edu/files/books/nyu_aco001366/nyu_aco001366_lo.pdf#page=322",Explicitly assigns Umm Kulthum to Habibah and states that she was born after Abu Bakr's death. Count unchanged.,couple,historical,,,,,,,,,
Abu Bakr and Qutaylah,Abu Bakr,Qutaylah,islam::abu_bakr,islam::qutaylah,1,Abdullah,1,Asma,0,islam,"Musab ibn Abd Allah al-Zubayri, Nasab Quraysh, ed. E. Levi-Provencal, Dar al-Maarif, 1953, printed pp. 275-276: https://mc.dlib.nyu.edu/files/books/nyu_aco001366/nyu_aco001366_lo.pdf#page=319",Confirms Abdullah and Asma as full siblings assigned to Qutaylah (Qutayla in this edition); counts unchanged.,couple,historical,,,,,,,,,
Abu Bakr and Umm Ruman,Abu Bakr,Umm Ruman,islam::abu_bakr,islam::umm_ruman,1,Abd al-Rahman,1,Aisha,0,islam,"Musab ibn Abd Allah al-Zubayri, Nasab Quraysh, ed. E. Levi-Provencal, Dar al-Maarif, 1953, printed pp. 276: https://mc.dlib.nyu.edu/files/books/nyu_aco001366/nyu_aco001366_lo.pdf#page=320",Confirms Abd al-Rahman and Aisha as the children assigned to Umm Ruman; counts unchanged.,couple,historical,,,,,,,,,
Abu Sufyan and Hind bint Utbah,Abu Sufyan,Hind bint Utbah,islam::abu_sufyan,islam::hind_bint_utbah,2,Muawiya; Utba,2,Juwayriya; Umm al-Hakam,0,islam,"Musab ibn Abd Allah al-Zubayri, Nasab Quraysh, ed. E. Levi-Provencal, Dar al-Maarif, 1953, printed pp. 124-126: https://mc.dlib.nyu.edu/files/books/nyu_aco001366/nyu_aco001366_lo.pdf#page=168","Corrects the maternal group: the genealogy assigns Muawiya, Utba, Juwayriya and Umm al-Hakam to Hind. Yazid and Umm Habibah were incorrectly included here and are moved to their explicitly named mothers. These selected maternal records do not exhaust Abu Sufyan's children.",couple,historical,,,,,,,,,
Abu Sufyan and Safiyyah bint Abi al-As,Abu Sufyan,Safiyyah bint Abi al-As,islam::abu_sufyan,islam::safiyyah_bint_abi_al_as,1,Hanzala,2,Umm Habibah (Ramla); Umayma,0,islam,"Musab ibn Abd Allah al-Zubayri, Nasab Quraysh, ed. E. Levi-Provencal, Dar al-Maarif, 1953, printed pp. 123-124: https://mc.dlib.nyu.edu/files/books/nyu_aco001366/nyu_aco001366_lo.pdf#page=167","Moves Umm Habibah from Hind and includes her full siblings Hanzala and Umayma, explicitly assigned to Safiyyah. Ramla and Umm Habibah are one person. This is a maternal group, not a whole-family total.",couple,historical,,,,,,,,,
Abu Sufyan and Zaynab bint Nawfal,Abu Sufyan,Zaynab bint Nawfal,islam::abu_sufyan,islam::zaynab_bint_nawfal,1,Yazid,0,,0,islam,"Musab ibn Abd Allah al-Zubayri, Nasab Quraysh, ed. E. Levi-Provencal, Dar al-Maarif, 1953, printed pp. 125-126: https://mc.dlib.nyu.edu/files/books/nyu_aco001366/nyu_aco001366_lo.pdf#page=169",Moves Yazid from Hind to the mother explicitly named in the genealogy. Zero daughters means none enumerated for this mother in this passage.,couple,historical,,,,,,,,,
Abu Talib and Fatimah bint Asad,Abu Talib,Fatimah bint Asad,islam::abu_talib,islam::fatimah_bint_asad,4,Talib; Aqil; Ja'far; Ali,3,Umm Hani (Hind); Jumanah; Raytah (Asma),0,islam,"Ibn Sa'd, Kitab al-Tabaqat al-Kabir, vol. I, trans. S. Moinul Haq and H. K. Ghazanfar: https://dokumen.pub/tabaqat-al-kabir-life-of-the-prophet-vol-i-parts-i-and-ii-1nbsped-8171511279-8171511287.html ; printed pp. 135-136","Adds Raytah, also called Asma in this passage, as one daughter. The four sons and three daughters are explicitly assigned to Fatimah. Tulayq is assigned to Illah and is recorded separately.",couple,historical,,,,,,,,,
Abu Talib and Illah,Abu Talib,Illah,islam::abu_talib,islam::illah,1,Tulayq,0,,0,islam,"Ibn Sa'd, Kitab al-Tabaqat al-Kabir, vol. I, trans. S. Moinul Haq and H. K. Ghazanfar: https://dokumen.pub/tabaqat-al-kabir-life-of-the-prophet-vol-i-parts-i-and-ii-1nbsped-8171511279-8171511287.html ; printed p. 136",The passage lists Tulayq as Abu Talib's fifth son and names Illah as his mother; it does not assign him to Fatimah.,couple,historical,,,,,,,,,
Ali (daughters by unnamed mothers),Ali,multiple,islam::ali,,0,,13,"Umm Hani, Maymunah, Zaynab the younger, Ramlah the younger, Umm Kulthum the younger, Fatimah, Umamah, Khadijah, Umm al-Kiram, Umm Salamah, Umm Jafar, Jumanah, Nafisah",0,islam,"al-Tabari, History, vol. 17, trans. G. R. Hawting, pp. 227-229, His Wives and Children: https://ghayb.com/wp-content/uploads/2016/09/Tabari_Volume_17.pdf#page=252","Replaces the unsupported residual of 5 sons and 15 daughters with the 13 daughters enumerated separately from named mothers on p. 229. No extra sons are assigned here. Across the maternal rows, this enumeration totals 14 sons and 19 daughters. Hawting prints 19 daughters but footnote 922 says the underlying text has 17; the list does not identify two daughters to omit. Umm Jafar and Jumanah are separate entries here but one person in al-Mufid.",multi_wife_agg,historical,,ali_irshad_27,0,,11,"Nafisa, Zaynab the youngest, Ruqayya the younger, Umm Hani, Umm al-Kiram, Jumana (Umm Jafar), Umana, Umm Salama, Maymuna, Khadija, Fatima",0,"al-Mufid, Kitab al-Irshad, trans. I. K. A. Howard, chapter VIII, pp. 251-252, main list of 27 children: https://downloadshiabooks.com/wp-content/uploads/2022/08/Kitab-al-Irshad.pdf#page=281","Al-Mufid entries 17-27, daughters with different mothers. Jumana and Umm Jafar are one person, unlike the separate entries in the al-Tabari list. Umana follows this translation's spelling. This residual excludes the daughters assigned to named mothers in the same main list."
Ali Zayn al-Abidin (remaining mothers; al-Mufid),Ali Zayn al-Abidin,multiple,islam::ali_zayn_alabidin,,10,Abdullah; Hasan; Husayn; Zayd; Umar; Husayn the younger; Abd al-Rahman; Sulayman; Ali; Muhammad the younger,4,Khadija; Fatima; Aliyya; Umm Kulthum,0,islam,"al-Mufid, Kitab al-Irshad, I. K. A. Howard translation, digital edition, printed pp. 364-365: https://downloadshiabooks.com/wp-content/uploads/2022/08/Kitab-al-Irshad.pdf#page=394","Entries 2-15 of the same enumeration, excluding Muhammad al-Baqir. Maternal groups: Abdullah/Hasan/Husayn; Zayd/Umar; Husayn the younger/Abd al-Rahman/Sulayman; Ali/Khadija; Muhammad the younger; Fatima/Aliyya/Umm Kulthum. The mothers are unnamed. Together with the named-mother row, 11 sons and 4 daughters; no children are assigned to a named mother by inference.",multi_wife_agg,historical,,,,,,,,,
Ali Zayn al-Abidin and Umm Abdullah bint al-Hasan,Ali Zayn al-Abidin,Umm Abdullah bint al-Hasan,islam::ali_zayn_alabidin,islam::umm_abdullah_bint_alhasan,1,Muhammad al-Baqir,0,,0,islam,"al-Mufid, Kitab al-Irshad, I. K. A. Howard translation, digital edition, printed pp. 364-365: https://downloadshiabooks.com/wp-content/uploads/2022/08/Kitab-al-Irshad.pdf#page=394","The enumeration assigns only Muhammad al-Baqir to Umm Abdullah, daughter of Hasan. Uses the maternal name given in the passage instead of the inherited Fatimah alias. Moves Abdullah and Khadija to the unnamed-mothers group; Ibrahim is not enumerated in this fifteen-child account and is removed from this coding.",couple,historical,,,,,,,,,
Ali al-Hadi (other children; mothers unassigned),Ali al-Hadi,unknown,islam::ali_alhadi,,3,Husayn; Muhammad; Ja'far,1,Aisha,0,islam,"al-Mufid, Kitab al-Irshad, I. K. A. Howard translation, digital edition, printed pp. 475-476: https://downloadshiabooks.com/wp-content/uploads/2022/08/Kitab-al-Irshad.pdf#page=505","The enumeration on p. 475 names these children in addition to Hasan al-Askari. It does not identify their mothers, so they are not assigned to Hadith. Together the two records contain 4 sons and 1 daughter; no number of mothers is inferred.",multi_wife_agg,historical,,,,,,,,,
Ali al-Hadi and Hadith,Ali al-Hadi,Hadith,islam::ali_alhadi,islam::hadith,1,Hasan al-Askari,0,,0,islam,"al-Mufid, Kitab al-Irshad, I. K. A. Howard translation, digital edition, printed pp. 475-476: https://downloadshiabooks.com/wp-content/uploads/2022/08/Kitab-al-Irshad.pdf#page=505",Page 476 names Hadith as Hasan al-Askari's mother. The inherited aliases Hudayth and Salil are not established by this passage. Muhammad is moved to the other-children record because the enumeration on p. 475 does not assign his mother.,couple,historical,,,,,,,,,
Ali al-Ridha and Sabikah,Ali al-Ridha,Sabikah,islam::ali_alridha,islam::sabikah,1,Muhammad al-Jawad,0,,0,islam,"al-Mufid, Kitab al-Irshad, I. K. A. Howard translation, digital edition, printed pp. 449-450: https://downloadshiabooks.com/wp-content/uploads/2022/08/Kitab-al-Irshad.pdf#page=479",Page 449 states that al-Ridha left no known child except Muhammad al-Jawad; p. 450 names his mother Sabika. Counts unchanged. Removes the unsupported Khayzuran alias from the parent label; the passage describes a slave-wife rather than establishing a marriage.,couple,historical,,,,,,,,,
Ali and Amamah bint Abi al-As,Ali,Amamah bint Abi al-As,islam::ali,islam::amamah_bint_abi_alas,1,Muhammad al-Awsat,0,,0,islam,"al-Tabari, History, vol. 17, trans. G. R. Hawting, pp. 227-229, His Wives and Children: https://ghayb.com/wp-content/uploads/2016/09/Tabari_Volume_17.pdf#page=252","Counts the middle of three sons named Muhammad, explicitly assigned to Umamah on p. 229; inherited parent spelling Amamah is retained.",couple,historical,,ali_irshad_27,0,,0,,0,"al-Mufid, Kitab al-Irshad, trans. I. K. A. Howard, chapter VIII, pp. 251-252, main list of 27 children: https://downloadshiabooks.com/wp-content/uploads/2022/08/Kitab-al-Irshad.pdf#page=281","No child of this mother is enumerated in al-Mufid's main list of 27. Zero means none counted within that account, not an explicit claim of childlessness. Applied only with all other ali_irshad_27 rows."
Ali and Asma bint Umays,Ali,Asma bint Umays,islam::ali,islam::asma_bint_umays,2,"Yahya, Muhammad al-Asghar",0,,0,islam,"al-Tabari, History, vol. 17, trans. G. R. Hawting, pp. 227-229, His Wives and Children: https://ghayb.com/wp-content/uploads/2016/09/Tabari_Volume_17.pdf#page=252","Uses Hisham ibn Muhammad's account on p. 228: Yahya and Muhammad the youngest. The same passage preserves al-Waqidi's different account, Yahya and Awn, with the youngest Muhammad attributed to a concubine. These accounts are not pooled. Al-Mufid instead counts only Yahya here and identifies Layla's Abu Bakr as Muhammad the younger.",couple,historical,,ali_irshad_27,1,Yahya,0,,0,"al-Mufid, Kitab al-Irshad, trans. I. K. A. Howard, chapter VIII, pp. 251-252, main list of 27 children: https://downloadshiabooks.com/wp-content/uploads/2022/08/Kitab-al-Irshad.pdf#page=281","Entry 14 assigns only Yahya to Asma. The younger Muhammad appears once under Layla, as Abu Bakr, in this coordinated alternative."
Ali and Fatimah,Ali,Fatimah,islam::ali,islam::fatimah,3,"Hasan, Husayn, Muhsin",2,"Zaynab, Umm Kulthum",0,islam,"al-Tabari, History, vol. 17, trans. G. R. Hawting, pp. 227-229, His Wives and Children: https://ghayb.com/wp-content/uploads/2016/09/Tabari_Volume_17.pdf#page=252","Counts Hasan, Husayn, the additionally reported infant Muhsin (Muhassin in Hawting), Zaynab the elder and Umm Kulthum the elder, pp. 227-228. This follows the births reported in this passage, including the infant; it does not combine the infant-death wording with a miscarriage account.",couple,historical,,ali_irshad_27,2,"Hasan, Husayn",2,"Zaynab the elder, Zaynab the younger (Umm Kulthum)",0,"al-Mufid, Kitab al-Irshad, trans. I. K. A. Howard, chapter VIII, pp. 251-252, main list of 27 children: https://downloadshiabooks.com/wp-content/uploads/2022/08/Kitab-al-Irshad.pdf#page=281",Main list entries 1-4. Muhsin is outside the main 27: the following paragraph reports a miscarriage account under which the total is 28. The alternative uses the main list consistently.
Ali and Khawlah bint Ja'far,Ali,Khawlah bint Ja'far,islam::ali,islam::khawlah_bint_jafar,1,Muhammad ibn al-Hanafiyyah,0,,0,islam,"al-Tabari, History, vol. 17, trans. G. R. Hawting, pp. 227-229, His Wives and Children: https://ghayb.com/wp-content/uploads/2016/09/Tabari_Volume_17.pdf#page=252","Counts the eldest Muhammad, called Ibn al-Hanafiyyah, explicitly assigned to Khawlah on p. 229. Removes the unsupported inherited statement that he led a revolt.",couple,historical,,ali_irshad_27,1,Muhammad ibn al-Hanafiyyah,0,,0,"al-Mufid, Kitab al-Irshad, trans. I. K. A. Howard, chapter VIII, pp. 251-252, main list of 27 children: https://downloadshiabooks.com/wp-content/uploads/2022/08/Kitab-al-Irshad.pdf#page=281",Part of the coordinated al-Mufid main list: all Ali rows change together to 11 sons and 16 daughters. This maternal allocation agrees with the baseline.
Ali and Layla bint Mas'ud,Ali,Layla bint Mas'ud,islam::ali,islam::layla_bint_masud,2,"Abu Bakr, Ubaydullah",0,,0,islam,"al-Tabari, History, vol. 17, trans. G. R. Hawting, pp. 227-229, His Wives and Children: https://ghayb.com/wp-content/uploads/2016/09/Tabari_Volume_17.pdf#page=252","Counts Ubaydullah and Abu Bakr on p. 228. This account does not identify Abu Bakr with Asma's youngest Muhammad; al-Mufid's linked alternative does. The passage gives conflicting reports of Ubaydullah's death, which are not used to determine the child count.",couple,historical,,ali_irshad_27,2,"Muhammad the younger (Abu Bakr), Ubaydullah",0,,0,"al-Mufid, Kitab al-Irshad, trans. I. K. A. Howard, chapter VIII, pp. 251-252, main list of 27 children: https://downloadshiabooks.com/wp-content/uploads/2022/08/Kitab-al-Irshad.pdf#page=281",Entries 12-13 identify Muhammad the younger as Abu Bakr and assign him and Ubaydullah to Layla. Muhammad is not counted again under Asma.
Ali and Mahyat bint Imru' al-Qays,Ali,Mahyat bint Imru' al-Qays,islam::ali,islam::mahyat_bint_imru_alqays,0,,1,unnamed daughter who died in childhood,0,islam,"al-Tabari, History, vol. 17, trans. G. R. Hawting, pp. 227-229, His Wives and Children: https://ghayb.com/wp-content/uploads/2016/09/Tabari_Volume_17.pdf#page=252",Adds the daughter explicitly assigned to Mahyat on p. 229; she is separate from the 13 daughters by unnamed mothers.,couple,historical,,ali_irshad_27,0,,0,,0,"al-Mufid, Kitab al-Irshad, trans. I. K. A. Howard, chapter VIII, pp. 251-252, main list of 27 children: https://downloadshiabooks.com/wp-content/uploads/2022/08/Kitab-al-Irshad.pdf#page=281","No child of this mother is enumerated in al-Mufid's main list of 27. Zero means none counted within that account, not an explicit claim of childlessness. Applied only with all other ali_irshad_27 rows."
Ali and Umm Habib bint Rabi'ah,Ali,Umm Habib bint Rabi'ah,islam::ali,islam::umm_habib_bint_rabiah,1,Umar,1,Ruqayyah,0,islam,"al-Tabari, History, vol. 17, trans. G. R. Hawting, pp. 227-229, His Wives and Children: https://ghayb.com/wp-content/uploads/2016/09/Tabari_Volume_17.pdf#page=252","Adds the two children explicitly assigned to al-Sahba, also called Umm Habib, on p. 228. The wife column retains the repository convention; the passage calls her a concubine.",couple,historical,,ali_irshad_27,1,Umar,1,Ruqayyah,0,"al-Mufid, Kitab al-Irshad, trans. I. K. A. Howard, chapter VIII, pp. 251-252, main list of 27 children: https://downloadshiabooks.com/wp-content/uploads/2022/08/Kitab-al-Irshad.pdf#page=281",Part of the coordinated al-Mufid main list: all Ali rows change together to 11 sons and 16 daughters. This maternal allocation agrees with the baseline.
Ali and Umm Sa'id bint Urwah,Ali,Umm Sa'id bint Urwah,islam::ali,islam::umm_said_bint_urwah,0,,2,"Umm al-Hasan, Ramlah the elder",0,islam,"al-Tabari, History, vol. 17, trans. G. R. Hawting, pp. 227-229, His Wives and Children: https://ghayb.com/wp-content/uploads/2016/09/Tabari_Volume_17.pdf#page=252",Adds the two daughters assigned to this mother on p. 229; they are excluded from the unnamed-mothers row.,couple,historical,,ali_irshad_27,0,,2,"Umm al-Hasan, Ramlah the elder",0,"al-Mufid, Kitab al-Irshad, trans. I. K. A. Howard, chapter VIII, pp. 251-252, main list of 27 children: https://downloadshiabooks.com/wp-content/uploads/2022/08/Kitab-al-Irshad.pdf#page=281",Part of the coordinated al-Mufid main list: all Ali rows change together to 11 sons and 16 daughters. This maternal allocation agrees with the baseline.
Ali and Umm ul-Banin,Ali,Umm ul-Banin,islam::ali,islam::umm_ulbanin,4,"al-Abbas, Abdullah, Ja'far, Uthman",0,,0,islam,"al-Tabari, History, vol. 17, trans. G. R. Hawting, pp. 227-229, His Wives and Children: https://ghayb.com/wp-content/uploads/2016/09/Tabari_Volume_17.pdf#page=252",Counts the four sons explicitly assigned to Umm al-Banin on p. 228.,couple,historical,,ali_irshad_27,4,"al-Abbas, Abdullah, Ja'far, Uthman",0,,0,"al-Mufid, Kitab al-Irshad, trans. I. K. A. Howard, chapter VIII, pp. 251-252, main list of 27 children: https://downloadshiabooks.com/wp-content/uploads/2022/08/Kitab-al-Irshad.pdf#page=281",Part of the coordinated al-Mufid main list: all Ali rows change together to 11 sons and 16 daughters. This maternal allocation agrees with the baseline.
Hamza and Khawla bint Qays,Hamza,Khawla bint Qays,islam::hamza,islam::khawla_bint_qays,1,Umara,0,,0,islam,"Ibn Sa'd, al-Tabaqat al-Kubra, Dar Sadir edition, vol. 3, printed pp. 8-9: https://islamdoc.com/BIO-Taba9at-Ibn-Saad-AutreEdition/%D8%A7%D9%84%D8%B7%D8%A8%D9%82%D8%A7%D8%AA%20%D8%A7%D9%84%D9%83%D8%A8%D8%B1%D9%89%20%D9%84%D8%A5%D8%A8%D9%86%20%D8%B3%D8%B9%D8%AF%20%E2%80%93%20%D8%AF%D8%A7%D8%B1%20%D8%B5%D8%A7%D8%AF%D8%B1%20%E2%80%93%20%D8%AC%D9%84%D8%AF%2003.pdf#page=8",Hamza's biography assigns Umara to Khawla; he is not an alias of Ya'la. Khawla's own biography assigns Ya'la to her as well and adds two daughters. The linked alternative moves Ya'la instead of counting him under both mothers.,couple,historical,,hamza_khawla_biography,2,Ya'la; Umara,2,unnamed daughter 1 (died young); unnamed daughter 2 (died young),0,"Ibn Sa'd, al-Tabaqat al-Kubra, Dar al-Kutub al-Ilmiyya edition, vol. 8, p. 327, entry 4593 (Khawla): https://ablibrary.net/book_content/b/17778/327?lang=ar ; primary-text transcription: https://hadithportal.com/bab/98878/hadith","Khawla's biography lists Ya'la, Umara and two daughters who did not reach maturity. This disagrees with Ya'la's maternal attribution in Hamza's biography and adds two births absent from that list; the two affected rows change together. Umama under Salma remains unchanged."
Hamza and Salma bint Umays,Hamza,Salma bint Umays,islam::hamza,islam::salma_bint_umays,0,,1,Umama,0,islam,"Ibn Sa'd, al-Tabaqat al-Kubra, Dar Sadir edition, vol. 3, printed pp. 8-9: https://islamdoc.com/BIO-Taba9at-Ibn-Saad-AutreEdition/%D8%A7%D9%84%D8%B7%D8%A8%D9%82%D8%A7%D8%AA%20%D8%A7%D9%84%D9%83%D8%A8%D8%B1%D9%89%20%D9%84%D8%A5%D8%A8%D9%86%20%D8%B3%D8%B9%D8%AF%20%E2%80%93%20%D8%AF%D8%A7%D8%B1%20%D8%B5%D8%A7%D8%AF%D8%B1%20%E2%80%93%20%D8%AC%D9%84%D8%AF%2003.pdf#page=8","The biography explicitly assigns Umama to Salma, sister of Asma bint Umays. Drops the inherited unverified Fatimah alias. This follows the name in the selected passage, not a claim that every biographical tradition uses the same name.",couple,historical,,,,,,,,,
Hamza and daughter of al-Milla ibn Malik,Hamza,daughter of al-Milla ibn Malik,islam::hamza,islam::daughter_of_al_milla_ibn_malik,2,Ya'la; Amir,0,,0,islam,"Ibn Sa'd, al-Tabaqat al-Kubra, Dar Sadir edition, vol. 3, printed pp. 8-9: https://islamdoc.com/BIO-Taba9at-Ibn-Saad-AutreEdition/%D8%A7%D9%84%D8%B7%D8%A8%D9%82%D8%A7%D8%AA%20%D8%A7%D9%84%D9%83%D8%A8%D8%B1%D9%89%20%D9%84%D8%A5%D8%A8%D9%86%20%D8%B3%D8%B9%D8%AF%20%E2%80%93%20%D8%AF%D8%A7%D8%B1%20%D8%B5%D8%A7%D8%AF%D8%B1%20%E2%80%93%20%D8%AC%D9%84%D8%AF%2003.pdf#page=8","Replaces the inherited alias conflation: Ya'la and Umara are separate sons, with different mothers in Hamza's biography. Ya'la and Amir are assigned to the daughter of al-Milla, whose given name is not supplied here. Zero daughters means none enumerated for this mother in this account.",couple,historical,,hamza_khawla_biography,1,Amir,0,,0,"Ibn Sa'd, al-Tabaqat al-Kubra, Dar al-Kutub al-Ilmiyya edition, vol. 8, p. 327, entry 4593 (Khawla): https://ablibrary.net/book_content/b/17778/327?lang=ar ; primary-text transcription: https://hadithportal.com/bab/98878/hadith ; Ibn Sa'd, al-Tabaqat al-Kubra, Dar Sadir edition, vol. 3, printed pp. 8-9: https://islamdoc.com/BIO-Taba9at-Ibn-Saad-AutreEdition/%D8%A7%D9%84%D8%B7%D8%A8%D9%82%D8%A7%D8%AA%20%D8%A7%D9%84%D9%83%D8%A8%D8%B1%D9%89%20%D9%84%D8%A5%D8%A8%D9%86%20%D8%B3%D8%B9%D8%AF%20%E2%80%93%20%D8%AF%D8%A7%D8%B1%20%D8%B5%D8%A7%D8%AF%D8%B1%20%E2%80%93%20%D8%AC%D9%84%D8%AF%2003.pdf#page=8",Linked maternal correction under Khawla's biography: removes Ya'la from the daughter of al-Milla to prevent duplication. Amir remains from Hamza's biography; this is an explicit combination of that unaffected attribution with the alternative Khawla account.
Harb and Safiyyah bint Hazn,Harb,Safiyyah bint Hazn,islam::harb,islam::safiyyah_bint_hazn,1,Abu Sufyan (Sakhr),2,al-Faria al-Kubra; Fakhita al-Kubra,0,islam,"Musab ibn Abd Allah al-Zubayri, Nasab Quraysh, ed. E. Levi-Provencal, Dar al-Maarif, 1953, printed pp. 121-123: https://mc.dlib.nyu.edu/files/books/nyu_aco001366/nyu_aco001366_lo.pdf#page=165","Replaces the unnamed mother with Safiyyah bint Hazn and adds the two full sisters explicitly assigned to her. The subsequent list contains other children of Harb, including younger daughters with the same names under different mothers; they are not silently merged into this maternal record.",couple,legendary,,,,,,,,,
Hasan al-Askari and Narjis,Hasan al-Askari,Narjis,islam::hasan_alaskari,islam::narjis,1,Muhammad al-Mahdi,0,,0,islam,"al-Mufid, Kitab al-Irshad, I. K. A. Howard translation, digital edition, printed pp. 491-493: https://downloadshiabooks.com/wp-content/uploads/2022/08/Kitab-al-Irshad.pdf#page=521","The author's Twelver account identifies Muhammad, the awaited Imam, as Hasan's concealed son and names Narjis as his mother. Counts unchanged. This records the source's genealogy and does not establish historical consensus about the son or occultation; the historical row flag is inherited.",couple,historical,,,,,,,,,
Hasan ibn Ali (remaining mothers; al-Mufid),Hasan ibn Ali,multiple,islam::hasan_ibn_ali,,4,Umar; Qasim; Abdullah; Abd al-Rahman,4,Umm Abdullah; Fatimah; Umm Salama; Ruqayya,0,islam,"al-Mufid, Kitab al-Irshad, Howard translation, digital edition, printed pp. 264-265; https://downloadshiabooks.com/wp-content/uploads/2022/08/Kitab-al-Irshad.pdf",Unallocated-mother groups from the same list; excludes the three named-mother records. This Fatimah is distinct from Umm Ishaq's daughter.,multi_wife_agg,historical,,,,,,,,,
Hasan ibn Ali and Khawla bint Manzur,Hasan ibn Ali,Khawla bint Manzur,islam::hasan_ibn_ali,islam::khawla_bint_manzur,1,Hasan ibn Hasan,0,,0,islam,"al-Mufid, Kitab al-Irshad, Howard translation, digital edition, printed pp. 264-265; https://downloadshiabooks.com/wp-content/uploads/2022/08/Kitab-al-Irshad.pdf",Named-mother group in al-Mufid.,couple,historical,,,,,,,,,
Hasan ibn Ali and Umm Bashir,Hasan ibn Ali,Umm Bashir,islam::hasan_ibn_ali,islam::umm_bashir_bint_abi_masud,1,Zayd,2,Umm al-Hasan; Umm al-Husayn,0,islam,"al-Mufid, Kitab al-Irshad, Howard translation, digital edition, printed pp. 264-265; https://downloadshiabooks.com/wp-content/uploads/2022/08/Kitab-al-Irshad.pdf",Named-mother group in al-Mufid; the two Umm names are daughters.,couple,historical,,,,,,,,,
Hasan ibn Ali and Umm Ishaq,Hasan ibn Ali,Umm Ishaq,islam::hasan_ibn_ali,islam::umm_ishaq_bint_talha,2,Husayn al-Athram; Talha,1,Fatimah,0,islam,"al-Mufid, Kitab al-Irshad, Howard translation, digital edition, printed pp. 264-265; https://downloadshiabooks.com/wp-content/uploads/2022/08/Kitab-al-Irshad.pdf",Named-mother group in al-Mufid; names follow this edition.,couple,historical,,,,,,,,,
Hashim and Salma bint Amr,Hashim,Salma bint Amr,islam::hashim,islam::salma_bint_amr,1,Abd al-Muttalib (Shaybah),1,Ruqayya,0,islam,"Ibn Hisham, notes to Ibn Ishaq, The Life of Muhammad, trans. A. Guillaume, note 97, pp. 707-708: https://almuslih.org/wp-content/uploads/Library/Guillaume%2C%20A%20-%20Life%20of%20Muhammad.pdf#page=377","Adds Ruqayya, whom Ibn Hisham explicitly assigns with Abd al-Muttalib to Salma. This record covers this named mother only, not Hashim's complete four-son, five-daughter enumeration. The English editor of Ibn Sa'd disputes this maternal assignment in a footnote; that reading is retained separately.",couple,legendary,,hashim_salma_haq_note,1,Abd al-Muttalib (Shaybah),0,,0,"Ibn Sa'd, Kitab al-Tabaqat al-Kabir, vol. I, trans. S. Moinul Haq and H. K. Ghazanfar: https://dokumen.pub/tabaqat-al-kabir-life-of-the-prophet-vol-i-parts-i-and-ii-1nbsped-8171511279-8171511287.html ; printed p. 82, editorial footnote",The translation's footnote rejects Salma as Ruqayya's mother because its narrative has Hashim die while Salma is pregnant with Abd al-Muttalib. The alternative excludes Ruqayya from this selected maternal record; it does not deny her existence or assign her to a mother by inference. This is an editorial judgment against the explicit assignment in Ibn Hisham and the preceding Ibn Sa'd list.
Husayn ibn Ali and Layla,Husayn ibn Ali,Layla bint Abi Murra,islam::husayn_ibn_ali,islam::layla_bint_abi_murra,1,Ali (called al-Asghar in this account),0,,0,islam,"al-Mufid, Kitab al-Irshad, Howard translation, digital edition, printed pp. 352-353; https://downloadshiabooks.com/wp-content/uploads/2022/08/Kitab-al-Irshad.pdf",Al-Mufid uses al-Asghar for Layla's son; do not confuse him with the infant Abdullah.,couple,historical,,,,,,,,,
Husayn ibn Ali and Rabab,Husayn ibn Ali,Rabab bint Imru al-Qays,islam::husayn_ibn_ali,islam::rabab_bint_imru_alqays,1,Abdullah (infant),1,Sukayna,0,islam,"al-Mufid, Kitab al-Irshad, Howard translation, digital edition, printed pp. 352-353; https://downloadshiabooks.com/wp-content/uploads/2022/08/Kitab-al-Irshad.pdf",Both children assigned to Rabab by al-Mufid.,couple,historical,,,,,,,,,
Husayn ibn Ali and Shahrbanu,Husayn ibn Ali,Shahrbanu,islam::husayn_ibn_ali,islam::shahrbanu,1,Ali Zayn al-Abidin (called al-Akbar in this account),0,,0,islam,"al-Mufid, Kitab al-Irshad, Howard translation, digital edition, printed pp. 352-353; https://downloadshiabooks.com/wp-content/uploads/2022/08/Kitab-al-Irshad.pdf","Al-Mufid calls the mother Shahzanan, also Shahrbanawayh. This source-specific genealogy does not settle her disputed historical identity.",couple,historical,,,,,,,,,
Husayn ibn Ali and Umm Ishaq,Husayn ibn Ali,Umm Ishaq,islam::husayn_ibn_ali,islam::umm_ishaq_bint_talha,0,,1,Fatimah,0,islam,"al-Mufid, Kitab al-Irshad, Howard translation, digital edition, printed pp. 352-353; https://downloadshiabooks.com/wp-content/uploads/2022/08/Kitab-al-Irshad.pdf",This six-child account does not enumerate Ruqayyah; other traditions require their own sources.,couple,historical,,,,,,,,,
Husayn ibn Ali and woman of Qudaa,Husayn ibn Ali,unknown,islam::husayn_ibn_ali,,1,Jafar,0,,0,islam,"al-Mufid, Kitab al-Irshad, Howard translation, digital edition, printed pp. 352-353; https://downloadshiabooks.com/wp-content/uploads/2022/08/Kitab-al-Irshad.pdf","Al-Mufid identifies the mother's tribe, not her name.",spouse_unnamed,historical,,,,,,,,,
Ja'far al-Sadiq (remaining mothers; al-Mufid),Ja'far al-Sadiq,multiple,islam::jafar_alsadiq,,2,Abbas; Ali,2,Asma; Fatimah,0,islam,"al-Mufid, Kitab al-Irshad, Howard translation, digital edition, printed pp. 401-402; https://downloadshiabooks.com/wp-content/uploads/2022/08/Kitab-al-Irshad.pdf","Remaining children in al-Mufid's ten-child list, from different mothers.",multi_wife_agg,historical,,,,,,,,,
Ja'far al-Sadiq and Fatimah bint al-Husayn II,Ja'far al-Sadiq,Fatimah bint al-Husayn,islam::jafar_alsadiq,islam::fatimah_bint_alhusayn,2,Ismail; Abdullah al-Aftah,1,Umm Farwa,0,islam,"al-Mufid, Kitab al-Irshad, Howard translation, digital edition, printed pp. 401-402; https://downloadshiabooks.com/wp-content/uploads/2022/08/Kitab-al-Irshad.pdf",Al-Mufid assigns these three to Fatimah; Musa and the daughter Fatimah belong to other maternal groups.,couple,historical,,,,,,,,,
Ja'far al-Sadiq and mother of Musa (unnamed),Ja'far al-Sadiq,unknown,islam::jafar_alsadiq,,3,Musa; Ishaq; Muhammad,0,,0,islam,"al-Mufid, Kitab al-Irshad, Howard translation, digital edition, printed pp. 401-402; https://downloadshiabooks.com/wp-content/uploads/2022/08/Kitab-al-Irshad.pdf",The enumeration assigns these three to one unnamed mother.,spouse_unnamed,historical,,,,,,,,,
Ja'far and Asma bint Umays,Ja'far,Asma bint Umays,islam::jafar,islam::asma_bint_umays,3,"Abdullah, Muhammad, Awn",0,,0,islam,"Musab ibn Abd Allah al-Zubayri, Nasab Quraysh, ed. E. Levi-Provencal, Dar al-Maarif, 1953, printed pp. 80-81: https://mc.dlib.nyu.edu/files/books/nyu_aco001366/nyu_aco001366_lo.pdf#page=124","Explicitly enumerates Abdullah, Muhammad and Awn as sons of Jafar and Asma. Counts unchanged; her children by other fathers are separate maternal half-siblings.",couple,historical,,,,,,,,,
Khalid ibn al-Walid (Ibn Hazm enumeration),Khalid ibn al-Walid,multiple,islam::khalid_ibn_alwalid,,4,al-Muhajir; Abd al-Rahman; Abdullah; Sulayman,0,,0,islam,"Ibn Hazm, Jamharat Ansab al-Arab, Dar al-Kutub al-Ilmiyya edition, p. 147: https://ablibrary.net/book_content/b/7004/154","Replaces the two-son subset and single unnamed-wife label with the four sons in this genealogy. Al-Muhajir, Abd al-Rahman and Abdullah are assigned to a daughter of Anas ibn Mudrik; Sulayman's mother is not assigned in this passage. This is a father-level enumeration across maternal groups. Mughultay's five-entry list is retained separately; neither list is a modern demographic census.",multi_wife_agg,historical,,khalid_mughultay_five,5,Abd al-Rahman; al-Muhajir; Abdullah (first entry); Sulayman; Abdullah (second entry),0,,0,"Mughultay, Ikmal Tahdhib al-Kamal, ed. Adil ibn Muhammad and Usama ibn Ibrahim, 2001, vol. 4, p. 158, entry 1346: https://arabic-books.amuslim.org/التراجم%20والطبقات/Web/739/002.htm","The printed-page transcription enumerates five names, including Abdullah twice. Preserves that five-entry enumeration without asserting a maternal assignment or that the repeated name establishes two distinct historical people. Zero daughters means none enumerated in this list."
Mohammed and Khadijah,Mohammed,Khadijah,islam::mohammed,islam::khadijah,2,"Qasim, Abdullah",4,"Fatimah, Zainab, Ruqayyah, Umm Kulthum",0,islam,"Ibn Sa'd, Kitab al-Tabaqat al-Kabir, vol. I, trans. S. Moinul Haq and H. K. Ghazanfar: https://dokumen.pub/tabaqat-al-kabir-life-of-the-prophet-vol-i-parts-i-and-ii-1nbsped-8171511279-8171511287.html ; printed pp. 150-151","Verified enumeration: Qasim and Abdullah, plus Zaynab, Ruqayyah, Fatimah and Umm Kulthum. Al-Tayyib and al-Tahir are names of Abdullah in this account, not extra sons. Counts unchanged; Ibrahim belongs to Maria's separate record.",couple,historical,,,,,,,,,
Mohammed and Maria al-Qibtiyya,Mohammed,Maria al-Qibtiyya,islam::mohammed,islam::maria_alqibtiyya,1,Ibrahim,0,,0,islam,"al-Tabari, History, vol. 39, trans. Ella Landau-Tasseron, pp. 193-194: https://ghayb.com/wp-content/uploads/2016/09/Tabari_Volume_39.pdf#page=224",Mariya's biography explicitly identifies Ibrahim as her son by the Prophet. Count unchanged. The source describes her as a concubine; the inherited wife column does not establish marriage.,couple,historical,,,,,,,,,
Mu'awiya and Fakhitah bint Qarazah,Mu'awiya,Fakhitah bint Qarazah,islam::muawiya,islam::fakhitah_bint_qarazah,1,Abdullah,1,Hind,0,islam,"Musab ibn Abd Allah al-Zubayri, Nasab Quraysh, ed. E. Levi-Provencal, Dar al-Maarif, 1953, printed pp. 128: https://mc.dlib.nyu.edu/files/books/nyu_aco001366/nyu_aco001366_lo.pdf#page=172",Corrects Abd al-Rahman to Abdullah and adds Hind: the passage explicitly assigns both to Fakhitah. Other children of Muawiya named under other mothers are not included in this maternal record.,couple,historical,,,,,,,,,
Mu'awiya and Maysun bint Bahdal,Mu'awiya,Maysun bint Bahdal,islam::muawiya,islam::maysun_bint_bahdal,1,Yazid I,0,,0,islam,"Musab ibn Abd Allah al-Zubayri, Nasab Quraysh, ed. E. Levi-Provencal, Dar al-Maarif, 1953, printed pp. 127: https://mc.dlib.nyu.edu/files/books/nyu_aco001366/nyu_aco001366_lo.pdf#page=171",The genealogy explicitly names Maysun as Yazid's mother. Count unchanged; zero daughters means none enumerated here.,couple,historical,,,,,,,,,
Muhammad al-Baqir (remaining mothers; al-Mufid),Muhammad al-Baqir,multiple,islam::muhammad_albaqir,,1,Ali,2,Zaynab; Umm Salama,0,islam,"al-Mufid, Kitab al-Irshad, I. K. A. Howard translation, digital edition, printed pp. 378-379: https://downloadshiabooks.com/wp-content/uploads/2022/08/Kitab-al-Irshad.pdf#page=408","Ali and Zaynab share one unnamed mother; Umm Salama is listed separately with an unnamed mother. They are not assigned to Umm Farwa. Together with the two named-mother rows, 5 sons and 2 daughters.",multi_wife_agg,historical,,,,,,,,,
Muhammad al-Baqir and Umm Farwa,Muhammad al-Baqir,Umm Farwa,islam::muhammad_albaqir,islam::umm_farwa,2,Ja'far al-Sadiq; Abdullah,0,,0,islam,"al-Mufid, Kitab al-Irshad, I. K. A. Howard translation, digital edition, printed pp. 378-379: https://downloadshiabooks.com/wp-content/uploads/2022/08/Kitab-al-Irshad.pdf#page=408",The enumeration assigns Jafar and Abdullah to Umm Farwa. Umm Salama is assigned to an unnamed mother and is moved to the residual maternal group. All three maternal records follow this seven-child list.,couple,historical,,,,,,,,,
Muhammad al-Baqir and Umm Hakim bint Asid,Muhammad al-Baqir,Umm Hakim bint Asid,islam::muhammad_albaqir,islam::umm_hakim_bint_asid,2,Ibrahim; Ubaydullah,0,,0,islam,"al-Mufid, Kitab al-Irshad, I. K. A. Howard translation, digital edition, printed pp. 378-379: https://downloadshiabooks.com/wp-content/uploads/2022/08/Kitab-al-Irshad.pdf#page=408","Adds the two sons explicitly assigned to Umm Hakim, daughter of Asid ibn al-Mughira, in the enumeration. They are distinct from the Abdullah assigned to Umm Farwa.",couple,historical,,,,,,,,,
Muhammad al-Jawad (other children; mothers unassigned),Muhammad al-Jawad,unknown,islam::muhammad_aljawad,,1,Musa,2,Fatima; Imama,0,islam,"al-Mufid, Kitab al-Irshad, I. K. A. Howard translation, digital edition, printed pp. 464-465: https://downloadshiabooks.com/wp-content/uploads/2022/08/Kitab-al-Irshad.pdf#page=494","Completes the four-child enumeration on p. 464 after excluding Ali al-Hadi, whose mother is named on p. 465. This passage does not assign these three children to Sumana or establish whether they share a mother; the aggregate does not infer a number of mothers.",multi_wife_agg,historical,,,,,,,,,
Muhammad al-Jawad and Summana,Muhammad al-Jawad,Summana,islam::muhammad_aljawad,islam::summana,1,Ali al-Hadi,0,,0,islam,"al-Mufid, Kitab al-Irshad, I. K. A. Howard translation, digital edition, printed pp. 464-465: https://downloadshiabooks.com/wp-content/uploads/2022/08/Kitab-al-Irshad.pdf#page=494",Page 465 identifies Sumana as the mother of Ali al-Hadi. Page 464 also enumerates Musa and daughters Fatima and Imama without assigning their mothers; they are recorded separately. The inherited spelling Summana is retained.,couple,historical,,,,,,,,,
Musa al-Kadhim (remaining mothers; al-Mufid),Musa al-Kadhim,multiple,islam::musa_alkadhim,,17,Ibrahim; Abbas; Qasim; Ismail; Ja'far; Harun; Husayn; Ahmad; Muhammad; Hamza; Abdullah; Ishaq; Ubaydullah; Zayd; Hasan; Fadl; Sulayman,19,Fatima the elder; Fatima the younger; Ruqayya; Hakima; Umm Abiha; Ruqayya the younger; Kulthum; Umm Jafar; Lubaba; Zaynab; Khadija; Aliyya; Amina; Hasana; Burayha; Aisha; Umm Salama; Maymuna; Umm Kulthum,0,islam,"al-Mufid, al-Irshad, Arabic edition, vol. 2, pp. 244, 247: https://books.rafed.net/view/429/page/244 ; https://books.rafed.net/view/429/page/247","Arabic p. 244 lists 18 sons and 19 daughters in all; this row excludes Ali al-Ridha, separately assigned to his named mother on p. 247. Ismail/Jafar/Harun/Husayn share an unnamed mother; Ahmad/Muhammad/Hamza share another maternal group; other mothers remain unassigned by name. Kulthum and Umm Kulthum are separate list entries. The English digital edition differs in names and sex totals; its full enumeration is retained as an alternative, not pooled with this list.",multi_wife_agg,historical,,musa_irshad_english_37,18,Ibrahim; Abbas; Qasim; Ismail; Ja'far; Harun; Hasan (entry 8); Ahmad; Muhammad; Hamza; Abdullah; Ishaq; Ubaydullah; Zayd; Hasan (entry 16); Fadl; Husayn; Sulayman,18,Fatima the elder; Fatima the younger; Ruqayya; Hakima; Umm Abiha; Ruqayya the younger; Umm Jafar; Lubaba; Zaynab; Khadija; Aliyya; Amina; Hasana; Burayha; Aisha; Umm Salama; Maymuna; Umm Kulthum,0,"al-Mufid, Kitab al-Irshad, I. K. A. Howard translation, digital edition, printed pp. 428-431: https://downloadshiabooks.com/wp-content/uploads/2022/08/Kitab-al-Irshad.pdf#page=458","Literal enumeration in the English digital edition, pp. 428-429, excluding Ali al-Ridha in the named-mother row: 19 sons and 18 daughters in all. It prints Hasan twice (entries 8 and 16), places Husayn at entry 18, and omits the separate Kulthum entry found in the Arabic edition. This preserves an edition discrepancy; it does not certify two historical sons named Hasan or an independent historical tradition."
Musa al-Kadhim and Umm al-Banin,Musa al-Kadhim,Umm al-Banin,islam::musa_alkadhim,islam::umm_albanin_mother_of_alridha,1,Ali al-Ridha,0,,0,islam,"al-Mufid, al-Irshad, Arabic edition, vol. 2, pp. 244, 247: https://books.rafed.net/view/429/page/244 ; https://books.rafed.net/view/429/page/247",Page 247 names Umm al-Banin as Ali al-Ridha's mother. The p. 244 enumeration does not assign Ibrahim or either Fatima to her; these are moved to the remaining-mothers row. Uses the maternal name in this source; the inherited Tuktam/Najma aliases and Fatima al-Masumah identification require separate evidence.,couple,historical,,musa_irshad_english_37,1,Ali al-Ridha,0,,0,"al-Mufid, Kitab al-Irshad, I. K. A. Howard translation, digital edition, printed pp. 428-431: https://downloadshiabooks.com/wp-content/uploads/2022/08/Kitab-al-Irshad.pdf#page=458",The English edition also names Umm al-Banin as Ali al-Ridha's mother on p. 431. This row remains unchanged within the linked 37-child alternative.
Sa'd ibn Abi Waqqas (remaining mothers; Ibn Sa'd),Sa'd ibn Abi Waqqas,unknown,islam::sad_ibn_abi_waqqas,,0,,2,Amra; Aisha,0,islam,"Ibn Sa'd, al-Tabaqat al-Kubra, Dar Sadir edition, vol. 3, printed pp. 137-138: https://islamdoc.com/BIO-Taba9at-Ibn-Saad-AutreEdition/%D8%A7%D9%84%D8%B7%D8%A8%D9%82%D8%A7%D8%AA%20%D8%A7%D9%84%D9%83%D8%A8%D8%B1%D9%89%20%D9%84%D8%A5%D8%A8%D9%86%20%D8%B3%D8%B9%D8%AF%20%E2%80%93%20%D8%AF%D8%A7%D8%B1%20%D8%B5%D8%A7%D8%AF%D8%B1%20%E2%80%93%20%D8%AC%D9%84%D8%AF%2003.pdf#page=137",Replaces the inherited four-child subset and single unnamed-wife label with maternal parts of Ibn Sa'd's enumeration. Across these records the selected list contains 18 sons and 18 daughters; names repeated in different maternal groups are kept distinct. Amra's mother is described as an unnamed captive; Aisha's mother is not specified in this enumeration. The residual record makes no assumption that these two daughters share a mother. It does not assign them to any named mother by inference.,multi_wife_agg,historical,,,,,,,,,
Sa'd ibn Abi Waqqas and Khawla bint Amr,Sa'd ibn Abi Waqqas,Khawla bint Amr,islam::sad_ibn_abi_waqqas,islam::khawla_bint_amr,1,Musab,0,,0,islam,"Ibn Sa'd, al-Tabaqat al-Kubra, Dar Sadir edition, vol. 3, printed pp. 137-138: https://islamdoc.com/BIO-Taba9at-Ibn-Saad-AutreEdition/%D8%A7%D9%84%D8%B7%D8%A8%D9%82%D8%A7%D8%AA%20%D8%A7%D9%84%D9%83%D8%A8%D8%B1%D9%89%20%D9%84%D8%A5%D8%A8%D9%86%20%D8%B3%D8%B9%D8%AF%20%E2%80%93%20%D8%AF%D8%A7%D8%B1%20%D8%B5%D8%A7%D8%AF%D8%B1%20%E2%80%93%20%D8%AC%D9%84%D8%AF%2003.pdf#page=137",Replaces the inherited four-child subset and single unnamed-wife label with maternal parts of Ibn Sa'd's enumeration. Across these records the selected list contains 18 sons and 18 daughters; names repeated in different maternal groups are kept distinct. The cited passage explicitly assigns these children to this mother. Zero daughters means none enumerated for her here.,couple,historical,,,,,,,,,
Sa'd ibn Abi Waqqas and Mawiyya bint Qays,Sa'd ibn Abi Waqqas,Mawiyya bint Qays,islam::sad_ibn_abi_waqqas,islam::mawiyya_bint_qays,2,Umar; Muhammad,3,Hafsa; Umm al-Qasim; Umm Kulthum,0,islam,"Ibn Sa'd, al-Tabaqat al-Kubra, Dar Sadir edition, vol. 3, printed pp. 137-138: https://islamdoc.com/BIO-Taba9at-Ibn-Saad-AutreEdition/%D8%A7%D9%84%D8%B7%D8%A8%D9%82%D8%A7%D8%AA%20%D8%A7%D9%84%D9%83%D8%A8%D8%B1%D9%89%20%D9%84%D8%A5%D8%A8%D9%86%20%D8%B3%D8%B9%D8%AF%20%E2%80%93%20%D8%AF%D8%A7%D8%B1%20%D8%B5%D8%A7%D8%AF%D8%B1%20%E2%80%93%20%D8%AC%D9%84%D8%AF%2003.pdf#page=137",Replaces the inherited four-child subset and single unnamed-wife label with maternal parts of Ibn Sa'd's enumeration. Across these records the selected list contains 18 sons and 18 daughters; names repeated in different maternal groups are kept distinct. The cited passage explicitly assigns these children to this mother.,couple,historical,,,,,,,,,
Sa'd ibn Abi Waqqas and Salma bint Khasafa,Sa'd ibn Abi Waqqas,Salma bint Khasafa,islam::sad_ibn_abi_waqqas,islam::salma_bint_khasafa,3,Umayr al-Asghar; Amr; Imran,3,Umm Amr; Umm Ayyub; Umm Ishaq,0,islam,"Ibn Sa'd, al-Tabaqat al-Kubra, Dar Sadir edition, vol. 3, printed pp. 137-138: https://islamdoc.com/BIO-Taba9at-Ibn-Saad-AutreEdition/%D8%A7%D9%84%D8%B7%D8%A8%D9%82%D8%A7%D8%AA%20%D8%A7%D9%84%D9%83%D8%A8%D8%B1%D9%89%20%D9%84%D8%A5%D8%A8%D9%86%20%D8%B3%D8%B9%D8%AF%20%E2%80%93%20%D8%AF%D8%A7%D8%B1%20%D8%B5%D8%A7%D8%AF%D8%B1%20%E2%80%93%20%D8%AC%D9%84%D8%AF%2003.pdf#page=137","Replaces the inherited four-child subset and single unnamed-wife label with maternal parts of Ibn Sa'd's enumeration. Across these records the selected list contains 18 sons and 18 daughters; names repeated in different maternal groups are kept distinct. The cited passage explicitly assigns these children to this mother. The scan reads Amr, separately from Umar under Mawiyya; the Muslim Scholars transcription drops the final letter and should not be used to merge them.",couple,historical,,sad_baladhuri_named_additions,4,Umayr al-Asghar; Amr; Imran; Yahya,3,Umm Amr; Umm Ayyub; Umm Ishaq,0,"al-Baladhuri, Ansab al-Ashraf, ed. Suhayl Zakkar and Riyad Zirikli, Dar al-Fikr, vol. 10, pp. 24-25: https://ablibrary.net/book_content/b/1813/24 ; https://ablibrary.net/book_content/b/1813/25","Preserves the additional child explicitly named in this maternal group by al-Baladhuri: Yahya. The linked alternative changes these two groups together, retaining other Ibn Sa'd groups. It is a selected comparison, not a full replacement by all details of al-Baladhuri's genealogy; Salma's patronymic is rendered Hafsa in that transcription."
Sa'd ibn Abi Waqqas and Salma of Taghlib,Sa'd ibn Abi Waqqas,Salma of Taghlib,islam::sad_ibn_abi_waqqas,islam::salma_of_taghlib,1,Abdullah,0,,0,islam,"Ibn Sa'd, al-Tabaqat al-Kubra, Dar Sadir edition, vol. 3, printed pp. 137-138: https://islamdoc.com/BIO-Taba9at-Ibn-Saad-AutreEdition/%D8%A7%D9%84%D8%B7%D8%A8%D9%82%D8%A7%D8%AA%20%D8%A7%D9%84%D9%83%D8%A8%D8%B1%D9%89%20%D9%84%D8%A5%D8%A8%D9%86%20%D8%B3%D8%B9%D8%AF%20%E2%80%93%20%D8%AF%D8%A7%D8%B1%20%D8%B5%D8%A7%D8%AF%D8%B1%20%E2%80%93%20%D8%AC%D9%84%D8%AF%2003.pdf#page=137",Replaces the inherited four-child subset and single unnamed-wife label with maternal parts of Ibn Sa'd's enumeration. Across these records the selected list contains 18 sons and 18 daughters; names repeated in different maternal groups are kept distinct. The cited passage explicitly assigns these children to this mother. Zero daughters means none enumerated for her here. Abdullah and this mother appear on printed p. 138 but are omitted in the Ahlulbayt Library transcription of the other edition; the scan controls this coding.,couple,historical,,,,,,,,,
Sa'd ibn Abi Waqqas and Tayba bint Amir,Sa'd ibn Abi Waqqas,Tayba bint Amir,islam::sad_ibn_abi_waqqas,islam::tayba_bint_amir,1,Salih,0,,0,islam,"Ibn Sa'd, al-Tabaqat al-Kubra, Dar Sadir edition, vol. 3, printed pp. 137-138: https://islamdoc.com/BIO-Taba9at-Ibn-Saad-AutreEdition/%D8%A7%D9%84%D8%B7%D8%A8%D9%82%D8%A7%D8%AA%20%D8%A7%D9%84%D9%83%D8%A8%D8%B1%D9%89%20%D9%84%D8%A5%D8%A8%D9%86%20%D8%B3%D8%B9%D8%AF%20%E2%80%93%20%D8%AF%D8%A7%D8%B1%20%D8%B5%D8%A7%D8%AF%D8%B1%20%E2%80%93%20%D8%AC%D9%84%D8%AF%2003.pdf#page=137",Replaces the inherited four-child subset and single unnamed-wife label with maternal parts of Ibn Sa'd's enumeration. Across these records the selected list contains 18 sons and 18 daughters; names repeated in different maternal groups are kept distinct. The cited passage explicitly assigns these children to this mother. Zero daughters means none enumerated for her here.,couple,historical,,,,,,,,,
Sa'd ibn Abi Waqqas and Umm Amir bint Amr,Sa'd ibn Abi Waqqas,Umm Amir bint Amr,islam::sad_ibn_abi_waqqas,islam::umm_amir_bint_amr,3,Amir; Ishaq al-Asghar; Ismail,1,Umm Imran,0,islam,"Ibn Sa'd, al-Tabaqat al-Kubra, Dar Sadir edition, vol. 3, printed pp. 137-138: https://islamdoc.com/BIO-Taba9at-Ibn-Saad-AutreEdition/%D8%A7%D9%84%D8%B7%D8%A8%D9%82%D8%A7%D8%AA%20%D8%A7%D9%84%D9%83%D8%A8%D8%B1%D9%89%20%D9%84%D8%A5%D8%A8%D9%86%20%D8%B3%D8%B9%D8%AF%20%E2%80%93%20%D8%AF%D8%A7%D8%B1%20%D8%B5%D8%A7%D8%AF%D8%B1%20%E2%80%93%20%D8%AC%D9%84%D8%AF%2003.pdf#page=137",Replaces the inherited four-child subset and single unnamed-wife label with maternal parts of Ibn Sa'd's enumeration. Across these records the selected list contains 18 sons and 18 daughters; names repeated in different maternal groups are kept distinct. The cited passage explicitly assigns these children to this mother.,couple,historical,,,,,,,,,
Sa'd ibn Abi Waqqas and Umm Hakim bint Qariz,Sa'd ibn Abi Waqqas,Umm Hakim bint Qariz,islam::sad_ibn_abi_waqqas,islam::umm_hakim_bint_qariz,1,Umayr al-Akbar,1,Hamna,0,islam,"Ibn Sa'd, al-Tabaqat al-Kubra, Dar Sadir edition, vol. 3, printed pp. 137-138: https://islamdoc.com/BIO-Taba9at-Ibn-Saad-AutreEdition/%D8%A7%D9%84%D8%B7%D8%A8%D9%82%D8%A7%D8%AA%20%D8%A7%D9%84%D9%83%D8%A8%D8%B1%D9%89%20%D9%84%D8%A5%D8%A8%D9%86%20%D8%B3%D8%B9%D8%AF%20%E2%80%93%20%D8%AF%D8%A7%D8%B1%20%D8%B5%D8%A7%D8%AF%D8%B1%20%E2%80%93%20%D8%AC%D9%84%D8%AF%2003.pdf#page=137",Replaces the inherited four-child subset and single unnamed-wife label with maternal parts of Ibn Sa'd's enumeration. Across these records the selected list contains 18 sons and 18 daughters; names repeated in different maternal groups are kept distinct. The cited passage explicitly assigns these children to this mother.,couple,historical,,,,,,,,,
Sa'd ibn Abi Waqqas and Umm Hilal bint Rabi,Sa'd ibn Abi Waqqas,Umm Hilal bint Rabi,islam::sad_ibn_abi_waqqas,islam::umm_hilal_bint_rabi,2,Abdullah al-Asghar; Bujayr (Abd al-Rahman),1,Hamida,0,islam,"Ibn Sa'd, al-Tabaqat al-Kubra, Dar Sadir edition, vol. 3, printed pp. 137-138: https://islamdoc.com/BIO-Taba9at-Ibn-Saad-AutreEdition/%D8%A7%D9%84%D8%B7%D8%A8%D9%82%D8%A7%D8%AA%20%D8%A7%D9%84%D9%83%D8%A8%D8%B1%D9%89%20%D9%84%D8%A5%D8%A8%D9%86%20%D8%B3%D8%B9%D8%AF%20%E2%80%93%20%D8%AF%D8%A7%D8%B1%20%D8%B5%D8%A7%D8%AF%D8%B1%20%E2%80%93%20%D8%AC%D9%84%D8%AF%2003.pdf#page=137",Replaces the inherited four-child subset and single unnamed-wife label with maternal parts of Ibn Sa'd's enumeration. Across these records the selected list contains 18 sons and 18 daughters; names repeated in different maternal groups are kept distinct. The cited passage explicitly assigns these children to this mother.,couple,historical,,,,,,,,,
Sa'd ibn Abi Waqqas and Umm Hujayr,Sa'd ibn Abi Waqqas,Umm Hujayr,islam::sad_ibn_abi_waqqas,islam::umm_hujayr,1,Uthman,1,Ramla,0,islam,"Ibn Sa'd, al-Tabaqat al-Kubra, Dar Sadir edition, vol. 3, printed pp. 137-138: https://islamdoc.com/BIO-Taba9at-Ibn-Saad-AutreEdition/%D8%A7%D9%84%D8%B7%D8%A8%D9%82%D8%A7%D8%AA%20%D8%A7%D9%84%D9%83%D8%A8%D8%B1%D9%89%20%D9%84%D8%A5%D8%A8%D9%86%20%D8%B3%D8%B9%D8%AF%20%E2%80%93%20%D8%AF%D8%A7%D8%B1%20%D8%B5%D8%A7%D8%AF%D8%B1%20%E2%80%93%20%D8%AC%D9%84%D8%AF%2003.pdf#page=137",Replaces the inherited four-child subset and single unnamed-wife label with maternal parts of Ibn Sa'd's enumeration. Across these records the selected list contains 18 sons and 18 daughters; names repeated in different maternal groups are kept distinct. The cited passage explicitly assigns these children to this mother.,couple,historical,,,,,,,,,
Sa'd ibn Abi Waqqas and Zabd,Sa'd ibn Abi Waqqas,Zabd,islam::sad_ibn_abi_waqqas,islam::zabd,2,Ibrahim; Musa,5,Umm al-Hakam al-Sughra; Umm Amr; Hind; Umm al-Zubayr; Umm Musa,0,islam,"Ibn Sa'd, al-Tabaqat al-Kubra, Dar Sadir edition, vol. 3, printed pp. 137-138: https://islamdoc.com/BIO-Taba9at-Ibn-Saad-AutreEdition/%D8%A7%D9%84%D8%B7%D8%A8%D9%82%D8%A7%D8%AA%20%D8%A7%D9%84%D9%83%D8%A8%D8%B1%D9%89%20%D9%84%D8%A5%D8%A8%D9%86%20%D8%B3%D8%B9%D8%AF%20%E2%80%93%20%D8%AF%D8%A7%D8%B1%20%D8%B5%D8%A7%D8%AF%D8%B1%20%E2%80%93%20%D8%AC%D9%84%D8%AF%2003.pdf#page=137",Replaces the inherited four-child subset and single unnamed-wife label with maternal parts of Ibn Sa'd's enumeration. Across these records the selected list contains 18 sons and 18 daughters; names repeated in different maternal groups are kept distinct. The cited passage explicitly assigns these children to this mother. The scan reads Zabd and describes her as a captive; the wife column does not establish marriage.,couple,historical,,,,,,,,,
Sa'd ibn Abi Waqqas and daughter of Shihab ibn Abdullah,Sa'd ibn Abi Waqqas,daughter of Shihab ibn Abdullah,islam::sad_ibn_abi_waqqas,islam::daughter_of_shihab_ibn_abdullah,1,Ishaq al-Akbar,1,Umm al-Hakam al-Kubra,0,islam,"Ibn Sa'd, al-Tabaqat al-Kubra, Dar Sadir edition, vol. 3, printed pp. 137-138: https://islamdoc.com/BIO-Taba9at-Ibn-Saad-AutreEdition/%D8%A7%D9%84%D8%B7%D8%A8%D9%82%D8%A7%D8%AA%20%D8%A7%D9%84%D9%83%D8%A8%D8%B1%D9%89%20%D9%84%D8%A5%D8%A8%D9%86%20%D8%B3%D8%B9%D8%AF%20%E2%80%93%20%D8%AF%D8%A7%D8%B1%20%D8%B5%D8%A7%D8%AF%D8%B1%20%E2%80%93%20%D8%AC%D9%84%D8%AF%2003.pdf#page=137",Replaces the inherited four-child subset and single unnamed-wife label with maternal parts of Ibn Sa'd's enumeration. Across these records the selected list contains 18 sons and 18 daughters; names repeated in different maternal groups are kept distinct. The cited passage explicitly assigns these children to this mother.,couple,historical,,sad_baladhuri_named_additions,1,Ishaq al-Akbar,2,Umm al-Hakam al-Kubra; Zaynab,0,"al-Baladhuri, Ansab al-Ashraf, ed. Suhayl Zakkar and Riyad Zirikli, Dar al-Fikr, vol. 10, pp. 24-25: https://ablibrary.net/book_content/b/1813/24 ; https://ablibrary.net/book_content/b/1813/25","Preserves the additional child explicitly named in this maternal group by al-Baladhuri: Zaynab. The linked alternative changes these two groups together, retaining other Ibn Sa'd groups. It is a selected comparison, not a full replacement by all details of al-Baladhuri's genealogy; Salma's patronymic is rendered Hafsa in that transcription."
Talha ibn Ubaydullah and Hamnah bint Jahsh,Talha ibn Ubaydullah,Hamnah bint Jahsh,islam::talha_ibn_ubaydullah,islam::hamnah_bint_jahsh,2,"Muhammad, Imran",0,,0,islam,"Musab ibn Abd Allah al-Zubayri, Nasab Quraysh, ed. E. Levi-Provencal, Dar al-Maarif, 1953, printed pp. 281: https://mc.dlib.nyu.edu/files/books/nyu_aco001366/nyu_aco001366_lo.pdf#page=325",Explicitly assigns Muhammad al-Sajjad and Imran to Hamnah. Counts unchanged; other maternal groups in the genealogy are outside this record.,couple,historical,,,,,,,,,
Talut (wife unnamed),Talut,unknown,islam::talut,,13,13 sons (unnamed in this account),1,daughter betrothed to David (unnamed in this account),0,islam,"al-Tabari, History, vol. 3, trans. William M. Brinner, al-Suddi account, pp. 135-139, especially pp. 137 and 139: https://ghayb.com/wp-content/uploads/2016/09/Tabari_Volume_03.pdf#page=150","Replaces unsupported inherited counts of 9 sons and 2 daughters with the children enumerated in this account: a daughter betrothed to David and 13 sons who fight with Talut and are killed. Counts births mentioned, not survivors. These details come from al-Tabari's al-Suddi narrative, not Quran 2:247-251. The passage does not identify the mother or establish that all children share one mother; retained cross-tradition flag links the inherited Saul identification, not equal counts across texts.",spouse_unnamed,legendary,,,,,,,,,
Umar and Atikah bint Zayd,Umar,Atikah bint Zayd,islam::umar,islam::atikah_bint_zayd,1,Iyad,0,,0,islam,"Musab ibn Abd Allah al-Zubayri, Nasab Quraysh, ed. E. Levi-Provencal, Dar al-Maarif, 1953, printed pp. 349: https://mc.dlib.nyu.edu/files/books/nyu_aco001366/nyu_aco001366_lo.pdf#page=393",Explicitly assigns Iyad to Atikah. Count unchanged; zero daughters means none enumerated for her here.,couple,historical,,,,,,,,,
Umar and Umm Kulthum bint Ali,Umar,Umm Kulthum bint Ali,islam::umar,islam::umm_kulthum_bint_ali,1,Zayd,1,Ruqayyah,0,islam,"Musab ibn Abd Allah al-Zubayri, Nasab Quraysh, ed. E. Levi-Provencal, Dar al-Maarif, 1953, printed pp. 349: https://mc.dlib.nyu.edu/files/books/nyu_aco001366/nyu_aco001366_lo.pdf#page=393","This genealogy explicitly assigns Zayd and Ruqayya to Umm Kulthum bint Ali. Counts unchanged; this records this source's attribution, not agreement among all traditions.",couple,historical,,,,,,,,,
Umar and Zaynab bint Mazun,Umar,Zaynab bint Mazun,islam::umar,islam::zaynab_bint_mazun,2,"Abdullah, Abd al-Rahman al-Akbar",1,Hafsa,0,islam,"Musab ibn Abd Allah al-Zubayri, Nasab Quraysh, ed. E. Levi-Provencal, Dar al-Maarif, 1953, printed pp. 348-349: https://mc.dlib.nyu.edu/files/books/nyu_aco001366/nyu_aco001366_lo.pdf#page=392","Confirms Abdullah, Abd al-Rahman al-Akbar and Hafsa as the children of Zaynab bint Mazun; corrects the inherited maternal-name transliteration. Counts unchanged.",couple,historical,,,,,,,,,
Umayya and Ama bint Abi Hamhama,Umayya,Ama bint Abi Hamhama,islam::umayya,islam::ama_bint_abi_hamhama,5,Harb; Abu Harb; Abu Sufyan; Sufyan; Amr,1,Umayya,0,islam,"Musab ibn Abd Allah al-Zubayri, Nasab Quraysh, ed. E. Levi-Provencal, Dar al-Maarif, 1953, printed pp. 100: https://mc.dlib.nyu.edu/files/books/nyu_aco001366/nyu_aco001366_lo.pdf#page=144","Moves Harb from the former unnamed-mother record and includes his four full brothers and sister, explicitly assigned to Ama. Abu Sufyan and Sufyan are separate names in the enumeration; this Abu Sufyan is not Harb's son of that name. The daughter Umayya is not an alias of her father.",couple,legendary,,,,,,,,,
Umayya and Amina bint Aban,Umayya,Amina bint Aban,islam::umayya,islam::amina_bint_aban,4,Abu al-As; al-As; Abu al-Is; al-Uways,3,Safiyya; Arwa; daughter married to Amr ibn Fuqaym (name reading uncertain),0,islam,"Musab ibn Abd Allah al-Zubayri, Nasab Quraysh, ed. E. Levi-Provencal, Dar al-Maarif, 1953, printed pp. 98-99: https://mc.dlib.nyu.edu/files/books/nyu_aco001366/nyu_aco001366_lo.pdf#page=142","Splits the inherited two-son entry by mother. Four sons and three daughters are assigned to Amina; Harb belongs to Ama. The online transcription renders the third daughter's name Buna, but its spelling is uncertain in the inspected scan; the marriage clause identifies the counted daughter without guessing a normalized name. These two maternal groups are not all of Umayya's children: Abu Amr is assigned to another mother on p. 100.",couple,legendary,,,,,,,,,
Uthman and Fatimah bint al-Walid,Uthman,Fatimah bint al-Walid,islam::uthman,islam::fatimah_bint_al_walid,2,Walid; Sa'id,1,Umm Sa'id,0,islam,"al-Tabari, History, vol. XV, The Crisis of the Early Caliphate, trans. R. Stephen Humphreys (SUNY Press, 1990), p. 254, His Children and Wives, items 4 and 6; https://www.emaanlibrary.com/wp-content/uploads/2016/08/Tabari_Volume_15.pdf#page=279",The cited list assigns these three children to Fatimah bint al-Walid b. Abd Shams. Umm Said is counted once as a daughter. This repairs the misplaced child list previously attached to Ramlah.,couple,historical,,,,,,,,,
Uthman and Ramlah bint Shaybah,Uthman,Ramlah bint Shaybah,islam::uthman,islam::ramlah_bint_shaybah,0,,3,Aisha; Umm Aban; Umm Amr,0,islam,"al-Tabari, History, vol. XV, The Crisis of the Early Caliphate, trans. R. Stephen Humphreys (SUNY Press, 1990), p. 254, His Children and Wives, items 4 and 6; https://www.emaanlibrary.com/wp-content/uploads/2016/08/Tabari_Volume_15.pdf#page=279","The cited list assigns three daughters to Ramlah. Walid, Said, and Umm Said belong to Fatimah bint al-Walid and are recorded separately. Zero sons reflects this enumeration, not a claim of universal absence.",couple,historical,,,,,,,,,
Uthman and Ruqayyah bint Muhammad,Uthman,Ruqayyah bint Muhammad,islam::uthman,islam::ruqayyah_bint_muhammad,1,Abdullah,0,,0,islam,"al-Tabari, History, vol. 15, trans. R. Stephen Humphreys, p. 254, His Wives and Children: https://www.emaanlibrary.com/wp-content/uploads/2016/08/Tabari_Volume_15.pdf#page=279",The maternal enumeration explicitly states that Ruqayyah bore Abdullah. Count unchanged; other wives and children of Uthman in the same list are outside this selected maternal record.,couple,historical,,,,,,,,,
Zubayr ibn al-Awwam and Asma bint Abi Bakr,Zubayr ibn al-Awwam,Asma bint Abi Bakr,islam::zubayr_ibn_alawwam,islam::asma_bint_abi_bakr,4,Abdullah; Urwah; Asim; al-Muhajir,3,Khadijah al-Kubra; Umm al-Hasan; Aisha,0,islam,"al-Tabari, History, vol. 39, trans. Ella Landau-Tasseron: https://ghayb.com/wp-content/uploads/2016/09/Tabari_Volume_39.pdf#page=224 ; printed p. 193","Replaces the inherited two-son subset with the four sons and three daughters enumerated in Asma's biography. This is the selected account, not a claim that it exhausts every genealogy of Zubayr.",couple,historical,,,,,,,,,
Mahavira (24th Tirthankara) and Yashoda,Mahavira,Yashoda,jain::mahavira,jain::yashoda,0,,1,Priyadarshana (Anojja),0,jain,"Acaranga Sutra 2.15.15, Hermann Jacobi translation, pp. 193-194: https://sacred-texts.com/book/jaina-sutras-part-i/shell/book-ii-lecture-15 ; Hemacandra, Trishashtishalakapurusacaritra, Helen M. Johnson translation, 10.2, Marriage of Mahavira: https://www.wisdomlib.org/jainism/book/trishashti-shalaka-purusha-caritra/d/doc215936.html",The Svetambara account names Yashoda as Mahavira's wife and Priyadarshana (Anojja) as their daughter. Baseline count unchanged. The Digambara account denies the marriage and is retained in the alternate columns.,couple,legendary,,mahavira_digambara_celibacy,0,,0,,0,"Ascetic Life of Mahavira, section Mahavira's Natural Bend of Mind, JainWorld: https://jainworld.jainworld.com/jainbooks/images/26/ASCETIC_LIFE_OF_MAHAVIRA.htm","The comparative account reports that Digambara books deny Mahavira's marriage, whereas the Svetambara account names Yashoda and their daughter. This alternative removes the daughter and does not affirm the baseline couple label as a marriage."
Nabhi and Marudevi,Nabhi,Marudevi,jain::nabhi,jain::marudevi,1,Rishabhanatha (Adinatha),1,Sumangala,0,jain,"Hemacandra, Trishashtishalakapurusacaritra, Helen M. Johnson translation, 1.2, Birth of Rishabha and Rishabha's childhood: https://www.wisdomlib.org/jainism/book/trishashti-shalaka-purusha-caritra/d/doc212436.html ; https://www.wisdomlib.org/jainism/book/trishashti-shalaka-purusha-caritra/d/doc212440.html","Adds Sumangala, explicitly named as the daughter born as Rishabha's twin in the childhood section. This is the same Sumangala later counted as Rishabha's wife, not an additional namesake.",couple,legendary,,,,,,,,,
Rishabhanatha and Sumangala,Rishabhanatha,Sumangala,jain::rishabhanatha,jain::sumangala,99,"Bharata, and 98 others",1,Brahmi,0,jain,"Hemacandra, Trishashtishalakapurusacaritra, Helen M. Johnson translation, 1.2, Coronation as king: https://www.wisdomlib.org/jainism/book/trishashti-shalaka-purusha-caritra/d/doc212443.html","Sumangala first bears Bharata and Brahmi, then forty-nine pairs of twin sons: 1 + 98 = 99 sons and one daughter. Counts unchanged; replaces broad references with the passage supporting the enumeration.",mythical_count,legendary,,,,,,,,,
Rishabhanatha and Sunanda,Rishabhanatha,Sunanda,jain::rishabhanatha,jain::sunanda,1,Bahubali,1,Sundari,0,jain,"Hemacandra, Trishashtishalakapurusacaritra, Helen M. Johnson translation, 1.2, Coronation as king: https://www.wisdomlib.org/jainism/book/trishashti-shalaka-purusha-caritra/d/doc212443.html","The same birth sequence assigns Bahubali and Sundari to Sunanda, separately from Sumangala's children. Counts unchanged.",couple,legendary,,,,,,,,,
Siddhartha and Trishala,Siddhartha,Trishala,jain::siddhartha,jain::trishala,2,Nandivardhana; Mahavira (Vardhamana),1,Sudarsana,0,jain,"Acaranga Sutra 2.15.15, Hermann Jacobi translation, pp. 193-194: https://sacred-texts.com/book/jaina-sutras-part-i/shell/book-ii-lecture-15 ; Hemacandra, Trishashtishalakapurusacaritra, Helen M. Johnson translation, 10.2, Birth of Mahavira: https://www.wisdomlib.org/jainism/book/trishashti-shalaka-purusha-caritra/d/doc215933.html","Adds Mahavira's elder brother Nandivardhana and elder sister Sudarsana from the Acaranga family roster; Hemacandra also calls them Siddhartha's children. Assigning the siblings to the named parental household follows that roster, rather than an independent birth narrative for each sibling. Mahavira's birth narrative transfers the embryo from Devananda to Trishala, so the parent fields do not establish conception parentage.",couple,legendary,,,,,,,,,
Ilmatar (Water-Mother),none,Ilmatar,,kalevala::ilmatar,1,Väinämöinen,0,,0,kalevala,"Elias Lonnrot, Kalevala, trans. John Martin Crawford (1888), Rune I, Birth of Wainamoinen: https://www.gutenberg.org/files/5186/5186-h/5186-h.htm","The narrative names Ilmatar as Vainamoinen's mother and describes conception through storm-wind and sea. No named personal father is supplied; none in the spouse field encodes this supernatural origin, not an assertion that the poem lacks a conception mechanism. Counts unchanged.",single_divine,legendary,,,,,,,,,
Louhi (children in Runo 38; father unassigned),unknown,Louhi,,kalevala::louhi,1,unnamed infant brother of the second daughter,2,Ilmarinen's first wife (deceased); her younger sister,0,kalevala,"Elias Lonnrot, Kalevala, trans. W. F. Kirby (1907), Runo XXXVIII, lines 27-94: https://en.wikisource.org/wiki/Kalevala_(Kirby_1907)/Runo_38 ; trans. John Martin Crawford (1888), Rune XXXVIII: https://www.gutenberg.org/files/5186/5186-h/5186-h.htm","Corrects the inherited collapse of two daughters into one. Ilmarinen explicitly seeks Louhi's second daughter after her sister's death. Also counts the speaking infant as their brother: both English translations use he, and Crawford calls the maiden a daughter of the infant's mother. This is a literal kinship reading of the poetic speaker; the two-daughter-only scope is retained as an alternative. The passage does not assign a common father to all three, so this is a maternal aggregate.",multi_wife_agg,legendary,,louhi_two_daughters_scope,0,,2,Ilmarinen's first wife (deceased); her younger sister,0,"Elias Lonnrot, Kalevala, trans. W. F. Kirby (1907), Runo XXXVIII, lines 27-94: https://en.wikisource.org/wiki/Kalevala_(Kirby_1907)/Runo_38 ; trans. John Martin Crawford (1888), Rune XXXVIII: https://www.gutenberg.org/files/5186/5186-h/5186-h.htm","Counts only the two daughters explicitly identified as Louhi's children, excluding the stock speaking-infant episode from the family enumeration. The baseline reads the infant's sibling language literally. This is a coding-scope alternative, not a disagreement about the existence of the two sisters or a claim that Louhi had no sons."
Senglon Gyalpo and Lhakar Dronma,Senglon Gyalpo,Lhakar Dronma,king_gesar::senglon_gyalpo,king_gesar::lhakar_dronma,1,Gesar (Chori),0,,0,king_gesar,"Tulku Thondup, introduction to Douglas J. Penick, The Warrior Song of King Gesar, lineage paragraph and note ix, posted June 22, 2016: https://www.tulkuthondup.com/blog/introduction-the-warrior-song-of-king-gesar","The opening lineage explicitly identifies Gesar's parents as Senglon Gyalpo and Lhakar Dronma of Gog, also called Gogza Lhamo or Gogmo. Gesar and Gyatsa are separate maternal records for half-brothers under the same father, not a father-son pair. Thondup's note v acknowledges other sources assigning Gesar a divine father; no specific account or divine name is supplied there, so this row records only the explicit human-parent lineage. Zero daughters means none enumerated here.",couple,legendary,,,,,,,,,
Senglon Gyalpo and mother of Gyatsa (unnamed),Senglon Gyalpo,unknown,king_gesar::senglon_gyalpo,,1,Gyatsa Zhalkar,0,,0,king_gesar,"Tulku Thondup, introduction to Douglas J. Penick, The Warrior Song of King Gesar, lineage paragraph and note ix, posted June 22, 2016: https://www.tulkuthondup.com/blog/introduction-the-warrior-song-of-king-gesar","Corrects the inherited generation error: Gyatsa is Gesar's half-brother, and the lineage paragraph identifies Senglon Gyalpo as father of both. It does not explicitly identify Gyatsa's mother; the mention of Senglon's first wife Gyaza is not used to infer maternity. Replaces the unsupported Gesar-Brugmo son attribution. Zero daughters means none enumerated in this selected account.",spouse_unnamed,legendary,,,,,,,,,
Amaterasu (ukehi claimed offspring),none,Amaterasu,,kojiki::amaterasu,5,Oshihomimi; Amenohohi; Amatsuhikone; Ikutsuhikone; Kumanokusubi,0,,0,kojiki,"Kojiki, Basil Hall Chamberlain translation (1882), section XIV, division of male and female children: https://en.wikisource.org/wiki/Kojiki_(Chamberlain,_1882)/Section_14","Section XIV assigns the five male deities to Amaterasu because they originate from her jewels, and the three female deities to Susanoo because they originate from his sword. Splits the inherited ritual total into non-overlapping claimed offspring groups and moves Amaterasu to the female-parent field. These are ritual origin relationships, not a married couple or biological births.",single_divine,mythological,,ukehi_ritual_performer,0,,3,Takiribime; Ichikishimahime; Takitsuhime,0,"Kojiki, Basil Hall Chamberlain translation (1882), section XIII, The August Oath: https://en.wikisource.org/wiki/Kojiki_(Chamberlain,_1882)/Section_13","Alternative unit: attributes each deity to the ritual performer in section XIII, rather than to the owner of the source object as declared in XIV. Amaterasu produces three females from Susanoo's sword; Susanoo produces five males from her jewels. These linked changes exchange the groups without duplicating births or asserting biological parenthood. This is a counting-rule difference within one text, not contradictory textual testimony."
Izanagi (Three Precious Children),Izanagi,none,kojiki::izanagi,,2,"Tsukuyomi, Susanoo",1,Amaterasu,0,kojiki,"Kojiki, trans. Basil Hall Chamberlain (1882), sections 10, 11, 12, 13: https://en.wikisource.org/wiki/Kojiki_(Chamberlain,_1882)/Section_10 ; https://en.wikisource.org/wiki/Kojiki_(Chamberlain,_1882)/Section_11 ; https://en.wikisource.org/wiki/Kojiki_(Chamberlain,_1882)/Section_12 ; https://en.wikisource.org/wiki/Kojiki_(Chamberlain,_1882)/Section_13","Selected Three Precious Children: Amaterasu from the left eye, Tsukuyomi from the right eye, Susanoo from the nose. X also enumerates other deities from clothing and purification; these are outside this explicitly limited three-child record. Does not represent all deities generated by Izanagi. The single-parent column describes the ritual origin; no consort is assigned.",single_divine,mythological,,,,,,,,,
Izanagi and Izanami (direct deity births),Izanagi,Izanami,kojiki::izanagi,kojiki::izanami,12,Hiruko (leech-child); Ohokotooshiwo (Great-Male-of-the-Great-Thing); Ihatsuchibiko (Rock-Earth-Prince); Ohotobiwake (Great-Door-Sun-Youth); Amenofukiwo (Heavenly-Blowing-Male); Ohoyabiko (Great-House-Prince); Kazagetsuwakenooshiwo (Youth-of-the-Wind-Breath-the-Great-Male); Owatatsumi (Great-Ocean-Possessor); Hayaakitsuhiko (Prince-of-Swift-Autumn); Shinatsuhiko (Prince-of-Long-Wind); Oyamatsumi (Great-Mountain-Possessor); Kagutsuchi (Fire-Burning-Swift-Male),4,Ihasubime (Rock-Nest-Princess); Hayaakitsuhime (Princess-of-Swift-Autumn); Kayanuhime (Thatch-Moor-Princess); Ogetsuhime (Princess-of-Great-Food),2,kojiki,"Kojiki, trans. Basil Hall Chamberlain (1882), sections 4, 6, 7, 37, 40: https://en.wikisource.org/wiki/Kojiki_(Chamberlain,_1882)/Section_4 ; https://en.wikisource.org/wiki/Kojiki_(Chamberlain,_1882)/Section_6 ; https://en.wikisource.org/wiki/Kojiki_(Chamberlain,_1882)/Section_7 ; https://en.wikisource.org/wiki/Kojiki_(Chamberlain,_1882)/Section_37 ; https://en.wikisource.org/wiki/Kojiki_(Chamberlain,_1882)/Section_40","Replaces the inherited two-son selection with Hiruko in IV and all 17 direct deity births in VI: 18 children. The two with sex left unspecified are Kukunochi (Stem-Elder) and Torinoiwakusufune (Bird-Rock-Camphor-tree-Boat); this is a limit of the cited passages, not a claim about every tradition. Sex follows explicit male/female titles, Latin filium for Hiruko, and fatherhood for Oyamatsumi (XXXVII) and Owatatsumi (XL). Excludes island births, the grandchildren interleaved in VI, and separate bodily-emission births in VII. VII's collective total mixes generations and has an arithmetic discrepancy noted by Chamberlain; it is not used as a direct-child total. Hiruko is retained as a birth despite exclusion from the text's acknowledged offspring count.",couple,mythological,,,,,,,,,
Ninigi and Konohanasakuya-hime,Ninigi,Konohanasakuya-hime,kojiki::ninigi,kojiki::konohanasakuyahime,3,"Hoderi (Umisachihiko), Hosuseri, Hoori (Yamasachihiko)",0,,0,kojiki,"Kojiki, trans. Basil Hall Chamberlain (1882), sections 37, 38: https://en.wikisource.org/wiki/Kojiki_(Chamberlain,_1882)/Section_37 ; https://en.wikisource.org/wiki/Kojiki_(Chamberlain,_1882)/Section_38","XXXVII identifies the parents and their union; XXXVIII enumerates the three children born during the burning of the birth hall. The translation's notes identify Hoderi, Hosuseri and Hoori and call them brothers. Keeps the Kojiki names and count; does not silently merge differently named Nihon Shoki versions.",couple,legendary,,,,,,,,,
Susanoo (ukehi claimed offspring),Susanoo,none,kojiki::susanoo,,0,,3,Takiribime; Ichikishimahime; Takitsuhime,0,kojiki,"Kojiki, Basil Hall Chamberlain translation (1882), section XIV, division of male and female children: https://en.wikisource.org/wiki/Kojiki_(Chamberlain,_1882)/Section_14",The three Munakata goddesses are assigned to Susanoo in section XIV because the sword is his. This ritual-origin group is separate from Yashimajinumi under Kushinadahime. Counts each ritual offspring once; the production-based alternative follows the performer instead of the owner of the objects.,single_divine,mythological,,ukehi_ritual_performer,5,Oshihomimi; Amenohohi; Amatsuhikone; Ikutsuhikone; Kumanokusubi,0,,0,"Kojiki, Basil Hall Chamberlain translation (1882), section XIII, The August Oath: https://en.wikisource.org/wiki/Kojiki_(Chamberlain,_1882)/Section_13","Alternative unit: attributes each deity to the ritual performer in section XIII, rather than to the owner of the source object as declared in XIV. Amaterasu produces three females from Susanoo's sword; Susanoo produces five males from her jewels. These linked changes exchange the groups without duplicating births or asserting biological parenthood. This is a counting-rule difference within one text, not contradictory textual testimony."
Susanoo and Kushinadahime,Susanoo,Kushinadahime,kojiki::susanoo,kojiki::kushinadahime,1,Yashimajinumi,0,,0,kojiki,"Kojiki, trans. Basil Hall Chamberlain (1882), sections 18, 19, 20: https://en.wikisource.org/wiki/Kojiki_(Chamberlain,_1882)/Section_18 ; https://en.wikisource.org/wiki/Kojiki_(Chamberlain,_1882)/Section_19 ; https://en.wikisource.org/wiki/Kojiki_(Chamberlain,_1882)/Section_20","XVIII-XIX identify Kushinadahime and the union; XX explicitly gives their child Yashimajinumi (Eight-Island-Ruler), then calls him the elder brother. Counts this maternal branch; the following line names offspring of Susanoo with a different mother, not additional children of Kushinadahime.",couple,mythological,,,,,,,,,
Koroghlu and Nigar,Koroghlu,Nigar,koroghlu::koroghlu,koroghlu::nigar,1,Hasan Bey,0,,0,koroghlu,"Dogan Kaya, Turk Dunyasinda Koroglu Kollari (Ataturk Kultur Merkezi, 2023), Koroglu-Han Nigar-Hasan Bey-Telli Nigar branch, pp. 400-403: https://akmb.gov.tr/wp-content/uploads/2023/04/Turk-Dunyasinda-Koroglu-Kollari-27.12.2024.pdf",Hasan Bey is born to Han Nigar and later recognized by Koroghlu in this Anatolian branch. Replaces the unsupported Chodzko 1842 reference; count unchanged. Chodzko's earlier childlessness and adoption of Ayvaz do not establish a conflicting lifetime birth count.,couple,legendary,,,,,,,,,
Abhimanyu and Uttara,Abhimanyu,Uttara,mahabharat::abhimanyu,mahabharat::uttara,1,Parikshit,0,,0,mahabharat,"Mahabharata, Adi Parva, section XCV, trans. Kisari Mohan Ganguli: https://sacred-texts.com/hin/m01/m01096.htm","The genealogy identifies Uttara as Abhimanyu's wife and describes their child Parikshit being revived by Vasudeva after birth. Counts that child once, not as a new birth when revived.",couple,legendary,,,,,,,,,
Adhiratha and Radha,Adhiratha,Radha,mahabharat::adhiratha,mahabharat::radha,1,Karna (adopted),0,,0,mahabharat,"Mahabharata, Vana Parva, section CCCVII, Kisari Mohan Ganguli translation: https://www.wisdomlib.org/hinduism/book/the-mahabharata-mohan/d/doc7590.html","The passage explicitly describes Radha adopting Karna (Vasusena) and the couple raising him. Retains this adoptive relationship alongside his separate birth-parent record under Surya and Kunti; totals therefore count parent-child records, not unique people or births. The passage also mentions later biological sons of Adhiratha without numbering them or naming their mother; they are outside this one-child adoption record. Zero daughters means none enumerated here.",couple,legendary,,,,,,,,,
Agni and Svaha,Agni,Svaha,mahabharat::agni,mahabharat::svaha,3,"Pavaka, Pavamana, Suchi",0,,0,mahabharat,"Vishnu Purana 1.10.14-15, McComas Taylor translation: https://press-files.anu.edu.au/downloads/press/n8264/html/book01.xhtml","The passage explicitly gives Agni and Svaha three sons. Agneyi is retained separately under Agni with her mother unassigned: Dowson identifies the father, but the checked references do not establish Svaha as her mother. This separation preserves the daughter without inventing maternity.",couple,mythological,,,,,,,,,
Agni and mother of Agneyi (unnamed),Agni,unknown,mahabharat::agni,,0,,1,Agneyi,0,mahabharat,"John Dowson, A Classical Dictionary of Hindu Mythology and Religion, entry Angiras (Agneyi identified as Agni's daughter). https://lakshminarayanlenasia.com/articles/Downson-Religion.pdf","Dowson identifies Agneyi, wife of Uru, as Agni's daughter in the Angiras entry. Her mother is not named. Moved from Agni-Svaha to avoid treating the wife named in a separate three-son genealogy as a proven mother of this daughter.",spouse_unnamed,mythological,,,,,,,,,
Angiras and Subha,Angiras,Subha,mahabharat::angiras,mahabharat::subha,1,Brihaspati,8,Bhanumati; Raga; Sinivali; Archismati; Havishmati; Mahismati; Mahamati; Kuhu,0,mahabharat,"Mahabharata, Vana Parva, section CCXVII, trans. Kisari Mohan Ganguli, volume 1: https://www.gutenberg.org/ebooks/15474","Corrects a generation error: Subha is Angiras's wife in this passage; Brihaspati is their son. The passage enumerates seven daughters by ordinal number and then adds Kuhu, giving eight named daughters. The inherited seven names omitted Kuhu and misassigned the father. This is a separate source account from the Angiras-Shraddha record.",couple,legendary,,,,,,,,,
Aniruddha and Rocana,Aniruddha,Rocana,mahabharat::aniruddha,mahabharat::rocana,1,Vajra,0,,0,mahabharat,Bhagavata Purana 10.90.37 (BBT): https://vedabase.io/en/library/sb/10/90/37/,"Replaces the inherited two-son Usha record with the explicit one-son genealogy: Vajra by Rocana, Rukmi's granddaughter. The checked genealogy does not enumerate Vajra and Vajranabha as two distinct sons. Wilson calls the mother Subhadra; the linked alternative preserves that name without adding a second child or equating her with Arjuna's wife. Usha's marriage alone does not establish her maternity.",couple,legendary,,aniruddha_wilson_mother,0,,0,,0,"Vishnu Purana 4.15, H. H. Wilson translation: https://www.wisdomlib.org/hinduism/book/vishnu-purana-wilson/d/doc116012.html","The linked Subhadra row carries the one son in Wilson's account. This changes the maternal name, not the number of sons."
Aniruddha and Subhadra (Wilson account),Aniruddha,Subhadra (Rukmi's granddaughter),mahabharat::aniruddha,mahabharat::subhadra_rukmi_granddaughter,0,,0,,0,mahabharat,"Vishnu Purana 4.15, H. H. Wilson translation: https://www.wisdomlib.org/hinduism/book/vishnu-purana-wilson/d/doc116012.html",Inactive in the baseline; used only for Wilson's alternative maternal name. Zero is not a childlessness claim. Both sources identify Rukmi's granddaughter; these rows do not establish two distinct women.,couple,legendary,,aniruddha_wilson_mother,1,Vajra,0,,0,"Vishnu Purana 4.15, H. H. Wilson translation: https://www.wisdomlib.org/hinduism/book/vishnu-purana-wilson/d/doc116012.html",Wilson explicitly names Subhadra as Aniruddha's wife and Vajra's mother. Applied together with the Rocana row so Vajra counts once.
Arjuna and Chitrangada,Arjuna,Chitrangada,mahabharat::arjuna,mahabharat::chitrangada,1,Babruvahana,0,,0,mahabharat,"Mahabharata, Adi Parva, section CCXIX, trans. Kisari Mohan Ganguli, volume 1: https://www.gutenberg.org/ebooks/15474","The passage explicitly names Vabhruvahana as the son Arjuna begot on Chitrangada and finds him ruling Manipura. Retains one son, with the inherited spelling Babruvahana.",couple,legendary,,,,,,,,,
Arjuna and Draupadi,Arjuna,Draupadi,mahabharat::arjuna,mahabharat::draupadi,1,Shrutakarma,0,,0,mahabharat,"Mahabharata, Adi Parva, section CCXXIII, trans. Kisari Mohan Ganguli: https://sacred-texts.com/hin/m01/m01224.htm","Retains Srutakarman as named in the explicit five-son birth account. The earlier genealogy in section XCV instead gives Arjuna's son as Srutakriti and Sahadeva's as Srutakarman; those names are preserved as a paired alternative, not extra children.",couple,legendary,,draupadi_adi_95_names,1,Srutakriti,0,,0,"Mahabharata, Adi Parva, section XCV, trans. Kisari Mohan Ganguli: https://sacred-texts.com/hin/m01/m01096.htm",Uses Arjuna's son-name in the earlier genealogy. Apply with the Sahadeva/Draupadi name change; both accounts enumerate five sons in total.
Arjuna and Subhadra,Arjuna,Subhadra,mahabharat::arjuna,mahabharat::subhadra,1,Abhimanyu,0,,0,mahabharat,"Mahabharata, Adi Parva, section XCV, trans. Kisari Mohan Ganguli: https://sacred-texts.com/hin/m01/m01096.htm",The genealogy explicitly identifies Abhimanyu as the son of Arjuna and Subhadra. Retains this maternal household separately from Arjuna's other children.,couple,legendary,,,,,,,,,
Arjuna and Ulupi,Arjuna,Ulupi,mahabharat::arjuna,mahabharat::ulupi,1,Iravan,0,,0,mahabharat,"Mahabharata, Adi Parva, section CCXVI, trans. Kisari Mohan Ganguli, volume 1: https://www.gutenberg.org/ebooks/15474 ; Mahabharata, Bhishma Parva, section XCI, trans. Kisari Mohan Ganguli, volume 2: https://www.gutenberg.org/ebooks/15475","The Bhishma passage explicitly describes Iravat as Arjuna's son by the widowed Naga princess; the identification with Ulupi uses the earlier Adi narrative. This is one child, not separate sons named Iravan and Iravat.",couple,legendary,,,,,,,,,
Ashvapati and Malavi,Ashvapati,Malavi,mahabharat::ashvapati,mahabharat::malavi,100,100 sons (unnamed),1,Savitri,0,mahabharat,"Mahabharata, Vana Parva, Savitri narrative, opening birth account and final paragraph; Ganguly-based text: https://www.vyasaonline.com/2018/06/06/savitri/mahabharata/","Corrects a conflation with Sagara: Malavi is the mother of Savitri and the hundred sons born to Ashvapati. The ending reports actual births after the boon, not merely a promise. The inherited count of 106 sons has no support in this passage. These are separate from Sagara and Sumati's 60000 sons. Retains the inherited mythical_count flag for the extraordinary collective birth.",mythical_count,legendary,,,,,,,,,
Bahlika and wife (unnamed),Bahlika,unknown,mahabharat::bahlika,,1,Somadatta,1,Pauravi (Rohini in Wilson's note),0,mahabharat,"Mahabharata, Asramavasika Parva, section XXIX, including translator note 47, trans. Kisari Mohan Ganguli, volume 4: https://www.gutenberg.org/ebooks/15477 ; Vishnu Purana 4.15, H. H. Wilson translation: https://www.wisdomlib.org/hinduism/book/vishnu-purana-wilson/d/doc116012.html (note 1)","Somadatta's father is explicitly identified as Valhika in Ganguli's note. Wilson's note identifies Pauravi, described as a second Rohini, as Bahlika's daughter according to the Vayu. Replaces the unnamed daughter with that source-specific identification; it does not resolve all Rohini/Pauravi identifications across texts. Maternity is unassigned.",spouse_unnamed,legendary,,,,,,,,,
Balarama and Revati,Balarama,Revati,mahabharat::balarama,mahabharat::revati,2,"Nisatha, Ulmuka",0,,0,mahabharat,"Vishnu Purana 4.15, H. H. Wilson translation: https://www.wisdomlib.org/hinduism/book/vishnu-purana-wilson/d/doc116012.html",Wilson's genealogy explicitly identifies Nisatha and Ulmuka as the two sons of Balabhadra and Revati. Replaces the broad Bhagavata/Harivamsa reference with the passage actually checked.,couple,legendary,,,,,,,,,
Bhagadatta and wife (unnamed),Bhagadatta,unknown,mahabharat::bhagadatta,,1,Vajradatta,0,,0,mahabharat,"Mahabharata, Aswamedha Parva LXXV and Bhishma Parva XCVI, trans. Kisari Mohan Ganguli: https://sacred-texts.com/hin/m14/m14075.htm ; https://sacred-texts.com/hin/m06/m06096.htm","Corrected two sons to the one directly identified here, Vajradatta. Supratika, formerly entered as a son, is explicitly Bhagadatta's elephant in the battle passage. The mother of Vajradatta is not identified. Secondary web summaries also name Pushpadatta, but no corresponding primary passage has been verified in this audit; this selected count is not a denial of other children.",spouse_unnamed,legendary,,,,,,,,,
Bharadvaja (Drona; vessel birth),Bharadvaja,none,mahabharat::bharadvaja,,1,Dronacharya,0,,0,mahabharat,"Mahabharata, Adi Parva, section CXXXI, trans. Kisari Mohan Ganguli, volume 1: https://www.gutenberg.org/ebooks/15474","Drona arises from Bharadwaja's semen held in a vessel after he sees Ghritachi. Drona later explicitly says he was not born in a woman's womb. Corrects the inherited couple label: Ghritachi is part of the conception episode, not an established birth mother. Yavakrida is retained in a separate narrative record, not asserted to be another son in this account.",single_divine,legendary,,,,,,,,,
"Bharadvaja and wife (unnamed, other tradition)",Bharadvaja,unknown,mahabharat::bharadvaja,,1,Yavakrida,0,,0,mahabharat,"Mahabharata, Vana Parva, section CXXXV, trans. Kisari Mohan Ganguli, volume 1: https://www.gutenberg.org/ebooks/15474",This narrative explicitly calls Yavakri the only son of Bharadwaja. The mother is unnamed. The separate Drona narrative is not evidence for an additional maternal household in this episode; the records preserve different narrative scopes rather than a reconstructed two-son family.,spouse_unnamed,legendary,,,,,,,,,
Bharata (sons; mothers unassigned),Bharata,multiple,mahabharat::bharata,,10,nine unnamed sons (killed); Bhumanyu,0,,0,mahabharat,"Mahabharata, Adi Parva, section XCIV, trans. Kisari Mohan Ganguli: https://sacred-texts.com/hin/m01/m01095.htm","Replaces the unsupported adopted-child label with the explicit section XCIV account: nine sons by three unnamed wives were killed, after which Bharata obtained Bhumanyu through a sacrifice and Bharadwaja's grace. Counts ten children including the nine deaths. The passage does not establish ordinary adoption or name Bhumanyu's mother. Section XCV instead explicitly names Sunanda as Bhumanyu's mother; that one-son genealogy is retained as an alternative rather than forcing the accounts into one maternal roster.",multi_wife_agg,legendary,,bharata_sunanda_genealogy,1,Bhumanyu,0,,0,"Mahabharata, Adi Parva, section XCV, trans. Kisari Mohan Ganguli: https://sacred-texts.com/hin/m01/m01096.htm","Section XCV explicitly identifies Bhumanyu as Bharata's son by Sunanda, daughter of Sarvasena of Kasi. It does not enumerate the nine earlier sons found in section XCIV. This alternative uses the narrower genealogy and explicit maternal attribution; it does not affirm that the omitted births never occurred."
Bhima and Draupadi,Bhima,Draupadi,mahabharat::bhima,mahabharat::draupadi,1,Sutasoma,0,,0,mahabharat,"Mahabharata, Adi Parva, section CCXXIII, trans. Kisari Mohan Ganguli: https://sacred-texts.com/hin/m01/m01224.htm","The birth passage explicitly assigns one of Draupadi's five sons to this father. Counts one child in this maternal household; the five sons are recorded separately by father, not again as a family aggregate.",couple,legendary,,,,,,,,,
Bhima and Hidimbi,Bhima,Hidimbi,mahabharat::bhima,mahabharat::hidimbi,1,Ghatotkacha,0,,0,mahabharat,"Mahabharata, Adi Parva, section XCV, trans. Kisari Mohan Ganguli: https://sacred-texts.com/hin/m01/m01096.htm",The genealogy explicitly names Ghatotkacha as Bhimasena's son by Hidimva. Hidimbi is the retained spelling of the mother; the brother Hidimva is not a second parent.,couple,legendary,,,,,,,,,
Bhima and Valandhara,Bhima,Valandhara,mahabharat::bhima,mahabharat::valandhara,1,Sarvaga,0,,0,mahabharat,"Mahabharata, Adi Parva, section XCV, trans. Kisari Mohan Ganguli: https://sacred-texts.com/hin/m01/m01096.htm","The genealogy explicitly names Valandhara, daughter of the king of Kasi, and their son Sarvaga. Retains one named son.",couple,legendary,,,,,,,,,
Bhrigu and Puloma,Bhrigu,Puloma,mahabharat::bhrigu,mahabharat::puloma,1,Chyavana,0,,0,mahabharat,"Mahabharata, Adi Parva, section V-VI, trans. Kisari Mohan Ganguli, volume 1: https://www.gutenberg.org/ebooks/15474 ; Mahabharata, Adi Parva, section LXVI, trans. Kisari Mohan Ganguli, volume 1: https://www.gutenberg.org/ebooks/15474 ; Vishnu Purana 1.8.14, McComas Taylor translation: https://press-files.anu.edu.au/downloads/press/n8264/html/book01.xhtml","The Puloma birth episode identifies Chyavana. Shukra is Bhrigu's son in LXVI but has no mother named there, so he is moved to an unassigned-mother record. Khyati (Renown) is Bhrigu's wife in Vishnu Purana 1.8.14, not his daughter; removes that false daughter attribution.",couple,legendary,,bhrigu_mani_seven,7,Shukra; six other sons (not named in this entry),0,,0,"Vettam Mani, Puranic Encyclopaedia (1975), p. 760, Sukra I, Birth: https://images.dh.uni-koeln.de/sanskrit/pes/pg_766.pdf","Mani reports seven sons of Bhrigu and Puloma, with Shukra the strongest. This broader enumeration replaces the two selected sons in the baseline; it does not add seven to Chyavana or count Shukra again under an unassigned mother. The entry also discusses competing father/grandfather identifications."
Bhrigu and mother of Shukra (unnamed),Bhrigu,unknown,mahabharat::bhrigu,,1,Shukra,0,,0,mahabharat,"Mahabharata, Adi Parva, section LXVI, trans. Kisari Mohan Ganguli, volume 1: https://www.gutenberg.org/ebooks/15474",The passage explicitly names Shukra as Bhrigu's son but does not name his mother. Moved from the Puloma record without adding a second Shukra or asserting that Puloma bore him.,spouse_unnamed,legendary,,bhrigu_mani_seven,0,,0,,0,"Vettam Mani, Puranic Encyclopaedia (1975), p. 760, Sukra I, Birth: https://images.dh.uni-koeln.de/sanskrit/pes/pg_766.pdf",Moves Shukra into the seven-son Puloma account together with the linked row. Zero deactivates this unassigned-mother record only; it does not deny the child.
Brihaspati and Mamataa,Brihaspati,Mamataa,mahabharat::brihaspati,mahabharat::mamataa,1,Bharadvaja,0,,0,mahabharat,Bhagavata Purana 9.20.36 (BBT): https://vedabase.io/en/library/sb/9/20/36/ ; Bhagavata Purana 9.20.37 (BBT): https://vedabase.io/en/library/sb/9/20/37/ ; Bhagavata Purana 9.20.38 (BBT): https://vedabase.io/en/library/sb/9/20/38/,"The birth account identifies Bharadvaja as the child of Brihaspati and Mamata, the wife of his brother Utathya. These are parent labels, not a marriage claim. Kacha is moved to a separate record because the checked Mahabharata passage names his father but not his mother.",couple,legendary,,,,,,,,,
Brihaspati and mother of Kacha (unnamed),Brihaspati,unknown,mahabharat::brihaspati,,1,Kacha,0,,0,mahabharat,"Mahabharata, Adi Parva, section LXXVI, trans. Kisari Mohan Ganguli, volume 1: https://www.gutenberg.org/ebooks/15474",The passage explicitly calls Kacha Brihaspati's eldest son but does not name his mother. Removes the unsupported attribution to Mamata while retaining the son once.,spouse_unnamed,legendary,,,,,,,,,
Budha and Ila,Budha,Ila,mahabharat::budha,mahabharat::ila,1,Pururavas,0,,0,mahabharat,Bhagavata Purana 9.14 (BBT): https://vedabase.io/en/library/sb/9/14/,Verses 15-16 explicitly identify Pururavas as the son of Budha and Ila. Retains this source account; the parent columns do not encode Ila's changing gender across episodes.,couple,legendary,,,,,,,,,
Chandra and Tara,Chandra,Tara,mahabharat::chandra,mahabharat::tara,1,Budha,0,,0,mahabharat,Bhagavata Purana 9.14 (BBT): https://vedabase.io/en/library/sb/9/14/,"Verses 8-14 distinguish Tara's husband Brihaspati from Budha's father Soma (Chandra), who takes charge of the child. Corrects the father and removes the unsupported claim that Brihaspati raised Budha. Counts the one child once.",couple,legendary,,,,,,,,,
Chandra and mother of Varchas (unnamed),Chandra,unknown,mahabharat::chandra,,1,Varchas,0,,0,mahabharat,"Mahabharata, Adi Parva, section LXVII, trans. Kisari Mohan Ganguli: https://sacred-texts.com/hin/m01/m01068.htm","The incarnation narrative explicitly identifies Varchas as Soma's son who becomes Abhimanyu, but does not identify his mother. Removed the unsupported Rohini attribution from this record and left maternity unassigned. The Varchas and Abhimanyu records describe different narrative identities of an incarnation, not independent historical births.",spouse_unnamed,mythological,,,,,,,,,
Devaka and mother of children (unassigned),Devaka,unknown,mahabharat::devaka,,4,Devavan; Upadeva; Sudeva; Devavardhana,7,Shantideva; Upadeva; Shrideva; Devarakshita; Sahadeva; Devaki; Dhritadeva,0,mahabharat,Bhagavata Purana 9.24 (BBT): https://vedabase.io/en/library/sb/9/24/,"Bhagavata 9.24.21-23 explicitly gives Devaka four sons and seven daughters, including Devaki, formerly misassigned to Ugrasena. Records the full enumeration in that passage; the mother is not named. Devaka and Ugrasena are brothers, not alternate names of one father.",spouse_unnamed,legendary,,,,,,,,,
Devaki and Vasudev,Vasudev,Devaki,mahabharat::vasudev,mahabharat::devaki,7,"Kirttimat, Sushena, Udayin, Bhadrasena, Rijudasa, Bhadradeha, Krishna",0,,0,mahabharat,"Vishnu Purana 4.15, H. H. Wilson translation: https://www.wisdomlib.org/hinduism/book/vishnu-purana-wilson/d/doc116012.html","Retains Wilson's six named sons killed by Kamsa plus Krishna. Balarama is counted only with Rohini, to whom the embryo is transferred, rather than twice across these two records. The linked Bhagavata alternative preserves its different names and Subhadra, while using the same single-count rule for Balarama. Zero daughters is this passage's enumeration, not an absence claim.",couple,legendary,,vasudeva_bhagavata_rosters,7,Kirtiman; Sushena; Bhadrasena; Riju; Sammardana; Bhadra; Krishna,1,Subhadra,0,Bhagavata Purana 9.24 (BBT): https://vedabase.io/en/library/sb/9/24/ ; Bhagavata Purana 10.2.8 (BBT): https://vedabase.io/en/library/sb/10/2/8/,"Uses 9.24.53-55, which lists eight sons including Sankarshana/Balarama and one daughter. Balarama remains with Rohini under the transfer rule, so this row counts seven sons; the paired Rohini row supplies him once. This is a coding of the two genealogies, not the literal eight-son total in this verse."
Dhrishtadyumna and wife (unnamed),Dhrishtadyumna,unknown,mahabharat::dhrishtadyumna,,4,Kshatranjaya; Kshatradeva; Kshatravarman; Manada (as translated),0,,0,mahabharat,"Mahabharata, Drona Parva, section X and XXIII, trans. Kisari Mohan Ganguli, volume 2: https://www.gutenberg.org/ebooks/15475","Uses the four-name enumeration in section X rather than the inherited unsourced combination. Section XXIII separately names Kshatradharman as Dhrishtadyumna's son and Kshatradeva as Shikhandin's son. These passages are not silently combined into five distinct sons or harmonized into one roster. The identity of the Kshatradeva in the two passages and the personal-name status of Manada remain unresolved; this row codes section X as translated, not a complete reconciled genealogy.",spouse_unnamed,legendary,,,,,,,,,
Dhritarashtra and Gandhari,Dhritarashtra,Gandhari,mahabharat::dhritarashtra,mahabharat::gandhari,100,"Duryodhana, Dushasana, and 98 others",1,Dushala,0,mahabharat,"Mahabharata, Adi Parva, section CXV, trans. Kisari Mohan Ganguli: https://sacred-texts.com/hin/m01/m01116.htm ; Mahabharata, Adi Parva, section LXVII, trans. Kisari Mohan Ganguli: https://sacred-texts.com/hin/m01/m01068.htm","The birth account explicitly gives one hundred sons and one daughter in excess of the hundred; the name list in LXVII identifies Duhsala. Yuyutsu, born to another woman, is excluded from this row and retained separately. The prayer episode and this household are separate analytical units.",mythical_count,legendary,,,,,,,,,
Dhritarashtra and Vaisya mother (unnamed),Dhritarashtra,unknown,mahabharat::dhritarashtra,,1,Yuyutsu,0,,0,mahabharat,"Mahabharata, Adi Parva, section CXV, trans. Kisari Mohan Ganguli: https://sacred-texts.com/hin/m01/m01116.htm","The passage identifies Yuyutsu's mother as a Vaisya maidservant attending Dhritarashtra, without naming her. Removed the unsupported inherited name Sughada from the parent label and ID. Retains her one named son separately from Gandhari's hundred sons and daughter.",spouse_unnamed,legendary,,,,,,,,,
Drona and Kripi,Drona,Kripi,mahabharat::drona,mahabharat::kripi,1,Ashwatthama,0,,0,mahabharat,"Mahabharata, Adi Parva, section CXXXI, trans. Kisari Mohan Ganguli, volume 1: https://www.gutenberg.org/ebooks/15474","The birth narrative explicitly identifies Kripi, daughter of Saradwat, as Drona's wife and Aswatthaman's mother. Counts their named son once.",couple,legendary,,,,,,,,,
Drupad (children; mothers unassigned),Drupad,unknown,mahabharat::drupad,,10,Satyajit; Dhrishtadyumna; eight other sons (not named in this enumeration),1,Draupadi,0,mahabharat,"Mahabharata, Udyoga Parva, section LVII, trans. Kisari Mohan Ganguli, volume 2: https://www.gutenberg.org/ebooks/15475 ; Mahabharata, Adi Parva, section CLXIX, trans. Kisari Mohan Ganguli, volume 1: https://www.gutenberg.org/ebooks/15474","Retains the explicit ten-son group in Udyoga LVII, which names Satyajit and Dhrishtadyumna and mentions Shikhandin separately. It does not identify all ten sons; the inherited named list wrongly included the grandchildren Kshatradeva and Kshatradharman. The broader secondary roster is retained as an alternative. Maternity is unassigned: a queen's relationship to some children does not assign the entire roster to her. Draupadi is the daughter in the sacrificial-birth episode; these are household relationships, not ten verified biological births to one wife.",spouse_unnamed,legendary,,drupada_vyasa_eleven,11,Satyajit; Dhrishtadyumna; Shikhandi; Uttamaujas; Yudhamanyu; Kumar; Vrika; Panchalya; Suratha; Shatrunjaya; Janamejaya,1,Draupadi,0,"Vyasa Online, Drupada, Family: https://www.vyasaonline.com/encyclopedia/drupada/",The cited secondary entry explicitly lists eleven sons and one daughter. Preserves its broader roster separately from the primary ten-son group. The entry counts Shikhandi as a son after the transformation and also notes birth as a daughter. Individual identities in this secondary list have not all been reconciled with the primary text; this is not an eleven-birth independent verification.
Duryodhana and mother of children (unassigned),Duryodhana,unknown,mahabharat::duryodhana,,1,Lakshmana (son),1,Lakshmana (daughter),0,mahabharat,"Mahabharata, Shalya Parva, section 64, trans. Kisari Mohan Ganguli, volume 3: https://www.gutenberg.org/ebooks/15476 ; Bhagavata Purana 10.68.1 (BBT): https://vedabase.io/en/library/sb/10/68/1/",Duryodhana explicitly calls Lakshmana his son in Shalya 64; Bhagavata 10.68.1 names his daughter Lakshmana. The checked passages do not name their mother. Retains the two distinct children and removes the unsupported assignment of both to Bhanumati.,spouse_unnamed,legendary,,,,,,,,,
Dushasan and wife (unnamed),Dushasan,unknown,mahabharat::dushasan,,1,unnamed son (slayer of Abhimanyu),0,,0,mahabharat,"Mahabharata, Drona Parva, section LXXIII, trans. Kisari Mohan Ganguli, volume 2: https://www.gutenberg.org/ebooks/15475 ; Mahabharata, Drona Parva, section CLXX, trans. Kisari Mohan Ganguli, volume 2: https://www.gutenberg.org/ebooks/15475",LXXIII identifies the son of Dussasana who kills Abhimanyu without naming him. CLXX names a warrior Drumasena but does not identify him as this son. Retains one son and removes the unsupported personal name; no additional child is inferred from the other warrior.,spouse_unnamed,legendary,,,,,,,,,
Dushyanta and Shakuntla,Dushyanta,Shakuntla,mahabharat::dushyanta,mahabharat::shakuntla,1,Bharat,0,,0,mahabharat,"Mahabharata, Adi Parva, section XCV, trans. Kisari Mohan Ganguli: https://sacred-texts.com/hin/m01/m01096.htm",The genealogy explicitly identifies Bharata as the son of Dushmanta and Sakuntala. Retains one named child; spelling differences in the inherited labels do not create additional people.,couple,legendary,,,,,,,,,
Ekalavya and wife (unnamed),Ekalavya,unknown,mahabharat::ekalavya,,1,unnamed son (Nishada king encountered by Arjuna),0,,0,mahabharat,"Mahabharata, Aswamedha Parva, section LXXXIII, trans. Kisari Mohan Ganguli, volume 4: https://www.gutenberg.org/ebooks/15477","The horse-sacrifice narrative explicitly mentions one unnamed son of Ekalavya who fights Arjuna. No checked passage establishes the inherited Ketuman as a distinct additional son, so the former two-person combination is replaced by this one attested relationship. This is not a claim that Ekalavya had no other children.",spouse_unnamed,legendary,,,,,,,,,
Ghatotkacha and Kamakatankata,Ghatotkacha,Kamakatankata (daughter of Muru),mahabharat::ghatotkacha,mahabharat::kamakatankata,1,Barbarika,0,,0,mahabharat,"Skanda Purana 1.2.60.55-68, G. V. Tagare translation: https://www.wisdomlib.org/hinduism/book/the-skanda-purana/d/doc366047.html","The narrative explicitly names Kamakatankata, daughter of Muru, and describes her marriage to Ghatotkacha and the birth and naming of Barbarika. Replaces the inherited Ahilawati attribution with this source-specific mother. The other two sons are not assigned to her without evidence.",couple,legendary,,,,,,,,,
Ghatotkacha and mothers of sons (unassigned),Ghatotkacha,unknown,mahabharat::ghatotkacha,,2,Anjanparvan (Anjanaparvan); Meghavarna,0,,0,mahabharat,"Mahabharata, Udyoga Parva, section CXCVII, trans. Kisari Mohan Ganguli, volume 2: https://www.gutenberg.org/ebooks/15475 ; A. Harindranath, Jaminiyaswamedha: a summary, section 2, p. 1, based on Thempat Sankaran Nair's Malayalam prose translation (1990): https://mahabharata-resources.org/variations/jaimini1.pdf",Anjanparvan is explicitly Hidimva's grandson in Udyoga CXCVII; the Jaimini summary identifies Meghavarna as Ghatotkacha's son. Neither passage establishes Ahilawati as their mother. Retains two relationships from distinct textual traditions with maternity unassigned. Barbarika is moved to the separately sourced Kamakatankata record; these records are not a single source's three-son household.,spouse_unnamed,legendary,,,,,,,,,
Janamejaya and Vapusthama,Janamejaya,Vapusthama,mahabharat::janamejaya,mahabharat::vapusthama,2,Satanika; Sankukarna,0,,0,mahabharat,"Mahabharata, Adi Parva, section XCV, trans. Kisari Mohan Ganguli, volume 1: https://www.gutenberg.org/ebooks/15474","Replaces the conflated inherited tuple Turvasu-Vapusthama / Anga-Vanga with the explicitly attested Vapusthama household: Janamejaya and the sons Satanika and Sankukarna. This corrects the parent identities and child names, not merely their spellings. No claim of Turvasu's childlessness follows.",couple,legendary,,,,,,,,,
Jarasandha and wife (unnamed),Jarasandha,unknown,mahabharat::jarasandha,,2,"Sahadeva, Jayatsena",2,"Asti, Prapti",0,mahabharat,"Mahabharata, Udyoga Parva, section L, trans. Kisari Mohan Ganguli, volume 2: https://www.gutenberg.org/ebooks/15475 ; Mahabharata, Karna Parva, section 5, trans. Kisari Mohan Ganguli, volume 3: https://www.gutenberg.org/ebooks/15476 ; Bhagavata Purana 10.50.1 (BBT): https://vedabase.io/en/library/sb/10/50/1/ ; Bhagavata Purana 10.50.2 (BBT): https://vedabase.io/en/library/sb/10/50/2/","Udyoga L explicitly identifies Sahadeva as Jarasandha's son; Karna 5 independently identifies Jayatsena as his son. Bhagavata 10.50.1-2 identifies the sisters Asti and Prapti, widows of Kamsa, and their father Jarasandha. Retains the four relationships without inferring one common mother.",spouse_unnamed,legendary,,,,,,,,,
Jaratkaru and Manasa,Jaratkaru,Manasa,mahabharat::jaratkaru,mahabharat::manasa,1,Astika,0,,0,mahabharat,"Devi Bhagavata Purana 9.47.38-58, Swami Vijnanananda translation (1921): https://www.wisdomlib.org/hinduism/book/devi-bhagavata-purana/d/doc57360.html ; Los Angeles County Museum of Art, The Serpent Goddess Manasa, accession M.83.1.2, Curatorial Notes (Shiva-lotus origin): https://collections.lacma.org/object/44889","Devi Bhagavata 9.47 names Manasa as Jaratkaru's wife and Astika's mother; LACMA's curatorial account likewise names the parents and son. This is the Manasa tradition, not an inference that every Mahabharata occurrence of the name denotes this goddess.",couple,legendary,,,,,,,,,
Jayadratha and Dushala,Jayadratha,Dushala,mahabharat::jayadratha,mahabharat::dushala,1,Suratha,0,,0,mahabharat,"Mahabharata, Aswamedha Parva, section LXXVIII, trans. Kisari Mohan Ganguli, volume 4: https://www.gutenberg.org/ebooks/15477",The passage identifies Suratha as Jayadratha's son and the father of Dussala's grandson. Counts Suratha once under the inferred common parental household; the infant grandson whom Dussala brings to Arjuna is not another child of Jayadratha.,couple,legendary,,,,,,,,,
Karna (sons; mothers unassigned),Karna,unknown,mahabharat::karna,,6,Vrishasena; Chitrasena; Satyasena; Sushena; Bhanusena; Vrishaketu (Ganguli gloss),0,,0,mahabharat,"Mahabharata, Karna Parva, section 48, trans. Kisari Mohan Ganguli, volume 3: https://www.gutenberg.org/ebooks/15476 ; Mahabharata, Shalya Parva, section 10, trans. Kisari Mohan Ganguli, volume 3: https://www.gutenberg.org/ebooks/15476 ; Mahabharata, Bhishma Parva, section XVII, trans. Kisari Mohan Ganguli, volume 2: https://www.gutenberg.org/ebooks/15475 ; Mahabharata, Drona Parva, section XXX, trans. Kisari Mohan Ganguli, volume 2: https://www.gutenberg.org/ebooks/15475","Combines the inherited Supriya and Vrushali rows into one paternal roster because the checked passages do not establish those maternal assignments. Karna 48 names Vrishasena, Sushena, Satyasena and Bhanusena; Shalya 10 identifies Chitrasena. Vrishaketu is named in Ganguli's parenthetical identification in Bhishma XVII, not a separately verified Sanskrit name in that passage. Corrects Banasena to Bhanusena. The Shatrunjaya in Drona XXX is Karna's brother, so he is not retained as an additional son. Six selected relationships are not an exhaustive family size.",spouse_unnamed,legendary,,,,,,,,,
Kashyapa and Kadru,Kashyapa,Kadru,mahabharat::kashyapa,mahabharat::kadru,1000,"Shesha, Vasuki, Takshaka et al.",0,,0,mahabharat,"Mahabharata, Adi Parva, section XVI and XXXV, trans. Kisari Mohan Ganguli, volume 1: https://www.gutenberg.org/ebooks/15474","The boon and hatching narrative establish a thousand serpent sons, with principal names listed in XXXV. Removes Manasa and the unsupported unnamed daughter from this maternal roster. Manasa's separately sourced Kashyapa origin is retained elsewhere; these passages do not identify Kadru as her mother. Zero daughters here is limited to this enumeration.",mythical_count,mythological,,,,,,,,,
Krishna and Bhadra,Krishna,Bhadra,mahabharat::krishna,mahabharat::bhadra,10,"Sangramajit, Brihatsena, Shura, Praharana, Arijit, Jaya, Subhadra, Vama, Ayur, Satyaka",0,,0,mahabharat,Bhagavata Purana 10.61.17 (BBT translation); https://vedabase.io/en/library/sb/10/61/17/,Counts the ten sons listed in this passage. No daughters are enumerated here; zero does not establish absence of daughters in other accounts.,couple,legendary,,,,,,,,,
Krishna and Jambavati,Krishna,Jambavati,mahabharat::krishna,mahabharat::jambavati,10,"Samba, Sumitra, Purujit, Shatajit, Sahasrajit, Vijaya, Chitraketu, Vasuman, Dravida, Kratu",0,,0,mahabharat,Bhagavata Purana 10.61.10-12 (BBT translation); https://vedabase.io/en/library/sb/10/61/10-12/,Counts the ten sons listed in this passage. No daughters are enumerated here; zero does not establish absence of daughters in other accounts.,couple,legendary,,,,,,,,,
Krishna and Kalindi,Krishna,Kalindi,mahabharat::krishna,mahabharat::kalindi,10,"Shruta, Kavi, Vrisha, Vira, Subahu, Bhadra, Shanti, Darsha, Purnamasa, Somaka",0,,0,mahabharat,Bhagavata Purana 10.61.14 (BBT translation); https://vedabase.io/en/library/sb/10/61/14/,Counts the ten sons listed in this passage. No daughters are enumerated here; zero does not establish absence of daughters in other accounts.,couple,legendary,,,,,,,,,
Krishna and Lakshmana,Krishna,Lakshmana,mahabharat::krishna,mahabharat::lakshmana,10,"Praghosha, Gatravan, Simha, Bala, Prabala, Urdhaga, Mahashakti, Saha, Oja, Aparajita",0,,0,mahabharat,Bhagavata Purana 10.61.15 (BBT translation); https://vedabase.io/en/library/sb/10/61/15/; 10.58.57; https://vedabase.io/en/library/sb/10/58/57/,Counts the ten sons listed in this passage. No daughters are enumerated here; zero does not establish absence of daughters in other accounts. Madra is identified as Lakshmana in the commentary on 10.61.15.,couple,legendary,,,,,,,,,
Krishna and Mitravinda,Krishna,Mitravinda,mahabharat::krishna,mahabharat::mitravinda,10,"Vrika, Harsha, Anila, Gridhra, Vardhana, Unnada, Mahamsa, Pavana, Vahni, Kshudhi",0,,0,mahabharat,Bhagavata Purana 10.61.16 (BBT translation); https://vedabase.io/en/library/sb/10/61/16/,Counts the ten sons listed in this passage. No daughters are enumerated here; zero does not establish absence of daughters in other accounts.,couple,legendary,,,,,,,,,
Krishna and Rukmini,Krishna,Rukmini,mahabharat::krishna,mahabharat::rukmini,10,"Pradyumna, Charudeshna, Sudeshna, Charudeha, Sucharu, Charugupta, Bhadracharu, Charuchandra, Vicharu, Charu",1,Charumati,0,mahabharat,Bhagavata Purana 10.61.8-9 (BBT translation); https://vedabase.io/en/library/sb/10/61/8-9/; 10.61.24; https://vedabase.io/en/library/sb/10/61/24/,Ten sons in verses 8-9 and daughter Charumati in verse 24. Counts this chapter's explicit enumeration.,couple,legendary,,,,,,,,,
Krishna and Satya (Nagnajiti),Krishna,Satya,mahabharat::krishna,mahabharat::satya,10,"Vira, Chandra, Ashvasena, Chitragu, Vegavan, Vrisha, Ama, Shanku, Vasu, Kunti",0,,0,mahabharat,Bhagavata Purana 10.61.13 (BBT translation); https://vedabase.io/en/library/sb/10/61/13/,Counts the ten sons listed in this passage. No daughters are enumerated here; zero does not establish absence of daughters in other accounts.,couple,legendary,,,,,,,,,
Krishna and Satyabhama,Krishna,Satyabhama,mahabharat::krishna,mahabharat::satyabhama,10,"Bhanu, Subhanu, Svarbhanu, Prabhanu, Bhanumana, Chandrabhanu, Brihadbhanu, Atibhanu, Shribhanu, Pratibhanu",0,,0,mahabharat,Bhagavata Purana 10.61.10-12 (BBT translation); https://vedabase.io/en/library/sb/10/61/10-12/,Counts the ten sons listed in this passage. No daughters are enumerated here; zero does not establish absence of daughters in other accounts.,couple,legendary,,,,,,,,,
Kunti (via divine mantras; no mortal father),none,Kunti,,mahabharat::kunti,3,"Yudhishthira, Bhima, Arjuna",0,,0,mahabharat,"Mahabharata, Adi Parva, section XCV, trans. Kisari Mohan Ganguli: https://sacred-texts.com/hin/m01/m01096.htm","The genealogy assigns Yudhishthira to Dharma, Bhima to Maruta and Arjuna to Sakra through Kunti's invocations, for Pandu's line. Retains the maternal aggregate of three; the row does not assert absence of divine fathers or Pandu's household role. Karna is counted separately under Surya and Kunti.",single_divine,mythological,,,,,,,,,
Madri (via Ashwini Kumaras),none,Madri,,mahabharat::madri,2,"Nakula, Sahadeva",0,,0,mahabharat,"Mahabharata, Adi Parva, section XCV, trans. Kisari Mohan Ganguli: https://sacred-texts.com/hin/m01/m01096.htm",The genealogy explicitly identifies Nakula and Sahadeva as twins born to Madri by the twin Aswins. Kunti later raises them; that care does not change their birth mother or add another pair of children.,single_divine,mythological,,,,,,,,,
Mrityu and mother of Sunitha (unnamed),Mrityu,unknown,mahabharat::mrityu,,0,,1,Sunitha,0,mahabharat,"Vishnu Purana 1.13.11-12, McComas Taylor translation: https://press-files.anu.edu.au/downloads/press/n8264/html/book01.xhtml","The cited genealogy identifies Sunitha's father as Mrityu (Death), without naming her mother. Replaces the inherited Yama-Dhumorna pair with the explicit parent attribution. The fact that Dhumorna is Yama's wife elsewhere does not establish her as this child's mother; Mrityu is not silently equated with Yama here.",spouse_unnamed,mythological,,,,,,,,,
Nahusa and mother of sons (unassigned),Nahusa,unknown,mahabharat::nahusa,,6,Yati; Yayati; Samyati; Ayati; Viyati; Kriti,0,,0,mahabharat,Bhagavata Purana 9.18.1 (BBT): https://vedabase.io/en/library/sb/9/18/1/,"Corrects seven sons to the six explicitly enumerated here; removes the extra Suyati. The verse does not identify their mother, so the inherited Ashokasundari attribution is left unassigned rather than projected onto this roster. Adi LXXV likewise says six but the checked Ganguli translation prints only five names; neither passage verifies seven.",spouse_unnamed,legendary,,,,,,,,,
Nakula and Draupadi,Nakula,Draupadi,mahabharat::nakula,mahabharat::draupadi,1,Shatanika,0,,0,mahabharat,"Mahabharata, Adi Parva, section CCXXIII, trans. Kisari Mohan Ganguli: https://sacred-texts.com/hin/m01/m01224.htm","The birth passage explicitly assigns one of Draupadi's five sons to this father. Counts one child in this maternal household; the five sons are recorded separately by father, not again as a family aggregate.",couple,legendary,,,,,,,,,
Nakula and Karenumati,Nakula,Karenumati,mahabharat::nakula,mahabharat::karenumati,1,Niramitra,0,,0,mahabharat,"Mahabharata, Adi Parva, section XCV, trans. Kisari Mohan Ganguli: https://sacred-texts.com/hin/m01/m01096.htm","The genealogy explicitly identifies Karenumati, princess of Chedi, and their son Niramitra. Retains one named son.",couple,legendary,,,,,,,,,
Nala and Damayanti,Nala,Damayanti,mahabharat::nala,mahabharat::damayanti,1,Indrasena,1,Indrasena (daughter),0,mahabharat,"Mahabharata, Vana Parva, section LVII, trans. Kisari Mohan Ganguli, volume 1: https://www.gutenberg.org/ebooks/15474","The passage explicitly gives Nala and Damayanti one son and one daughter, both rendered Indrasena in this translation. They are two children of different sexes, not duplicate spellings of one child.",couple,legendary,,,,,,,,,
Narakasura and wife (unnamed),Narakasura,unknown,mahabharat::narakasura,,1,Bhagadatta,0,,0,mahabharat,"Bhagavata Purana 10.59.31 (BBT): https://vedabase.io/en/library/sb/10/59/31/ ; Bhagavata Purana 10.59.32 (BBT): https://vedabase.io/en/library/sb/10/59/32/ ; Vettam Mani, Puranic Encyclopaedia, Naraka III: https://www.wisdomlib.org/definition/naraka",Bhagavata 10.59.31-32 explicitly identifies one son of Bhaumasura/Naraka and Bhumi's grandson without naming him. Mani identifies Bhagadatta as Narakasura's son. Retains one relationship with that secondary identification; the Mahabharata weapon-inheritance episode alone would not establish this paternity. Mother unassigned.,spouse_unnamed,legendary,,,,,,,,,
Parasara and Satyavati,Parasara,Satyavati,mahabharat::parasara,mahabharat::satyavati,1,Vyasa,0,,0,mahabharat,"Mahabharata, Adi Parva, section XCV, trans. Kisari Mohan Ganguli: https://sacred-texts.com/hin/m01/m01096.htm",The genealogy identifies Dwaipayana (Vyasa) as Satyavati's son by Parasara before her marriage to Santanu. The parent columns do not assert a marriage between these parents.,couple,legendary,,,,,,,,,
Parikshit and Madravati,Parikshit,Madravati,mahabharat::parikshit,mahabharat::madravati,1,Janamejaya,0,,0,mahabharat,"Mahabharata, Adi Parva, section XCV, trans. Kisari Mohan Ganguli: https://sacred-texts.com/hin/m01/m01096.htm",The genealogy explicitly identifies Madravati as Parikshit's wife and Janamejaya's mother. Retains the named heir in this Mahabharata account; it is not a complete cross-text enumeration of Parikshit's children.,couple,legendary,,,,,,,,,
Pradyumna and Rukmavati,Pradyumna,Rukmavati,mahabharat::pradyumna,mahabharat::rukmavati,1,Aniruddha,0,,0,mahabharat,Bhagavata Purana 10.61.18 (BBT): https://vedabase.io/en/library/sb/10/61/18/,"The verse explicitly identifies Aniruddha as Pradyumna's son by Rukmavati, Rukmi's daughter. Retains one named son.",couple,legendary,,,,,,,,,
Pururavas and Urvashi,Pururavas,Urvashi,mahabharat::pururavas,mahabharat::urvashi,6,Ayus; Dhimat; Amavasu; Dhridhayus; Vanayus; Satayus,0,,0,mahabharat,"Mahabharata, Adi Parva, section LXXV, trans. Kisari Mohan Ganguli, volume 1: https://www.gutenberg.org/ebooks/15474","The genealogy explicitly lists six sons. Corrects the mixed inherited name list to the names in this passage; the Bhagavata lists a different six-name roster, retained as an alternative without adding the two rosters together.",couple,legendary,,pururavas_bhagavata_names,6,Ayu; Shrutayu; Satyayu; Raya; Vijaya; Jaya,0,,0,Bhagavata Purana 9.15.1 (BBT): https://vedabase.io/en/library/sb/9/15/1/,"The six sons explicitly enumerated in this verse. Same count, different source-specific names; not six additional children."
Sahadeva and Draupadi,Sahadeva,Draupadi,mahabharat::sahadeva,mahabharat::draupadi,1,Shrutasena,0,,0,mahabharat,"Mahabharata, Adi Parva, section CCXXIII, trans. Kisari Mohan Ganguli: https://sacred-texts.com/hin/m01/m01224.htm","Restores the missing Draupadi household by moving Srutasena from the inherited Vijaya row. The birth passage explicitly identifies Sahadeva as his father and Draupadi as his mother. This is the fifth son of Draupadi, not an additional son beyond that five-child enumeration.",couple,legendary,,draupadi_adi_95_names,1,Srutakarman,0,,0,"Mahabharata, Adi Parva, section XCV, trans. Kisari Mohan Ganguli: https://sacred-texts.com/hin/m01/m01096.htm","Uses Sahadeva's son-name in section XCV, paired with Arjuna's Srutakriti in that same genealogy. The later birth passage instead names this child Srutasena; the two accounts are not combined as separate children."
Sahadeva and Vijaya,Sahadeva,Vijaya,mahabharat::sahadeva,mahabharat::vijaya,1,Suhotra,0,,0,mahabharat,"Mahabharata, Adi Parva, section XCV, trans. Kisari Mohan Ganguli: https://sacred-texts.com/hin/m01/m01096.htm","Corrected the inherited two-son, one-daughter record to the named son Suhotra. The genealogy explicitly assigns him to Vijaya; Srutasena belongs to Sahadeva and Draupadi and has been moved to that household. No support was found in these cited birth/genealogy passages for the inherited unnamed daughter. Zero records no enumerated daughter, not a claim that Vijaya was daughterless.",couple,legendary,,,,,,,,,
Samvarana and Tapati,Samvarana,Tapati,mahabharat::samvarana,mahabharat::tapati,1,Kuru,0,,0,mahabharat,"Mahabharata, Adi Parva, section XCV, trans. Kisari Mohan Ganguli: https://sacred-texts.com/hin/m01/m01096.htm","The genealogy explicitly identifies Kuru as the son of Samvarana and Tapati, daughter of Vivaswat. Retains one named son.",couple,legendary,,,,,,,,,
Shakuni and mother of Uluka (unnamed),Shakuni,unknown,mahabharat::shakuni,,1,Uluka,0,,0,mahabharat,"Mahabharata, Bhishma Parva, section LXXII, trans. Kisari Mohan Ganguli, volume 2: https://www.gutenberg.org/ebooks/15475",The passage explicitly identifies Sakuni and Uluka as father and son. It does not identify the mother; removes the unverified Arshi attribution while retaining Uluka.,spouse_unnamed,legendary,,,,,,,,,
Shalya and mothers of sons (unassigned),Shalya,unknown,mahabharat::shalya,,2,Rukmangada; Rukmaratha,0,,0,mahabharat,"Mahabharata, Adi Parva, section CLXXXVIII, trans. Kisari Mohan Ganguli, volume 1: https://www.gutenberg.org/ebooks/15474 ; Mahabharata, Bhishma Parva, section XLVII, trans. Kisari Mohan Ganguli, volume 2: https://www.gutenberg.org/ebooks/15475","Adi CLXXXVIII identifies Rukmangada as Salya's son; Bhishma XLVII explicitly identifies Rukmaratha as his son. Retains these two attested names, corrects their spellings, and removes the unsupported additional Madranjaya and the Avantini maternity. This is a two-name minimum, not a claim that no other tradition supplies more children.",spouse_unnamed,legendary,,,,,,,,,
Shantanu and Ganga,Shantanu,Ganga,mahabharat::shantanu,mahabharat::ganga,8,Bhishma (Devavrata or Gangadatta); seven earlier sons drowned after birth,0,,0,mahabharat,"Mahabharata, Adi Parva, Sambhava Parva, sections XCVIII-XCIX (Kisari Mohan Ganguli translation); https://sacred-texts.com/hin/m01/m01099.htm; https://sacred-texts.com/hin/m01/m01100.htm","Counts all eight births, including the seven sons drowned after birth. The alternative counts only the surviving son Bhishma; neither version adds the Vasus again as separate children.",couple,legendary,,,,,,,,,
Shantanu and Satyavati,Shantanu,Satyavati,mahabharat::shantanu,mahabharat::satyavati,2,"Chitrangada, Vichitravirya",0,,0,mahabharat,"Mahabharata, Adi Parva, section XCV, trans. Kisari Mohan Ganguli: https://sacred-texts.com/hin/m01/m01096.htm","The genealogy distinguishes Satyavati's earlier son by Parasara from her two sons by Santanu, Chitrangada and Vichitravirya. Retains the two maternal households separately.",couple,legendary,,,,,,,,,
Shikhandi and wife (unnamed),Shikhandi,unknown,mahabharat::shikhandi,,1,Kshatradeva,0,,0,mahabharat,"Mahabharata, Drona Parva, section XXIII, trans. Kisari Mohan Ganguli, volume 2: https://www.gutenberg.org/ebooks/15475",The battle roster explicitly identifies Kshatradeva as Sikhandin's son. The mother is unnamed. Retains this direct relationship and excludes him from Drupada's direct-child roster. A Kshatradeva is also assigned to Dhrishtadyumna in section X; that separate roster is not evidence for an additional child here.,spouse_unnamed,legendary,,,,,,,,,
Shishupala and wife (unnamed),Shishupala,unknown,mahabharat::shishupala,,3,Dhrishtaketu; Sarabha; Suketu,1,unnamed sister of Dhrishtaketu (common-father inference),0,mahabharat,"Mahabharata, Udyoga Parva, section CLXXII, trans. Kisari Mohan Ganguli, volume 2: https://www.gutenberg.org/ebooks/15475 ; Mahabharata, Karna Parva, section 6, trans. Kisari Mohan Ganguli, volume 3: https://www.gutenberg.org/ebooks/15476 ; Mahabharata, Aswamedha Parva, section LXXXIII, trans. Kisari Mohan Ganguli, volume 4: https://www.gutenberg.org/ebooks/15477 ; Mahabharata, Asramavasika Parva, section I, trans. Kisari Mohan Ganguli, volume 4: https://www.gutenberg.org/ebooks/15477","The first three passages explicitly identify Dhrishtaketu, Suketu and Sarabha as sons of Sisupala. Removes the inherited extra unnamed son: the checked passages do not establish a fourth. Asramavasika I names a sister of Dhrishtaketu among the family's women; retains one daughter by the common-father inference, without claiming her name or mother is established there. Dhrishtaketu's own son is a grandchild, not an additional son of Sisupala.",spouse_unnamed,legendary,,,,,,,,,
Shukra and Gau,Shukra,Gau,mahabharat::shukra,mahabharat::gau,4,Tvastr; Varatrin; Sanda; Marka,0,,0,mahabharat,"Brahmanda Purana, Madhyama-bhaga, Upodghata-pada 1.77-78 and 86-87, English translation: https://vedicpeople.com/puranas/maha-puranas/brahmanda-purana/read/as-is-translation/chapter-039",Brahmanda 3.1.77-78 names Gau as the mother of four sons and supplies these names. Removes their earlier assignment to Jayanti. The linked Adi alternative preserves its different four-son enumeration without assuming that its unnamed mother is Gau.,couple,legendary,,shukra_adi_four_names,0,,0,,0,"Mahabharata, Adi Parva, section LXV, trans. Kisari Mohan Ganguli, volume 1: https://www.gutenberg.org/ebooks/15474",The linked unassigned-mother row replaces this entire four-son roster. The two enumerations are not added together.
Shukra and Jayanti,Shukra,Jayanti,mahabharat::shukra,mahabharat::jayanti,0,,1,Devayani,0,mahabharat,"Brahmanda Purana, Madhyama-bhaga, Upodghata-pada 1.77-78 and 86-87, English translation: https://vedicpeople.com/puranas/maha-puranas/brahmanda-purana/read/as-is-translation/chapter-039",Brahmanda 3.1.86-87 explicitly identifies Devayani as the daughter of Shukra and Jayanti. The four sons in 77-78 belong to Gau and have been separated. Bhagavata 5.1.34 instead names Urjasvati as Devayani's mother; the linked alternative preserves that account and counts the daughter once.,couple,legendary,,shukra_devayani_urjasvati,0,,0,,0,Bhagavata Purana 5.1.34 (BBT): https://vedabase.io/en/library/sb/5/1/34/,Under the Bhagavata account Devayani moves to Urjasvati. Zero deactivates this maternal attribution; it is not a claim of Jayanti's childlessness.
Shukra and Urjasvati (alternate account),Shukra,Urjasvati,mahabharat::shukra,mahabharat::urjasvati,0,,0,,0,mahabharat,Bhagavata Purana 5.1.34 (BBT): https://vedabase.io/en/library/sb/5/1/34/,Inactive in the baseline; carries Devayani only in the linked Bhagavata alternative. The sources give different maternal names; no unsupported identity between the mothers is imposed.,couple,legendary,,shukra_devayani_urjasvati,0,,1,Devayani,0,Bhagavata Purana 5.1.34 (BBT): https://vedabase.io/en/library/sb/5/1/34/,Explicit daughter of Shukra and Urjasvati. Applied with the Jayanti row to count Devayani once.
Shukra and mother of sons (Adi account),Shukra,unknown,mahabharat::shukra,,0,,0,,0,mahabharat,"Mahabharata, Adi Parva, section LXV, trans. Kisari Mohan Ganguli, volume 1: https://www.gutenberg.org/ebooks/15474",Inactive in the baseline; carries the Adi Parva four-son account only in the linked alternative. Its mother is not named.,spouse_unnamed,legendary,,shukra_adi_four_names,4,Tashtadhara; Atri; two unnamed sons,0,,0,"Mahabharata, Adi Parva, section LXV, trans. Kisari Mohan Ganguli, volume 1: https://www.gutenberg.org/ebooks/15474","The passage explicitly states four sons, names Tashtadhara and Atri, and leaves two unnamed. Does not fill those slots from another text or assign Gau or Jayanti as their mother."
Shurasena and Marisha,Shurasena,Marisha,mahabharat::shurasena,mahabharat::marisha,10,Vasudeva; Devabhaga; Devasrava; Anaka; Srinjaya; Syamaka; Kanka; Samika; Vatsaka; Vrika,5,"Kunti, Shrutadeva, Shrutakirti, Shrutashrava, Rajadhidevi",0,mahabharat,Bhagavata Purana 9.24.27-31 (BBT): https://vedabase.io/en/library/sb/9/24/27/ ; https://vedabase.io/en/library/sb/9/24/28-31/,"Corrected one son to ten: the passage explicitly lists Vasudeva and his nine brothers through Marisa, followed by their five sisters. Pritha/Kunti is one daughter with two names and is later given to Kunti for adoption. Retains the inherited Shurasena label for the Sura named here; this is not the earlier Sura in the genealogy.",couple,legendary,,,,,,,,,
Subala and mother of children (unassigned),Subala,unknown,mahabharat::subala,,9,Shakuni; Gaya; Gavaksha; Vrishava; Charmavat; Arjava; Suka; Vrishaka; Achala,1,Gandhari,0,mahabharat,"Mahabharata, Bhishma Parva, section XCI, trans. Kisari Mohan Ganguli, volume 2: https://www.gutenberg.org/ebooks/15475 ; Mahabharata, Drona Parva, section XXVIII, trans. Kisari Mohan Ganguli, volume 2: https://www.gutenberg.org/ebooks/15475 ; Mahabharata, Adi Parva, section CXV, trans. Kisari Mohan Ganguli, volume 1: https://www.gutenberg.org/ebooks/15474","Bhishma XCI identifies six younger brothers of Sakuni; Drona XXVIII identifies Vrishaka and Achala as sons of Suvala. With Sakuni these yield nine named sons. Adi CXV calls Gandhari Suvala's daughter. Corrects the inherited one-son scope and removes the unverified Sudama maternity. This is a combined named roster, not a statement of exactly nine births.",spouse_unnamed,legendary,,,,,,,,,
Surya and Chhaya,Surya,Chhaya,mahabharat::surya,mahabharat::chhaya,2,"Shani (Shanaishchara), Savarni Manu",1,Tapati,0,mahabharat,"Vishnu Purana 3.2 (H. H. Wilson translation), p. 266; https://sacred-texts.com/hin/vp/vp076.htm",This passage enumerates two sons and one daughter. The former extra unnamed son and Vishti are not included in this account; no claim is made about all regional traditions.,couple,mythological,,,,,,,,,
Surya and Kunti,Surya,Kunti,mahabharat::surya,mahabharat::kunti,1,Karna,0,,0,mahabharat,"Mahabharata, Adi Parva, section LXVII, trans. Kisari Mohan Ganguli: https://sacred-texts.com/hin/m01/m01068.htm","The account identifies Surya as the father of Kunti's son Vasusena, later called Karna, and separately describes Radha and her husband adopting him. Retains one birth-parent record alongside the adoptive record; these cannot be summed as distinct births.",couple,mythological,,,,,,,,,
Surya and Sanjna,Surya,Sanjna,mahabharat::surya,mahabharat::sanjna,5,"Vaivasvata Manu, Yama, the two Ashvins, Revanta",1,Yamuna,0,mahabharat,"Vishnu Purana 3.2 (H. H. Wilson translation), pp. 266-267; https://sacred-texts.com/hin/vp/vp076.htm","Source-specific enumeration: Manu, Yama and Yami, followed by the two Ashvins and Revanta. Each twin counts as a child. Yami is identified with Yamuna.",couple,mythological,,,,,,,,,
Ugrasen and mother of children (unassigned),Ugrasen,unknown,mahabharat::ugrasen,,9,Kamsa; Sunama; Nyagrodha; Kanka; Shanku; Suhu; Rashtrapala; Dhrishti; Tushtiman,5,Kamsa (female); Kamsavati; Kanka (female); Shurabhu; Rashtrapalika,0,mahabharat,Bhagavata Purana 9.24 (BBT): https://vedabase.io/en/library/sb/9/24/,"Verses 24-25 enumerate nine sons and five daughters of Ugrasena. Devaki belongs to his brother Devaka (21-23), whose household is now recorded separately. The mother of Ugrasena's roster is not identified here; removes the unverified Padmavati attribution rather than assigning all these children to her.",spouse_unnamed,legendary,,,,,,,,,
Uparicharira (five sons; mothers unassigned),Uparicharira,unknown,mahabharat::uparicharira,,5,Brihadratha; Pratyagraha; Kusamva (Manivahana); Mavella; Yadu,0,,0,mahabharat,"Mahabharata, Adi Parva, section LXIII, trans. Kisari Mohan Ganguli, volume 1: https://www.gutenberg.org/ebooks/15474","The passage enumerates five sons before narrating Girika's marriage, so their maternity is left unassigned. Corrects the inherited names to the five given here. Matsya and Satyavati are the twins born through Adrika in fish form and are moved to their own maternal record. The unsupported Satyavan/extra unnamed son is not retained.",spouse_unnamed,legendary,,,,,,,,,
Uparicharira and Adrika,Uparicharira,Adrika,mahabharat::uparicharira,mahabharat::adrika,1,Matsya,1,Satyavati,0,mahabharat,"Mahabharata, Adi Parva, section LXIII, trans. Kisari Mohan Ganguli, volume 1: https://www.gutenberg.org/ebooks/15474","The fish Adrika swallows Vasu's seed and produces a male and a female child. The passage identifies the boy as Matsya and the girl as Satyavati. Moves the twins out of the Girika attribution; these parent labels describe a supernatural birth, not marriage or sexual intercourse.",couple,legendary,,,,,,,,,
Vasudev and Rohini,Vasudev,Rohini,mahabharat::vasudev,mahabharat::rohini,4,Balarama (Balabhadra); Sarana; Sharu; Durmada,0,,0,mahabharat,"Vishnu Purana 4.15, H. H. Wilson translation: https://www.wisdomlib.org/hinduism/book/vishnu-purana-wilson/d/doc116012.html","Wilson explicitly names Balabhadra, Sarana, Sharu and Durmada, followed by unenumerated others. Corrects the inherited Durdhara spelling to Durmada and records four named sons only, not a complete family total. Balarama/Balabhadra counts once here after transfer from Devaki. The Bhagavata names seven; the linked alternative changes both maternal rosters.",couple,legendary,,vasudeva_bhagavata_rosters,7,Balarama (Bala); Gada; Sarana; Durmada; Vipula; Dhruva; Krita,0,,0,Bhagavata Purana 9.24 (BBT): https://vedabase.io/en/library/sb/9/24/ ; Bhagavata Purana 10.2.8 (BBT): https://vedabase.io/en/library/sb/10/2/8/,"The seven named sons in 9.24.46; unenumerated others remain uncounted. Balarama is included here and excluded from the paired Devaki row, so the change does not duplicate the transferred child."
Vidura and daughter of Devaka (unnamed),Vidura,unknown,mahabharat::vidura,,0,,0,,2,mahabharat,"Mahabharata, Adi Parva, section CXIV and XCV, trans. Kisari Mohan Ganguli, volume 1: https://www.gutenberg.org/ebooks/15474","CXIV identifies Vidura's wife as an unnamed daughter of Devaka and says they had many children, without specifying sex or count. Codes only the minimum plural, two children of unspecified sex, not two sons or an exact family size. Anaswan belongs to Viduratha and Supriya in XCV; removes that false child and the unverified Sulabha wife-name.",spouse_unnamed,legendary,,,,,,,,,
Virata and mothers of children (unassigned),Virata,unknown,mahabharat::virata,,4,Uttara; Sweta (Shveta); Sankha (Shankha); Vabhru,1,Uttarā,0,mahabharat,"Mahabharata, Bhishma Parva, section XLVII and XLIX, trans. Kisari Mohan Ganguli, volume 2: https://www.gutenberg.org/ebooks/15475 ; Mahabharata, Karna Parva, section 6, trans. Kisari Mohan Ganguli, volume 3: https://www.gutenberg.org/ebooks/15476 ; Mahabharata, Udyoga Parva, section LVII, trans. Kisari Mohan Ganguli, volume 2: https://www.gutenberg.org/ebooks/15475 ; Mahabharata, Adi Parva, section XCV, trans. Kisari Mohan Ganguli, volume 1: https://www.gutenberg.org/ebooks/15474","The passages identify the sons Uttara, Sweta and Sankha and the daughter Uttara; Udyoga LVII additionally calls Vabhru a son of Virata. Counts four distinct son-names without silently treating Vabhru as an alias of one of the other three. This is a combined named roster, not an exact lifetime family total. Maternity is unassigned because the checked references do not establish Sudeshna as the mother of every listed child.",spouse_unnamed,legendary,,,,,,,,,
Vyasa and Ambalika,Vyasa,Ambalika,mahabharat::vyasa,mahabharat::ambalika,1,Pandu,0,,0,mahabharat,"Mahabharata, Adi Parva, section CVI, trans. Kisari Mohan Ganguli, volume 1: https://www.gutenberg.org/ebooks/15474","The succession narrative explicitly identifies this son and mother through Vyasa's union with Vichitravirya's widow. Retains the named child; these parent labels describe niyoga, not an ordinary married couple.",couple,legendary,,,,,,,,,
Vyasa and Ambika,Vyasa,Ambika,mahabharat::vyasa,mahabharat::ambika,1,Dhritarashtra,0,,0,mahabharat,"Mahabharata, Adi Parva, section CVI, trans. Kisari Mohan Ganguli, volume 1: https://www.gutenberg.org/ebooks/15474","The succession narrative explicitly identifies this son and mother through Vyasa's union with Vichitravirya's widow. Retains the named child; these parent labels describe niyoga, not an ordinary married couple.",couple,legendary,,,,,,,,,
Vyasa and maid (unnamed),Vyasa,unknown,mahabharat::vyasa,,1,Vidura,0,,0,mahabharat,"Mahabharata, Adi Parva, section CVI, trans. Kisari Mohan Ganguli, volume 1: https://www.gutenberg.org/ebooks/15474",The passage identifies Vidura's mother as the unnamed maid sent by Vichitravirya's elder widow. Removes the unverified Parishrami/Sughada names from the parent field and ID; keeps the explicitly stated birth and niyoga context.,spouse_unnamed,legendary,,,,,,,,,
Yayati and Devayani,Yayati,Devayani,mahabharat::yayati,mahabharat::devayani,2,"Yadu, Turvasu",0,,0,mahabharat,"Mahabharata, Adi Parva, section XCV, trans. Kisari Mohan Ganguli, volume 1: https://www.gutenberg.org/ebooks/15474",This genealogy explicitly assigns Yadu and Turvasu to Devayani. Madhavi is Yayati's daughter in the Udyoga narrative but her mother is not named there; she is moved to an unassigned-mother record rather than attributed to Devayani.,couple,legendary,,,,,,,,,
Yayati and Sharmishtha,Yayati,Sharmishtha,mahabharat::yayati,mahabharat::sharmishtha,3,"Druhyu, Anu, Puru",0,,0,mahabharat,"Mahabharata, Adi Parva, section XCV, trans. Kisari Mohan Ganguli: https://sacred-texts.com/hin/m01/m01096.htm","The genealogy explicitly gives Sarmishtha, daughter of Vrishaparvan, three sons by Yayati: Druhyu, Anu and Puru. Retains these births separately from Devayani's sons.",couple,legendary,,,,,,,,,
Yayati and mother of Madhavi (unnamed),Yayati,unknown,mahabharat::yayati,,0,,1,Madhavi,0,mahabharat,"Mahabharata, Udyoga Parva, section CXV, trans. Kisari Mohan Ganguli, volume 2: https://www.gutenberg.org/ebooks/15475","Yayati explicitly identifies Madhavi as his daughter in the Galava episode. The mother is not identified. Moved from the Devayani record, preserving one daughter without asserting a maternal relationship absent from this passage.",spouse_unnamed,legendary,,,,,,,,,
Yudhishthira and Devika,Yudhishthira,Devika,mahabharat::yudhishthira,mahabharat::devika,1,Yaudheya,0,,0,mahabharat,"Mahabharata, Adi Parva, section XCV, trans. Kisari Mohan Ganguli: https://sacred-texts.com/hin/m01/m01096.htm","The genealogy explicitly identifies Devika, daughter of Govasana of the Saivya tribe, and their son Yaudheya. Retains one named son.",couple,legendary,,,,,,,,,
Yudhishthira and Draupadi,Yudhishthira,Draupadi,mahabharat::yudhishthira,mahabharat::draupadi,1,Prativindhya,0,,0,mahabharat,"Mahabharata, Adi Parva, section CCXXIII, trans. Kisari Mohan Ganguli: https://sacred-texts.com/hin/m01/m01224.htm","The birth passage explicitly assigns one of Draupadi's five sons to this father. Counts one child in this maternal household; the five sons are recorded separately by father, not again as a family aggregate.",couple,legendary,,,,,,,,,
Jakyp and Chiyirdi (Manas birth account),Jakyp,Chiyirdi,manas::jakyp,manas::chiyirdi,1,Manas,0,,0,manas,"Iraj Bashiri, Manas: The Kyrgyz Epic (1999), Manas's Early Life, dreams and birth: https://www.angelfire.com/rnb/bashiri/Manas/manas.html","Identifies Chiyirdi as Manas's mother; count unchanged. This row covers the selected birth episode, not all children of Jakyp across wives or versions.",couple,legendary,,,,,,,,,
Manas and Kanykei,Manas,Kanykei,manas::manas,manas::kanykei,1,Semetei,0,,0,manas,"Iraj Bashiri, Manas: The Kyrgyz Epic (1999), final section on Semetei's birth: https://www.angelfire.com/rnb/bashiri/Manas/manas.html","Semetei's birth and both parents confirmed; count unchanged. The source is Bashiri's synopsis, replacing the unsupported edition-specific Orozbakov attribution. Counts the selected successor, not a census of every version's family.",couple,legendary,,,,,,,,,
Semetei and Aychurok,Semetei,Aychurok,manas::semetei,manas::aychurok,1,Seitek,0,,0,manas,"T. A. Bakchiev, Manas Studies, G. Aldakeeva English translation (Bishkek: Uluu Toolor, 2018), pp. 85-86, Birth of Seitek (plot synopsis attributed to V. M. Zhirmunskiy): https://turktoday.info/cdn/2020/07/Manas-na-angl.yaz.-Verstka-09.03.pdf","Seitek is explicitly the child of Aychurok and Semetei. Her presentation of him as Kyias's son is concealment to protect him, not a second paternal account. Counts unchanged; this row follows the central successor narrative.",couple,legendary,,,,,,,,,
Anu (Enlil and Enki; mothers unassigned),Anu,unknown,mesopotamian::anu,,2,Enlil; Enki,0,,0,mesopotamian,"Adam Stone, Enlil/Ellil (god), Ancient Mesopotamian Gods and Goddesses, Oracc, Divine Genealogy and Syncretisms: https://oracc.museum.upenn.edu/amgg/listofdeities/enlil/index.html ; Ruth Horry, Enki/Ea (god), Ancient Mesopotamian Gods and Goddesses, Oracc (2019), Divine Genealogy and Syncretisms: https://oracc.museum.upenn.edu/amgg/listofdeities/enki/index.html",Retains the two selected paternal attributions to An (Anu). Removes Ki as an unsupported common mother from the inherited general reference. The scholarly entries establish An's fatherhood; Horry separately records Namma as Enki's mother in another account. That maternal account is retained as a linked alternative rather than combined into an invented An-Ki couple. Other offspring and Enlil's deeper ancestral genealogy are outside this selected record.,multi_wife_agg,mythological,,enki_namma_maternal_account,1,Enlil,0,,0,"Enki and Ninmah, ETCSL 1.1.2, lines 12-37: https://etcsl.orinst.ox.ac.uk/section1/tr112.htm ; unaffected Enlil attribution: Adam Stone, Enlil/Ellil (god), Ancient Mesopotamian Gods and Goddesses, Oracc, Divine Genealogy and Syncretisms: https://oracc.museum.upenn.edu/amgg/listofdeities/enlil/index.html","Enki and Ninmah explicitly identifies Namma as Enki's mother. Replaces the selected paternal attribution to Anu with the maternal account, leaving Enlil under Anu and counting Enki once. This preserves differently specified accounts; it does not establish that naming one parent excludes the other. No father is supplied for Namma's record."
Enki and Damgalnunna (Enbilulu account),Enki,Damgalnunna,mesopotamian::enki,mesopotamian::damgalnunna,0,,0,,0,mesopotamian,"Ruth Horry, Enki/Ea (god), Ancient Mesopotamian Gods and Goddesses, Oracc (2019), Divine Genealogy and Syncretisms: https://oracc.museum.upenn.edu/amgg/listofdeities/enki/index.html","Alternative-only record for Enbilulu. Baseline counts him under Enlil and Ninlil. Zero here means this selected relationship is inactive, not childlessness; Horry names other offspring of Enki and Damgalnunna, outside this one-child comparison.",couple,mythological,,enbilulu_enki_damgalnunna,1,Enbilulu,0,,0,"Ruth Horry, Enki/Ea (god), Ancient Mesopotamian Gods and Goddesses, Oracc (2019), Divine Genealogy and Syncretisms: https://oracc.museum.upenn.edu/amgg/listofdeities/enki/index.html","Horry's scholarly Enki/Ea entry explicitly lists Enbilulu among the offspring of Enki and Damgalnunna, differing from the Enlil-Ninlil narrative. Linked changes move Enbilulu once; this alternative compares that child's parentage only and does not add the other offspring listed in Horry's account."
Enki and Ninhursag,Enki,Ninhursag,mesopotamian::enki,mesopotamian::ninhursag,0,,1,Ninsar,0,mesopotamian,"Enki and Ninhursanga, ETCSL 1.1.1, lines 69-107: https://etcsl.orinst.ox.ac.uk/section1/tr111.htm","The passage explicitly describes Enki's conception with Ninhursanga/Nintud and the birth of Ninsar, who subsequently bears Ninkura. Retains the one daughter of this conception episode. Later generations and the later healing-deity births are distinct episodes, not silently pooled as children of this couple.",couple,mythological,,,,,,,,,
Enlil and Ninlil,Enlil,Ninlil,mesopotamian::enlil,mesopotamian::ninlil,4,Nanna (Suen); Nergal-Meslamta-eda; Ninazu; Enbilulu,0,,0,mesopotamian,"Enlil and Ninlil, ETCSL 1.2.1, lines 35-53, 65-90, 91-116 and 117-142: https://etcsl.orinst.ox.ac.uk/section1/tr121.htm","Adds the omitted fourth child, Enbilulu. The four conception episodes name Suen, Nergal, Ninazu and Enbilulu; Enlil adopts different roles in the latter three but remains the narrative father. Horry's Enki/Ea entry gives a different parentage for Enbilulu, retained in a linked alternative. This row is scoped to this narrative rather than every child attributed to Enlil.",couple,mythological,,enbilulu_enki_damgalnunna,3,Nanna (Suen); Nergal-Meslamta-eda; Ninazu,0,,0,"Ruth Horry, Enki/Ea (god), Ancient Mesopotamian Gods and Goddesses, Oracc (2019), Divine Genealogy and Syncretisms: https://oracc.museum.upenn.edu/amgg/listofdeities/enki/index.html ; remaining children: Enlil and Ninlil, ETCSL 1.2.1, lines 35-53, 65-90, 91-116 and 117-142: https://etcsl.orinst.ox.ac.uk/section1/tr121.htm","Horry's scholarly Enki/Ea entry explicitly lists Enbilulu among the offspring of Enki and Damgalnunna, differing from the Enlil-Ninlil narrative. Linked changes move Enbilulu once; this alternative compares that child's parentage only and does not add the other offspring listed in Horry's account."
Namma (Enki maternal account),unknown,Namma,,mesopotamian::namma,0,,0,,0,mesopotamian,"Enki and Ninmah, ETCSL 1.1.2, lines 12-37: https://etcsl.orinst.ox.ac.uk/section1/tr112.htm","Alternative-only parentage record. Baseline counts Enki once under Anu; zero here means the alternate maternal attribution is inactive, not that Namma is childless. Enki and Ninmah explicitly calls Enki her son without identifying his father.",spouse_unnamed,mythological,,enki_namma_maternal_account,1,Enki,0,,0,"Enki and Ninmah, ETCSL 1.1.2, lines 12-37: https://etcsl.orinst.ox.ac.uk/section1/tr112.htm","Enki and Ninmah explicitly identifies Namma as Enki's mother. Replaces the selected paternal attribution to Anu with the maternal account, leaving Enlil under Anu and counting Enki once. This preserves differently specified accounts; it does not establish that naming one parent excludes the other. No father is supplied for Namma's record."
Nanna and Ningal,Nanna,Ningal,mesopotamian::nanna,mesopotamian::ningal,1,Utu (Shamash),1,Inanna (Ishtar),0,mesopotamian,"Adam Stone, Nanna/Suen/Sin (god), Ancient Mesopotamian Gods and Goddesses, Oracc (2019), Divine Genealogy and Syncretisms: https://oracc.museum.upenn.edu/amgg/listofdeities/nannasuen/index.html",The scholarly entry explicitly identifies Ningal as wife and Inana and Utu as their children. Retains this maternal family branch. Additional children attributed to Nanna in other traditions are not assigned to Ningal merely from his paternity. Counts unchanged.,couple,mythological,,,,,,,,,
Baldr and Nanna,Baldr,Nanna,norse::baldr,norse::nanna,1,Forseti,0,,0,norse,"Snorri Sturluson, Prose Edda, trans. Arthur Gilchrist Brodeur (1916), Gylfaginning XXXII: https://en.wikisource.org/wiki/The_Prose_Edda_(1916_translation_by_Arthur_Gilchrist_Brodeur)/Gylfaginning","The passage explicitly names Forseti as their son. Counts the named child, not a statement that no other children existed.",couple,mythological,,,,,,,,,
Borr and Bestla,Borr,Bestla,norse::borr,norse::bestla,3,"Odin, Vili, Ve",0,,0,norse,"Snorri Sturluson, Prose Edda, trans. Arthur Gilchrist Brodeur (1916), Gylfaginning VI: https://en.wikisource.org/wiki/The_Prose_Edda_(1916_translation_by_Arthur_Gilchrist_Brodeur)/Gylfaginning","The passage explicitly enumerates three sons: Odin, Vili and Ve; retains all three.",couple,mythological,,,,,,,,,
Freyr and Gerdr,Freyr,Gerdr,norse::freyr,norse::gerdr,1,Fjolnir,0,,0,norse,"Snorri Sturluson, Ynglinga Saga, trans. Samuel Laing, section 11, Frey's Death: https://sacred-texts.com/neu/heim/02ynglga.htm",The cited edition explicitly names Gerd as Frey's wife and Fjolne as their son. Section numbering differs across editions.,couple,mythological,,,,,,,,,
Loki (as mare) and Svadilfari,Svadilfari,Loki,norse::svadilfari,norse::loki,1,Sleipnir,0,,0,norse,"Snorri Sturluson, Prose Edda, trans. Arthur Gilchrist Brodeur (1916), Gylfaginning XLII: https://en.wikisource.org/wiki/The_Prose_Edda_(1916_translation_by_Arthur_Gilchrist_Brodeur)/Gylfaginning",Loki takes mare form and bears the eight-legged horse after mating with Svadilfari. Retains the supernatural animal offspring and the existing maternal placement of Loki; the parent columns do not assert marriage.,couple,mythological,,,,,,,,,
Loki and Angrboda,Loki,Angrboda,norse::loki,norse::angrboda,2,"Fenrir, Jormungandr",1,Hel,0,norse,"Snorri Sturluson, Prose Edda, trans. Arthur Gilchrist Brodeur (1916), Gylfaginning XXXIV: https://en.wikisource.org/wiki/The_Prose_Edda_(1916_translation_by_Arthur_Gilchrist_Brodeur)/Gylfaginning","The passage enumerates Fenris-Wolf, the Midgard Serpent and Hel; its subsequent narrative uses male pronouns for the wolf and serpent and female pronouns for Hel. Includes supernatural nonhuman offspring.",couple,mythological,,,,,,,,,
Loki and Sigyn,Loki,Sigyn,norse::loki,norse::sigyn,1,Narfi (Nari),0,,0,norse,"Snorri Sturluson, Prose Edda, trans. Arthur Gilchrist Brodeur (1916), Gylfaginning XXXIII and L: https://en.wikisource.org/wiki/The_Prose_Edda_(1916_translation_by_Arthur_Gilchrist_Brodeur)/Gylfaginning","XXXIII explicitly identifies Nari or Narfi as the son of Loki and Sigyn. L identifies Vali and Narfi as Loki's sons without naming Vali's mother. Vali is retained in a separate maternal-unassigned record, not deleted. The alternate account records Guerber's explicit assignment of both to Sigyn.",couple,mythological,,sigyn_guerber_two,2,Narfi (Nari); Vali,0,,0,"H. A. Guerber, Myths of Northern Lands (1895), chapter XXII, Loki, p. 200: https://www.gutenberg.org/cache/epub/73021/pg73021-images.html",Guerber explicitly identifies Narve (Narfi) and Vali as sons borne by Sigyn. Moves Vali from the unassigned-mother record to Sigyn without duplication. Edda maternity is unstated rather than explicitly contrary; zero in the residual record means the selected relationship was reassigned.
Loki and mother of Vali (unassigned),Loki,unknown,norse::loki,,1,Vali,0,,0,norse,"Snorri Sturluson, Prose Edda, trans. Arthur Gilchrist Brodeur (1916), Gylfaginning L: https://en.wikisource.org/wiki/The_Prose_Edda_(1916_translation_by_Arthur_Gilchrist_Brodeur)/Gylfaginning",Retains Loki's second son from the binding episode without inferring Sigyn as mother. The digitized Brodeur text prints Vili once and Vali in the following clause; counted once as Vali. Distinct from Odin and Rindr's son. Guerber explicitly gives Sigyn as mother in the linked alternative.,spouse_unnamed,mythological,,sigyn_guerber_two,0,,0,,0,"H. A. Guerber, Myths of Northern Lands (1895), chapter XXII, Loki, p. 200: https://www.gutenberg.org/cache/epub/73021/pg73021-images.html",Guerber explicitly identifies Narve (Narfi) and Vali as sons borne by Sigyn. Moves Vali from the unassigned-mother record to Sigyn without duplication. Edda maternity is unstated rather than explicitly contrary; zero in the residual record means the selected relationship was reassigned.
Njord and his unnamed sister,Njord,unknown,norse::njord,,1,Freyr,1,Freyja,0,norse,"Snorri Sturluson, Ynglinga Saga, trans. Samuel Laing, section 4: https://sacred-texts.com/neu/heim/02ynglga.htm","Corrects the mother of Freyr and Freyja from Skadi to Njord's unnamed sister, explicitly identified in this passage. Gylfaginning XXIII describes marriage to Skadi, but XXIV names his two children without explicitly assigning her maternity. Counts unchanged; no name is invented for the sister.",spouse_unnamed,mythological,,,,,,,,,
Odin (other sons; mothers unassigned),Odin,unknown,norse::odin,,2,Hodr; Hermod,0,,0,norse,"Snorri Sturluson, Prose Edda, trans. Arthur Gilchrist Brodeur (1916), Skaldskaparmal XIII: https://en.wikisource.org/wiki/The_Prose_Edda_(1916_translation_by_Arthur_Gilchrist_Brodeur)/Sk%C3%A1ldskaparm%C3%A1l ; Snorri Sturluson, Prose Edda, trans. Arthur Gilchrist Brodeur (1916), Gylfaginning XLIX: https://en.wikisource.org/wiki/The_Prose_Edda_(1916_translation_by_Arthur_Gilchrist_Brodeur)/Gylfaginning",Hodr and Hermod are explicitly called sons of Odin; their mothers are not identified in these passages. Removes the inherited assignment of both to Frigg. The two attributions do not establish one shared mother. Bragi is counted separately under Gunnlod using Guerber; the linked alternative retains only his Edda paternal attribution.,multi_wife_agg,mythological,,bragi_edda_mother_unassigned,3,Hodr; Hermod; Bragi,0,,0,"Snorri Sturluson, Prose Edda, trans. Arthur Gilchrist Brodeur (1916), Skaldskaparmal X and XIII: https://en.wikisource.org/wiki/The_Prose_Edda_(1916_translation_by_Arthur_Gilchrist_Brodeur)/Sk%C3%A1ldskaparm%C3%A1l ; Snorri Sturluson, Prose Edda, trans. Arthur Gilchrist Brodeur (1916), Gylfaginning XLIX: https://en.wikisource.org/wiki/The_Prose_Edda_(1916_translation_by_Arthur_Gilchrist_Brodeur)/Gylfaginning","Restricts Bragi's attribution to Skaldskaparmal X, which names his father but not his mother. Moves him from Gunnlod to the maternal-unassigned Odin record, retaining Hodr and Hermod from their stated sources. The zero in the Gunnlod record means no relationship assigned under this rule, not childlessness. This differs in source specificity from Guerber, not an explicit Edda denial of her maternity."
Odin and Frigg,Odin,Frigg,norse::odin,norse::frigg,1,Baldr,0,,0,norse,"Snorri Sturluson, Prose Edda, trans. Arthur Gilchrist Brodeur (1916), Skaldskaparmal V and XIX: https://en.wikisource.org/wiki/The_Prose_Edda_(1916_translation_by_Arthur_Gilchrist_Brodeur)/Sk%C3%A1ldskaparm%C3%A1l","These passages explicitly identify Frigg as Baldr's mother. Hodr and Hermod are retained separately under Odin with mothers unassigned; the cited passages establish their father, not Frigg's maternity. This is an attribution limit, not a claim that she could not be their mother.",couple,mythological,,,,,,,,,
Odin and Gridr,Odin,Gridr,norse::odin,norse::gridr,1,Vidar,0,,0,norse,"Snorri Sturluson, Prose Edda, trans. Arthur Gilchrist Brodeur (1916), Skaldskaparmal XI and XVIII: https://en.wikisource.org/wiki/The_Prose_Edda_(1916_translation_by_Arthur_Gilchrist_Brodeur)/Sk%C3%A1ldskaparm%C3%A1l",XI identifies Vidar as Odin's son; XVIII identifies Gridr as his mother. Counts are unchanged.,couple,mythological,,,,,,,,,
Odin and Gunnlod,Odin,Gunnlod,norse::odin,norse::gunnlod,1,Bragi,0,,0,norse,"H. A. Guerber, Myths of Northern Lands (1895), chapter VI, Bragi, pp. 97-98: https://www.gutenberg.org/cache/epub/73021/pg73021-images.html",Retains Bragi under Odin and Gunnlod on the explicit authority of Guerber's later literary retelling. Replaces the unsupported citation to Skaldskaparmal: its section X identifies Odin as father but does not identify Bragi's mother. The linked alternative applies that narrower Edda attribution without losing or duplicating Bragi.,couple,mythological,,bragi_edda_mother_unassigned,0,,0,,0,"Snorri Sturluson, Prose Edda, trans. Arthur Gilchrist Brodeur (1916), Skaldskaparmal X: https://en.wikisource.org/wiki/The_Prose_Edda_(1916_translation_by_Arthur_Gilchrist_Brodeur)/Sk%C3%A1ldskaparm%C3%A1l","Restricts Bragi's attribution to Skaldskaparmal X, which names his father but not his mother. Moves him from Gunnlod to the maternal-unassigned Odin record, retaining Hodr and Hermod from their stated sources. The zero in the Gunnlod record means no relationship assigned under this rule, not childlessness. This differs in source specificity from Guerber, not an explicit Edda denial of her maternity."
Odin and Jord,Odin,Jord,norse::odin,norse::jord,1,Thor,0,,0,norse,"Snorri Sturluson, Prose Edda, trans. Arthur Gilchrist Brodeur (1916), Gylfaginning IX and XXXVI: https://en.wikisource.org/wiki/The_Prose_Edda_(1916_translation_by_Arthur_Gilchrist_Brodeur)/Gylfaginning ; Snorri Sturluson, Prose Edda, trans. Arthur Gilchrist Brodeur (1916), Skaldskaparmal IV: https://en.wikisource.org/wiki/The_Prose_Edda_(1916_translation_by_Arthur_Gilchrist_Brodeur)/Sk%C3%A1ldskaparm%C3%A1l",The passages identify Earth (Jord) as Thor's mother and Odin as his father. Counts the named son.,couple,mythological,,,,,,,,,
Odin and Rindr,Odin,Rindr,norse::odin,norse::rindr,1,Vali,0,,0,norse,"Snorri Sturluson, Prose Edda, trans. Arthur Gilchrist Brodeur (1916), Gylfaginning XXX: https://en.wikisource.org/wiki/The_Prose_Edda_(1916_translation_by_Arthur_Gilchrist_Brodeur)/Gylfaginning",The passage explicitly identifies Vali (also Ali) as son of Odin and Rindr. Distinct from Loki's son of the same name.,couple,mythological,,,,,,,,,
Sif and father of Ullr (unnamed),unknown,Sif,,norse::sif,1,Ullr,0,,0,norse,"Snorri Sturluson, Prose Edda, trans. Arthur Gilchrist Brodeur (1916), Gylfaginning XXXI: https://en.wikisource.org/wiki/The_Prose_Edda_(1916_translation_by_Arthur_Gilchrist_Brodeur)/Gylfaginning ; Snorri Sturluson, Prose Edda, trans. Arthur Gilchrist Brodeur (1916), Skaldskaparmal XIV and XXI: https://en.wikisource.org/wiki/The_Prose_Edda_(1916_translation_by_Arthur_Gilchrist_Brodeur)/Sk%C3%A1ldskaparm%C3%A1l","Adds Ullr, previously mentioned only in the Thor-Sif source field. The passages explicitly identify Sif as mother and Thor as stepfather; no biological father is supplied. Counts the maternal relationship once.",spouse_unnamed,mythological,,,,,,,,,
Thor and Jarnsaxa,Thor,Jarnsaxa,norse::thor,norse::jarnsaxa,1,Magni,0,,0,norse,"Snorri Sturluson, Prose Edda, trans. Arthur Gilchrist Brodeur (1916), Skaldskaparmal XVII: https://en.wikisource.org/wiki/The_Prose_Edda_(1916_translation_by_Arthur_Gilchrist_Brodeur)/Sk%C3%A1ldskaparm%C3%A1l",The Hrungnir episode explicitly identifies Magni as son of Thor and Jarnsaxa. The later Guerber account also assigns Modi to her; that account is retained separately.,couple,mythological,,thor_guerber_family,2,Magni; Modi,0,,0,"H. A. Guerber, Myths of Northern Lands (1895), chapter IV, Thor, p. 64: https://www.gutenberg.org/cache/epub/73021/pg73021-images.html","Guerber's later retelling assigns Magni and Modi to Jarnsaxa and Lorride and Thrud to Sif. Applies this complete stated Thor family account across three linked rows, adding Lorride and moving Modi once. This counts Lorride as a separate son in that retelling; he is not enumerated in the cited Edda passages and is not added to their baseline counts. Ullr's separately sourced maternal record is unaffected; no exhaustive reconciliation of traditions is implied."
Thor and Sif,Thor,Sif,norse::thor,norse::sif,0,,1,Thrud,0,norse,"Snorri Sturluson, Prose Edda, trans. Arthur Gilchrist Brodeur (1916), Skaldskaparmal IV and XXI: https://en.wikisource.org/wiki/The_Prose_Edda_(1916_translation_by_Arthur_Gilchrist_Brodeur)/Sk%C3%A1ldskaparm%C3%A1l",IV identifies Thrud as Thor's daughter and XXI identifies Sif as her mother. Removes Modi's unsupported maternal assignment to Sif while retaining him under Thor with mother unassigned. Ullr is separately recorded as Sif's son by an unnamed father; Thor is his stepfather. The Guerber alternative records its distinct family account.,couple,mythological,,thor_guerber_family,1,Lorride,1,Thrud,0,"H. A. Guerber, Myths of Northern Lands (1895), chapter IV, Thor, p. 64: https://www.gutenberg.org/cache/epub/73021/pg73021-images.html","Guerber's later retelling assigns Magni and Modi to Jarnsaxa and Lorride and Thrud to Sif. Applies this complete stated Thor family account across three linked rows, adding Lorride and moving Modi once. This counts Lorride as a separate son in that retelling; he is not enumerated in the cited Edda passages and is not added to their baseline counts. Ullr's separately sourced maternal record is unaffected; no exhaustive reconciliation of traditions is implied."
Thor and mother of Modi (unassigned),Thor,unknown,norse::thor,,1,Modi,0,,0,norse,"Snorri Sturluson, Prose Edda, trans. Arthur Gilchrist Brodeur (1916), Gylfaginning LIII: https://en.wikisource.org/wiki/The_Prose_Edda_(1916_translation_by_Arthur_Gilchrist_Brodeur)/Gylfaginning ; Snorri Sturluson, Prose Edda, trans. Arthur Gilchrist Brodeur (1916), Skaldskaparmal IV: https://en.wikisource.org/wiki/The_Prose_Edda_(1916_translation_by_Arthur_Gilchrist_Brodeur)/Sk%C3%A1ldskaparm%C3%A1l",The passages identify Modi as Thor's son without naming his mother. Retains the child removed from the Sif record. The linked Guerber account assigns him to Jarnsaxa.,spouse_unnamed,mythological,,thor_guerber_family,0,,0,,0,"H. A. Guerber, Myths of Northern Lands (1895), chapter IV, Thor, p. 64: https://www.gutenberg.org/cache/epub/73021/pg73021-images.html","Guerber's later retelling assigns Magni and Modi to Jarnsaxa and Lorride and Thrud to Sif. Applies this complete stated Thor family account across three linked rows, adding Lorride and moving Modi once. This counts Lorride as a separate son in that retelling; he is not enumerated in the cited Edda passages and is not added to their baseline counts. Ullr's separately sourced maternal record is unaffected; no exhaustive reconciliation of traditions is implied."
Oghuz Khan (six sons; mothers unassigned),Oghuz Khan,unknown,oguzname::oghuz_khan,,6,"Gün (Sun), Ay (Moon), Yıldız (Star), Gök (Sky), Dağ (Mountain), Deniz (Sea)",0,,0,oguzname,"Ilker Evrim Binbas, Oghuz Khan Narratives, Encyclopaedia Iranica, Origins and early textual examples, discussion of Rashid al-Din's Tarih-e Oghuz: https://www.iranicaonline.org/articles/oguz-khan-narratives/",Six sons confirmed in the two named branches; the twenty-four grandsons are excluded. Reclassifies this Rashid al-Din genealogy from dede_korkut to oguzname. No single shared mother is inferred from the paternal list; counts unchanged.,multi_wife_agg,legendary,,,,,,,,,
King Amarashakti (three sons; mothers unassigned),King Amarashakti,unknown,panchatantra::king_amarashakti,,3,"Bahushakti, Ugrashakti, Anantashakti",0,,0,panchatantra,"Panchatantra, Book I, Kathamukham opening, Narayanalakshmi Sanskrit text and English commentary, printed p. 4 (PDF p. 5): https://narayanalakshmi.com/docs/PanchaTantram%20of%20Narayanalakshmi/I%20%20MITRABHEDA..pdf","Three named sons confirmed; counts unchanged. The frame identifies their father but no mother, so the inherited single-queen label is removed. General verses about daughters, wives and births are not additional offspring of this king.",multi_wife_agg,legendary,,,,,,,,,
Hun Hunahpu and Xbaquiyalo,Hun Hunahpu,Xbaquiyalo,popol_vuh::hun_hunahpu,popol_vuh::xbaquiyalo,2,"Hun Batz, Hun Chouen",0,,0,popol_vuh,"Allen J. Christenson, Popol Vuh: Sacred Book of the Quiche Maya People, Mesoweb electronic edition (2007): https://www.mesoweb.com/publications/Christenson/PopolVuh.pdf ; p. 99, The Deeds of One Hunahpu and Seven Hunahpu above Xibalba",The passage explicitly names Xbaquiyalo as the mother of One Batz and One Chouen and wife of One Hunahpu. Replaces the unnamed-mother placeholder; both sons are explicitly enumerated. Counts unchanged.,couple,legendary,,,,,,,,,
Hun Hunahpu and Xquic,Hun Hunahpu,Xquic,popol_vuh::hun_hunahpu,popol_vuh::xquic,2,"Hunahpu, Xbalanque",0,,0,popol_vuh,"Allen J. Christenson, Popol Vuh: Sacred Book of the Quiche Maya People, Mesoweb electronic edition (2007): https://www.mesoweb.com/publications/Christenson/PopolVuh.pdf ; pp. 113-116 (conception) and 125 (birth)",Lady Blood (Xquic) conceives after One Hunahpu's skull spits into her hand and gives birth to Hunahpu and Xbalanque; Christenson's note 321 explicitly calls them twin sons. Retains the supernatural parent-child relationship; the inherited couple type does not establish marriage or ordinary intercourse. Counts unchanged.,couple,legendary,,,,,,,,,
Dawud and wife (unnamed),Dawud,unknown,quran::dawud,,1,Sulayman (Solomon),0,,0,quran,"Quran 38:30; Ibn Kathir (abridged), commentary on 38:30: https://quran.com/en/sad/30","The verse names Sulayman as a son given to Dawud. The retained count is this named son, not a complete family total: the accompanying Ibn Kathir commentary explicitly mentions other sons without enumerating them. The mother is not identified. The Hebrew Bible David records are a separate cross-tradition account.",cross_tradition,legendary,david,,,,,,,,
Ibrahim (various wives),Ibrahim,multiple,quran::ibrahim,,2,"Ishmael, Isaac",0,,0,quran,Quran 14:39: https://quran.com/ibrahim/39,The verse names Ishmael and Isaac as sons given to Ibrahim in old age. It does not name their mothers or enumerate all offspring. The previous maternal names came from later tradition; this aggregate leaves maternity unassigned. The Hebrew Bible Abraham records are linked as a separate account.,cross_tradition,legendary,abraham,,,,,,,,
Imran and Hannah,Imran,Hannah,quran::imran,quran::hannah,0,,1,Maryam (Mary),0,quran,"Quran 3:35-36; 66:12; https://quran.com/en/ali-imran/35-36 ; Ibn Kathir (abridged), commentary on 3:35-36, The Story of Maryam's Birth: https://quran.com/en/3:35/tafsirs/en-tafisr-ibn-kathir","Quran 3:35-36 records Maryam as the daughter of Imran's wife. The name Hannah bint Faqudh is supplied by Ibn Kathir's commentary, not by the Quranic verse. This record explicitly combines the Quranic birth account and that later naming tradition. Do not combine it with the Hebrew Bible Amram/Moses family.",couple,legendary,,,,,,,,,
Lut and wife (unnamed),Lut,unknown,quran::lut,,0,,2,"unnamed, unnamed",0,quran,"Ibn Kathir, al-Bidaya wa-al-Nihaya, Arabic, vol. 1, p. 265: https://kutub.io/en/book/30097/358 ; Ibn Kathir (abridged), commentary on Quran 11:78: https://quran.com/hud/78/tafsirs/en-tafisr-ibn-kathir","The count of two comes from the inspected Arabic narrative in al-Bidaya wa-al-Nihaya, which identifies the family leaving with Lut as his two daughters. Their mother is not assigned in that sentence. Quran 11:78 alone does not supply this enumeration: Ibn Kathir's commentary there interprets ""my daughters"" as the women of the nation. The inherited quran category therefore includes a later Islamic narrative, not just Quranic verses. The collective interpretation of 11:78 is not a claim that Lut had no biological daughters.",cross_tradition,legendary,lot,,,,,,,,
Nuh and wife (unnamed),Nuh,unknown,quran::nuh,,4,Sam (Shem); Ham; Yafith; Yam,0,,0,quran,"Ibn Kathir (abridged), commentary on Quran 11:40-43: https://quran.com/hud/42/tafsirs/en-tafisr-ibn-kathir ; commentary on 37:75-82: https://quran.com/as-saffat/77/tafsirs/en-tafisr-ibn-kathir","The four-son count combines the later commentary naming the drowned son Yam with the report naming Sam, Ham, and Yafith as surviving sons. The Quranic verses do not themselves name four sons. Removed the inherited Kan'an alias from the child list because the inspected passages name Yam. The wife placeholder does not establish common maternity. This birth count includes the drowned son and differs in scope from a count of survivors.",cross_tradition,legendary,noah,,,,,,,,
Sulayman and wife (unnamed),Sulayman,unknown,quran::sulayman,,1,Rehoboam (Rahab'am),0,,0,quran,"Al-Tabari, Tarikh al-umam wa-al-muluk, Dar al-Maarif edition, vol. 1, p. 517, succession after Sulayman: https://ablibrary.net/book_content/b/18151/551","The inspected Arabic history identifies Rahab'am (Rehoboam), son of Sulayman, as his successor over Israel. This is a named son in later Islamic historiography, not a Quranic enumeration or an exhaustive family total. His mother is not identified in this passage. The inherited quran category includes this later account; the Hebrew Bible Solomon family is linked separately.",cross_tradition,legendary,solomon,,,,,,,,
Yaqub and wives,Yaqub,multiple,quran::yaqub,,12,"Yusuf, Binyamin, and 10 others",0,,0,quran,"Quran 12:4-5; Wahiduddin Khan, Tazkirul Quran, commentary: https://quran.com/en/12:4/tafsirs/tazkirul-quran-en","The commentary identifies Yusuf and Benjamin as sons of one mother and ten older brothers as sons of other mothers, giving twelve sons. It reads the eleven stars in Yusuf's dream as his eleven brothers. The count and Benjamin's name are thus supported by this commentary, not a literal twelve-son list in the verse. Mothers remain unassigned in this aggregate; the passage does not establish the absence of daughters.",cross_tradition,legendary,jacob,,,,,,,,
Agastya and Lopamudra,Agastya,Lopamudra,ramayan::agastya,ramayan::lopamudra,1,Dridhasyu (or Idhmavaha),0,,0,ramayan,"Mahabharata, Vana Parva, Tirtha-yatra Parva XCIX, Kisari Mohan Ganguli translation: https://sacred-texts.com/hin/m03/m03099.htm","The passage narrates Lopamudra's choice of one learned son and the birth of Dridhasyu, subsequently called Idhmavaha. These are two names of one child. Replaces the broad Ramayana reference; inherited category retained.",couple,legendary,,,,,,,,,
Angad and wife (unnamed),Angad,unknown,ramayan::angad,,1,Dhruva,0,,0,ramayan,"Brahmanda Purana, Upodghata-pada 7, G. V. Tagare translation: https://www.wisdomlib.org/hinduism/book/the-brahmanda-purana/d/doc362864.html (verse 220)",Names the previously unnamed son Dhruva. His mother is identified as Mainda's eldest daughter but is not personally named. This Angada is Vali's son; he is not Lakshmana's namesake son. Retains the inherited Ramayana-related category while specifying the Puranic source.,spouse_unnamed,legendary,,,,,,,,,
Aruna and Shyeni,Aruna,Shyeni,ramayan::aruna,ramayan::shyeni,2,Jatayu and Sampati,0,,0,ramayan,"Mahabharata, Adi Parva, Sambhava Parva LXVI, Kisari Mohan Ganguli translation, p. 138: https://sacred-texts.com/hin/m01/m01067.htm","The passage explicitly identifies Syeni as Aruna's wife and names their two sons Sampati and Jatayu. Counts unchanged; the exact supporting passage is in the Mahabharata, although the inherited source category remains ramayan.",couple,legendary,,,,,,,,,
Bharat and Mandavi,Bharat,Mandavi,ramayan::bharat,ramayan::mandavi,2,Taksha and Pushkala,0,,0,ramayan,"Valmiki Ramayana, Uttara Kanda 100, Hari Prasad Shastri translation (1952): https://www.wisdomlib.org/hinduism/book/the-ramayana-of-valmiki/d/doc424875.html ; Valmiki Ramayana, Bala Kanda LXXIII, Ralph T. H. Griffith translation: https://www.wisdomlib.org/hinduism/book/ramayana-of-valmiki-griffith/d/doc1547126.html",The Uttara passage explicitly assigns the two sons to their father. The wedding passage identifies his wife. Retains the inherited household grouping; the inspected son enumeration does not explicitly name their mother. Counts unchanged.,couple,legendary,,,,,,,,,
Dasharatha and Kaikeyi,Dasharatha,Kaikeyi,ramayan::dasharatha,ramayan::kaikeyi,1,Bharata,0,,0,ramayan,"Valmiki Ramayana, Bala Kanda 18, Hari Prasad Shastri translation (1952): https://www.wisdomlib.org/hinduism/book/the-ramayana-of-valmiki/d/doc423868.html",Bharata is explicitly assigned to Kaikeyi in the birth and naming narrative; count unchanged.,couple,legendary,,,,,,,,,
Dasharatha and Kausalya,Dasharatha,Kausalya,ramayan::dasharatha,ramayan::kausalya,1,Rama,1,Shanta,0,ramayan,"Valmiki Ramayana, Bala Kanda 18, Hari Prasad Shastri translation (1952): https://www.wisdomlib.org/hinduism/book/the-ramayana-of-valmiki/d/doc423868.html ; Sathya Sai Baba, As You Think, So You Become, discourse of 19 May 2002, Shanta - Rama's Elder Sister excerpt: https://saispeaks.sathyasai.org/discourse/snippet/shanta-ramas-elder-sister","Rama is verified in Valmiki's birth chapter. Retains Shanta using the explicitly identified later discourse, which calls her the daughter of Dasharatha and Kausalya, subsequently given in adoption. The inherited Valmiki 1.18 reference alone does not support the daughter; this is a combination of accounts, not Valmiki's own family enumeration.",couple,legendary,,,,,,,,,
Dasharatha and Sumitra,Dasharatha,Sumitra,ramayan::dasharatha,ramayan::sumitra,2,"Lakshmana, Shatrughna",0,,0,ramayan,"Valmiki Ramayana, Bala Kanda 18, Hari Prasad Shastri translation (1952): https://www.wisdomlib.org/hinduism/book/the-ramayana-of-valmiki/d/doc423868.html",Lakshmana and Shatrughna are explicitly assigned to Sumitra; each child is counted once.,couple,legendary,,,,,,,,,
Gautama and Ahalya,Gautama,Ahalya,ramayan::gautama,ramayan::ahalya,1,Shatananda,0,,0,ramayan,"Valmiki Ramayana, Bala Kanda 51, Hari Prasad Shastri translation (1952): https://www.wisdomlib.org/hinduism/book/the-ramayana-of-valmiki/d/doc423919.html","Shatananda is identified as Gautama's eldest son and asks about his mother's reconciliation with Gautama after Rama's visit. Counts the named son in this episode, not all offspring traditions.",couple,legendary,,,,,,,,,
Jambavan (children; mothers unassigned),Jambavan,unknown,ramayan::jambavan,,1,Unnamed young son who plays with the Syamantaka jewel,1,Jambavati,0,ramayan,"Bhagavata Purana 10.56.15,32, BBT translation: https://vedabase.io/en/library/sb/10/56/",Adds the young son who plays with the Syamantaka jewel in verse 15. Verse 32 explicitly names daughter Jambavati. Mothers are not identified or assumed to be the same. Replaces the unsupported Ramayana citation with the Krishna-cycle episode.,multi_wife_agg,legendary,,,,,,,,,
Janak and Sunayana,Janak,Sunayana,ramayan::janak,ramayan::sunayana,0,,2,Sita and Urmila,0,ramayan,"Valmiki Ramayana, Bala Kanda 66, Hari Prasad Shastri translation (1952): https://www.wisdomlib.org/hinduism/book/the-ramayana-of-valmiki/d/doc423935.html ; Valmiki Ramayana, Bala Kanda 71, Hari Prasad Shastri translation (1952): https://www.wisdomlib.org/hinduism/book/the-ramayana-of-valmiki/d/doc423940.html ; Tulsidas, Ramcharitmanas, Bala Kanda, chaupais following doha 323, Gita Press English translation: https://www.ancientknowledge.in/en/ramcharitmanas/1/56/",Valmiki identifies Sita as earth-born and adopted by Janaka and names Urmila as his other daughter. Tulsidas identifies Sunayana as Janaka's queen and Sita's mother. Retains the household grouping but does not claim that these passages establish Sunayana as Urmila's biological mother. The mother's personal name comes from the later telling.,couple,legendary,,,,,,,,,
Kesari and Anjana,Kesari,Anjana,ramayan::kesari,ramayan::anjana,1,Hanuman,0,,0,ramayan,"Valmiki Ramayana, Kishkindha Kanda 66, Hari Prasad Shastri translation (1952): https://www.wisdomlib.org/hinduism/book/the-ramayana-of-valmiki/d/doc424557.html ; Valmiki Ramayana, Uttara Kanda 35, Hari Prasad Shastri translation (1952): https://www.wisdomlib.org/hinduism/book/the-ramayana-of-valmiki/d/doc424801.html","Retains the household attribution to Kesari, Anjana's husband. Both passages also describe Vayu as Hanuman's divine progenitor; the couple label is not an exclusively biological parentage claim. Hanuman is counted once.",couple,legendary,,kesari_brahmanda_five,5,Hanuman; Matiman; Shrutiman; Ketuman; Dhritiman,0,,0,"Brahmanda Purana, Upodghata-pada 7, G. V. Tagare translation: https://www.wisdomlib.org/hinduism/book/the-brahmanda-purana/d/doc362864.html (verses 223-227)","The inspected Tagare translation lists five household sons of Kesari, including Hanuman, rather than just the Ramayana birth episode's named child. Anjana is explicitly Hanuman's mother and Kesari's wife; the mothers of the four brothers are not separately identified. Hanuman's divine progenitor Vayu is explicit. Counts this printed five-name roster, not an unsupported six-son total."
Kuber and Charvi,Kuber,Charvi,ramayan::kuber,ramayan::charvi,2,Manigriva (Varnakavi); Nalakubara (Mayuraja),1,Minakshi,0,ramayan,"John Dowson, A Classical Dictionary of Hindu Mythology and Religion, Geography, History and Literature, D. K. Printworld edition (1998; second impression 2000), Kubera, pp. 180-181: https://lakshminarayanlenasia.com/articles/Downson-Religion.pdf","Dowson lists two sons with aliases: Manigriva/Varnakavi and Nalakubara/Mayuraja. Removes the duplicate count of Mayuraja and corrects the truncated Nalakubara spelling. Uses the wife name Charvi supplied by this account (also Yakshi or Kauveri); the inherited Bhadra label was not established by the inspected source. This is a household enumeration, not an explicit birth narrative.",couple,legendary,,,,,,,,,
Kumbhakarna and Karkati,Kumbhakarna,Karkati,ramayan::kumbhakarna,ramayan::karkati,1,Bhimasura (Bhima),0,,0,ramayan,"Shiva Purana, Kotirudra Samhita 20.4-18, J. L. Shastri translation: https://www.wisdomlib.org/hinduism/book/shiva-purana-english/d/doc226521.html","Transfers Bhimasura from the inherited Vajrajwala row. Both parents are explicit; the narrative describes coercion, so the wife field records the mother and does not assert marriage. Retains the inherited Ramayana-related category while identifying the Puranic source.",couple,mythological,,,,,,,,,
Kumbhakarna and Vajrajwala,Kumbhakarna,Vajrajwala,ramayan::kumbhakarna,ramayan::vajrajwala,2,Kumbha; Nikumbha,0,,0,ramayan,"Valmiki Ramayana, Yuddha Kanda 75, Hari Prasad Shastri translation (1952): https://www.wisdomlib.org/hinduism/book/the-ramayana-of-valmiki/d/doc424704.html ; Vettam Mani, Puranic Encyclopaedia (1975), Kumbha II: https://www.wisdomlib.org/definition/kumbha","Retains Kumbha and Nikumbha, whose mother Mani explicitly identifies as Vajrajwala. Moves Bhimasura to Karkati, his named mother in Shiva Purana 4.20; Karkati is not treated as an alias of Vajrajwala.",couple,legendary,,,,,,,,,
Kush and Kumudvati,Kush,Kumudvati,ramayan::kush,ramayan::kumudvati,1,Atithi,0,,0,ramayan,"Kalidasa, Raghuvamsa 17.1, D. Hanumantha Rao translation: https://sanskritdocuments.org/sites/giirvaani/giirvaani/rv/sargas/17_rv.htm","The verse explicitly names both parents of Atithi. Removes the unsupported unnamed daughter in the inherited Wikipedia-based row. Zero daughters means none established for this record, not an assertion about every tradition.",couple,legendary,,,,,,,,,
Lakshman and Urmila,Lakshman,Urmila,ramayan::lakshman,ramayan::urmila,2,Angada and Chandraketu,0,,0,ramayan,"Valmiki Ramayana, Uttara Kanda 102, Hari Prasad Shastri translation (1952): https://www.wisdomlib.org/hinduism/book/the-ramayana-of-valmiki/d/doc424877.html ; Valmiki Ramayana, Bala Kanda LXXIII, Ralph T. H. Griffith translation: https://www.wisdomlib.org/hinduism/book/ramayana-of-valmiki-griffith/d/doc1547126.html",The Uttara passage explicitly assigns the two sons to their father. The wedding passage identifies his wife. Retains the inherited household grouping; the inspected son enumeration does not explicitly name their mother. Counts unchanged.,couple,legendary,,,,,,,,,
Malyavan and Sundari,Malyavan,Sundari,ramayan::malyavan,ramayan::sundari,7,"Vajramusthi, Virupaksha, Durmukha, Suptaghna, Yajnakopa, Matta, Unmatta",1,Analaa,0,ramayan,"Valmiki Ramayana, Uttara Kanda 5, Hari Prasad Shastri translation (1952): https://www.wisdomlib.org/hinduism/book/the-ramayana-of-valmiki/d/doc424766.html",Seven named sons and one daughter are explicitly listed for Sundari; counts unchanged.,couple,legendary,,,,,,,,,
Mayasura and Hema,Mayasura,Hema,ramayan::mayasura,ramayan::hema,2,"Mayavi, Dundubhi",1,Mandodari,0,ramayan,"Valmiki Ramayana, Uttara Kanda 12, Hari Prasad Shastri translation (1952): https://www.wisdomlib.org/hinduism/book/the-ramayana-of-valmiki/d/doc424773.html",Maya names Mayavi and Dundubhi as his two sons and explicitly identifies Hema as Mandodari's mother. Counts unchanged.,couple,legendary,,,,,,,,,
Prahasta and wife (unnamed),Prahasta,unknown,ramayan::prahasta,,1,Jambumali,0,,0,ramayan,"Valmiki Ramayana, Sundara Kanda 44, Hari Prasad Shastri translation (1952): https://www.wisdomlib.org/hinduism/book/the-ramayana-of-valmiki/d/doc424603.html",The opening identifies Jambumalin (Jambumali) as Prahasta's son. Mother unnamed; count unchanged.,spouse_unnamed,legendary,,,,,,,,,
Ram and Sita,Ram,Sita,ramayan::ram,ramayan::sita,2,Luv and Kush,0,,0,ramayan,"Valmiki Ramayana, Uttara Kanda 66, Hari Prasad Shastri translation (1952): https://www.wisdomlib.org/hinduism/book/the-ramayana-of-valmiki/d/doc424840.html",The birth and naming narrative explicitly identifies Sita's twin sons Kusha and Lava. Counts unchanged; no duplicate is created from the alternate spellings Luv and Kush.,couple,legendary,,,,,,,,,
Ravana (sons with mothers unassigned),Ravana,unknown,ramayan::ravana,,4,Aksha (Akshayakumara); Narantaka; Devantaka; Trishiras,0,,0,ramayan,"Valmiki Ramayana, Sundara Kanda 47 and Yuddha Kanda 69, Hari Prasad Shastri translation (1952): https://www.wisdomlib.org/hinduism/book/the-ramayana-of-valmiki/d/doc424606.html ; https://www.wisdomlib.org/hinduism/book/the-ramayana-of-valmiki/d/doc424698.html","These passages identify four sons of Ravana without assigning their mothers. Removes the inherited unsupported attribution to Mandodari. This residual paternal group does not assert a single shared mother. Trishiras is a son, not a daughter. The six sons across the three Ravana records are counted once each; this is not a claim to exhaust every tradition.",multi_wife_agg,legendary,,mandodari_mani_three,3,Narantaka; Devantaka; Trishiras,0,,0,"Vettam Mani, Puranic Encyclopaedia (English edition, 1975), Mandodari entry: https://www.wisdomlib.org/hinduism/compilation/puranic-encyclopaedia/d/doc241747.html ; unaffected paternal attributions: Valmiki Ramayana, Sundara Kanda 47 and Yuddha Kanda 69, Hari Prasad Shastri translation (1952): https://www.wisdomlib.org/hinduism/book/the-ramayana-of-valmiki/d/doc424606.html ; https://www.wisdomlib.org/hinduism/book/the-ramayana-of-valmiki/d/doc424698.html","Mani assigns Meghanada, Atikaya and Akshakumara to Mandodari, conflicting with Valmiki's explicit Dhanyamalini attribution for Atikaya. This linked alternative moves Atikaya and Aksha to Mandodari while retaining the other three paternal attributions from Valmiki. It is a stated combination of sources, not a complete Mani genealogy. A zero under Dhanyamalini removes the moved son from that account; it does not assert childlessness. Total sons remain six."
Ravana and Dhanyamalini,Ravana,Dhanyamalini,ramayan::ravana,ramayan::dhanyamalini,1,Atikaya,0,,0,ramayan,"Valmiki Ramayana, Yuddha Kanda 71, Hari Prasad Shastri translation (1952): https://www.wisdomlib.org/hinduism/book/the-ramayana-of-valmiki/d/doc424700.html",Vibhishana explicitly names Dhanyamalini as Atikaya's mother. Moves him from the inherited Mandodari aggregate without duplicating him. Zero daughters means none enumerated here.,couple,legendary,,mandodari_mani_three,0,,0,,0,"Vettam Mani, Puranic Encyclopaedia (English edition, 1975), Mandodari entry: https://www.wisdomlib.org/hinduism/compilation/puranic-encyclopaedia/d/doc241747.html ; unaffected paternal attributions: Valmiki Ramayana, Sundara Kanda 47 and Yuddha Kanda 69, Hari Prasad Shastri translation (1952): https://www.wisdomlib.org/hinduism/book/the-ramayana-of-valmiki/d/doc424606.html ; https://www.wisdomlib.org/hinduism/book/the-ramayana-of-valmiki/d/doc424698.html","Mani assigns Meghanada, Atikaya and Akshakumara to Mandodari, conflicting with Valmiki's explicit Dhanyamalini attribution for Atikaya. This linked alternative moves Atikaya and Aksha to Mandodari while retaining the other three paternal attributions from Valmiki. It is a stated combination of sources, not a complete Mani genealogy. A zero under Dhanyamalini removes the moved son from that account; it does not assert childlessness. Total sons remain six."
Ravana and Mandodari,Ravana,Mandodari,ramayan::ravana,ramayan::mandodari,1,Indrajit (Meghanada),0,,0,ramayan,"Valmiki Ramayana, Uttara Kanda 12, Hari Prasad Shastri translation (1952): https://www.wisdomlib.org/hinduism/book/the-ramayana-of-valmiki/d/doc424773.html","The passage explicitly assigns Indrajit (Meghanada) to Mandodari. Replaces the unsupported attribution of all six listed sons to her with separate, non-overlapping maternal records. Zero daughters means none counted from this passage. The Mani encyclopaedia account is retained in linked alternate fields.",couple,legendary,,mandodari_mani_three,3,Indrajit (Meghanada); Atikaya; Aksha (Akshayakumara),0,,0,"Vettam Mani, Puranic Encyclopaedia (English edition, 1975), Mandodari entry: https://www.wisdomlib.org/hinduism/compilation/puranic-encyclopaedia/d/doc241747.html ; unaffected paternal attributions: Valmiki Ramayana, Sundara Kanda 47 and Yuddha Kanda 69, Hari Prasad Shastri translation (1952): https://www.wisdomlib.org/hinduism/book/the-ramayana-of-valmiki/d/doc424606.html ; https://www.wisdomlib.org/hinduism/book/the-ramayana-of-valmiki/d/doc424698.html","Mani assigns Meghanada, Atikaya and Akshakumara to Mandodari, conflicting with Valmiki's explicit Dhanyamalini attribution for Atikaya. This linked alternative moves Atikaya and Aksha to Mandodari while retaining the other three paternal attributions from Valmiki. It is a stated combination of sources, not a complete Mani genealogy. A zero under Dhanyamalini removes the moved son from that account; it does not assert childlessness. Total sons remain six."
Sampati and wife (unnamed),Sampati,unknown,ramayan::sampati,,1,Suparshva (Suparsva),0,,0,ramayan,"Valmiki Ramayana, Kishkindha Kanda 59, Hari Prasad Shastri translation (1952): https://www.wisdomlib.org/hinduism/book/the-ramayana-of-valmiki/d/doc424550.html",Counts the named son Suparshva (Suparsva). Removes the unsupported extra unnamed son from the inherited Wikipedia-based entry. This episode does not claim to enumerate every offspring tradition.,spouse_unnamed,legendary,,,,,,,,,
Shatrughana and Shrutakriti,Shatrughana,Shrutakriti,ramayan::shatrughana,ramayan::shrutakriti,2,Shatrughati and Subahu,0,,0,ramayan,"Valmiki Ramayana, Uttara Kanda 108, Hari Prasad Shastri translation (1952): https://www.wisdomlib.org/hinduism/book/the-ramayana-of-valmiki/d/doc424883.html ; Valmiki Ramayana, Bala Kanda LXXIII, Ralph T. H. Griffith translation: https://www.wisdomlib.org/hinduism/book/ramayana-of-valmiki-griffith/d/doc1547126.html",The Uttara passage explicitly assigns the two sons to their father. The wedding passage identifies his wife. Retains the inherited household grouping; the inspected son enumeration does not explicitly name their mother. Counts unchanged.,couple,legendary,,,,,,,,,
Sumali and Ketumati,Sumali,Ketumati,ramayan::sumali,ramayan::ketumati,10,Prahasta; Akampana; Vikata; Kalikamukha; Dhumraksha; Danda; Suparshva; Samhradi; Praghasa; Bhasakarna,4,Raka; Pashpotkala; Kaikasi; Kumbhanasi,0,ramayan,"Valmiki Ramayana, Uttara Kanda 5, Hari Prasad Shastri translation (1952): https://www.wisdomlib.org/hinduism/book/the-ramayana-of-valmiki/d/doc424766.html ; Vettam Mani, Puranic Encyclopaedia (1975), Kubera, Old history of Lanka: https://www.wisdomlib.org/hinduism/compilation/puranic-encyclopaedia/d/doc241714.html",Replaces the abbreviated child descriptions with the Shastri roster; Mani explicitly separates ten sons and four daughters. Corrects the inherited mother spelling Kekumati to Ketumati (Katumati in Shastri).,couple,legendary,,,,,,,,,
Sunda and Tataka,Sunda,Tataka,ramayan::sunda,ramayan::tataka,2,"Maricha, Subahu",0,,0,ramayan,"Vettam Mani, Puranic Encyclopaedia (1975), Tataka: https://www.wisdomlib.org/definition/tataka","Retains the two sons explicitly listed by Mani. Replaces the inherited Valmiki 1.25 citation, which names only Maricha in its birth narrative; that narrower enumeration is stored as an alternative.",couple,legendary,,tataka_valmiki_birth_episode,1,Maricha,0,,0,"Valmiki Ramayana, Bala Kanda 25, Hari Prasad Shastri translation (1952): https://www.wisdomlib.org/hinduism/book/the-ramayana-of-valmiki/d/doc423875.html",Counts only the son enumerated in Valmiki's birth episode. This narrower scope does not establish an explicit denial of Subahu's parentage in every telling.
Vali and Tara,Vali,Tara,ramayan::vali,ramayan::tara,1,Angad,0,,0,ramayan,"Valmiki Ramayana, Kishkindha Kanda 18, Hari Prasad Shastri translation (1952): https://www.wisdomlib.org/hinduism/book/the-ramayana-of-valmiki/d/doc424191.html ; Valmiki Ramayana, Kishkindha Kanda 21, Hari Prasad Shastri translation (1952): https://www.wisdomlib.org/hinduism/book/the-ramayana-of-valmiki/d/doc424194.html","Vali calls Angada his only son and identifies Tara as the mother. Removes Sugriva from the parent label: the second passage identifies him as the paternal uncle and prospective guardian, not an additional biological father.",couple,legendary,,,,,,,,,
Vasishtha (Ramayana tradition),Vasishtha,unknown,ramayan::vasishtha,,100,"100 sons, unnamed in this passage",0,,0,ramayan,"Valmiki Ramayana, Bala Kanda 58.1 (Desiraju Hanumanta Rao translation); https://sanskritdocuments.org/sites/valmikiramayan/baala/sarga58/balasans58.htm","Counts the hundred sons who address Trishanku in this passage. No additional son is enumerated here. This is a specified cohort, not a reconciliation of every Vasishtha genealogy.",mythical_count,legendary,,,,,,,,,
Vibhishana and Sarama,Vibhishana,Sarama,ramayan::vibhishana,ramayan::sarama,0,,1,Trijata,0,ramayan,"V. V. S. Aiyar, Kamba Ramayanam: A Study (1950), digital edition p. 155: https://www.srimatham.com/uploads/5/5/4/9/5549439/kamba.pdf ; Valmiki Ramayana, Uttara Kanda 12, Hari Prasad Shastri translation (1952): https://www.wisdomlib.org/hinduism/book/the-ramayana-of-valmiki/d/doc424773.html","Aiyar explicitly identifies Trijata as Vibhishana's daughter in Kamban's narrative. Valmiki's Uttara passage supplies the wife Sarama. Retains the household label, but the inspected daughter passage does not establish her mother. The inherited blanket Valmiki citation did not support Trijata's paternal attribution. The alternative retains Valmiki's named daughter in a separate episode, without assuming the two names denote either the same person or two distinct daughters.",couple,legendary,,vibhishana_valmiki_daughter,0,,1,Kala (Shastri translation),0,"Valmiki Ramayana, Sundara Kanda 37, Hari Prasad Shastri translation (1952): https://www.wisdomlib.org/hinduism/book/the-ramayana-of-valmiki/d/doc424596.html","Counts the daughter named Kala in Shastri's translation, sent to Sita by her unnamed mother. Substitutes the episode-specific roster for the Kamban/Aiyar Trijata record; does not add the two names together. Sarama remains a household wife label, not a demonstrated maternal attribution in this passage."
Vidyutkesha and Salakatankata,Vidyutkesha,Salakatankata,ramayan::vidyutkesha,ramayan::salakatankata,1,Sukesha,0,,0,ramayan,"Valmiki Ramayana, Uttara Kanda 4 (Hari Prasad Shastri translation); https://www.wisdomlib.org/hinduism/book/the-ramayana-of-valmiki/d/doc424765.html",Moved Sukesha from the Shiva-only origin row to his named birth parents. The mother is rendered Salatantaka in this translation. Shiva and Parvati give the abandoned child growth and immortality; the passage does not make Shiva his biological father. The child is counted once in these records.,couple,legendary,,,,,,,,,
Vishrava and Ilavida,Vishrava,Ilavida,ramayan::vishrava,ramayan::ilavida,1,Kubera,0,,0,ramayan,"Valmiki Ramayana, Uttara Kanda 3, Hari Prasad Shastri translation (1952): https://www.wisdomlib.org/hinduism/book/the-ramayana-of-valmiki/d/doc424764.html ; Vettam Mani, Puranic Encyclopaedia (1975), Kubera, Birth: https://www.wisdomlib.org/hinduism/compilation/puranic-encyclopaedia/d/doc241714.html","Shastri identifies Kubera's mother as Bharadvaja's daughter without naming her. Mani supplies Ilibila/Daivavarnini, corresponding to the inherited Ilavida label; this naming detail is not attributed to the inspected Ramayana passage. Count unchanged.",couple,legendary,,,,,,,,,
Vishrava and Kaikesi,Vishrava,Kaikesi,ramayan::vishrava,ramayan::kaikesi,3,"Ravana, Kumbhakarna, Vibhishana",1,Shurpanakha,0,ramayan,"Valmiki Ramayana, Uttara Kanda 9, Hari Prasad Shastri translation (1952): https://www.wisdomlib.org/hinduism/book/the-ramayana-of-valmiki/d/doc424770.html","The birth narrative lists Ravana (Dashagriva), Kumbhakarna, Shurpanakha and Vibhishana in order. Counts unchanged.",couple,legendary,,,,,,,,,
Vishwamitra (sons; mothers unassigned),Vishwamitra,multiple,ramayan::vishwamitra,,105,100 unnamed sons killed by Vasishtha; 1 unnamed surviving son; Havisyanda; Madhusyanda; Drirhanetra; Maharatha,0,,0,ramayan,"Valmiki Ramayana, Bala Kanda 55, Hari Prasad Shastri translation (1952): https://www.wisdomlib.org/hinduism/book/the-ramayana-of-valmiki/d/doc423923.html ; Valmiki Ramayana, Bala Kanda 57, Hari Prasad Shastri translation (1952): https://www.wisdomlib.org/hinduism/book/the-ramayana-of-valmiki/d/doc423925.html","Retains 105 as the sum of 100 slain sons, one surviving son installed as king, and four sons born later. Replaces the inherited mixed name list, which did not describe this calculation; Rajarshi is a title, not an additional named child. This is the enumeration in these episodes, not a harmonized total across all offspring accounts. Transfers Shakuntala to her own maternal record. Mothers of the first group are unassigned; the later four are born to an unnamed queen.",mythical_count,legendary,,vishwamitra_bhagavata_household,102,101 sons including Madhucchanda; adopted Shunahshepha (Devarata),0,,0,"Bhagavata Purana 9.16.29-30, BBT translation: https://vedabase.io/en/library/sb/9/16/29/ ; https://vedabase.io/en/library/sb/9/16/30/","Alternative source-specific enumeration: verse 29 counts 101 sons around Madhucchanda; verse 30 adds the adopted Shunahshepha, giving 102 household sons. Does not add this group to Valmiki's slain and later-born sons or assume a one-to-one correspondence between the rosters. Shakuntala remains in her separate maternal record."
Vishwamitra and Menaka,Vishwamitra,Menaka,ramayan::vishwamitra,ramayan::menaka,0,,1,Shakuntala,0,ramayan,"Mahabharata, Adi Parva, Sambhava Parva LXXII, Kisari Mohan Ganguli translation, pp. 154-155: https://sacred-texts.com/hin/m01/m01073.htm","Transfers Shakuntala from the inherited Vishwamitra aggregate without duplicating her. Both birth parents and her adoption by Kanwa are explicit. The wife field identifies the mother, not a demonstrated marriage. Retains the inherited Ramayana-related category while specifying the Mahabharata source.",couple,legendary,,,,,,,,,
Aeneas and Creusa,Aeneas,Creusa,roman::aeneas,roman::creusa,1,Ascanius (Iulus),0,,0,roman,"Virgil, Aeneid 2.671-684 and 2.771-789, trans. H. R. Fairclough: https://www.theoi.com/Text/VirgilAeneid2.html",The escape scene names Iulus and his parents; Creusa's farewell calls him their common child. Count unchanged. The alternative preserves Livy's initial Lavinia attribution and moves Silvius to the next generation; Livy himself acknowledges doubt about Ascanius's mother.,couple,legendary,,aeneas_livy_lavinia,0,,0,,0,"Livy, History of Rome 1.1-4, trans. D. Spillan (1853): https://www.gutenberg.org/files/19725/19725-h/19725-h.htm","Uses the Lavinia mother-account introduced in Livy 1.1-3, while retaining his explicit uncertainty over whether Ascanius was instead Creusa's Trojan-born son. Livy 1.3 makes Silvius the son of Ascanius. Linked changes count each child once and replace Virgil's parentage; no second Ascanius is invented."
Aeneas and Lavinia,Aeneas,Lavinia,roman::aeneas,roman::lavinia,1,Silvius,0,,0,roman,"Virgil, Aeneid 6.752-776, trans. A. S. Kline (2002): https://www.poetryintranslation.com/PITBR/Latin/VirgilAeneidVI.php",Anchises foretells Silvius as Aeneas's son by Lavinia. Removes the misleading undifferentiated Livy citation: Livy 1.3 instead makes Silvius the son of Ascanius. That account is preserved in linked alternate columns. Count unchanged.,couple,legendary,,aeneas_livy_lavinia,1,Ascanius (Iulus),0,,0,"Livy, History of Rome 1.1-4, trans. D. Spillan (1853): https://www.gutenberg.org/files/19725/19725-h/19725-h.htm","Uses the Lavinia mother-account introduced in Livy 1.1-3, while retaining his explicit uncertainty over whether Ascanius was instead Creusa's Trojan-born son. Livy 1.3 makes Silvius the son of Ascanius. Linked changes count each child once and replace Virgil's parentage; no second Ascanius is invented."
Ascanius and mother of Silvius (unnamed),Ascanius,unknown,roman::ascanius,,0,,0,,0,roman,"Livy, History of Rome 1.1-4, trans. D. Spillan (1853): https://www.gutenberg.org/files/19725/19725-h/19725-h.htm","Alternative-only record. Baseline counts Silvius under Aeneas and Lavinia; zero here means the alternative is inactive, not childlessness.",spouse_unnamed,legendary,,aeneas_livy_lavinia,1,Silvius,0,,0,"Livy, History of Rome 1.1-4, trans. D. Spillan (1853): https://www.gutenberg.org/files/19725/19725-h/19725-h.htm","Uses the Lavinia mother-account introduced in Livy 1.1-3, while retaining his explicit uncertainty over whether Ascanius was instead Creusa's Trojan-born son. Livy 1.3 makes Silvius the son of Ascanius. Linked changes count each child once and replace Virgil's parentage; no second Ascanius is invented."
Juno (Vulcan without a father),none,Juno,,roman::juno,1,Vulcan,0,,0,roman,"Hyginus, Fabulae, Preface, trans. Mary Grant (1960): https://www.theoi.com/Text/HyginusFabulae1.html",Vulcan is explicitly fatherless here. Retained as a Roman parallel of the Greek Hera record.,cross_tradition,mythological,hera_hephaestus,vulcan_cicero_jupiter,0,,0,,0,"Cicero, On the Nature of the Gods 3.22, trans. Francis Brooks, third Vulcan: https://www.informationphilosopher.com/solutions/philosophers/cicero/nature_of_the_gods.html","Cicero gives the Lemnian Vulcan to Jupiter and Juno. Moves Vulcan from the fatherless record to the couple; other children retain the Hyginus coding. This is an alternative for Vulcan alone, not Cicero's complete genealogy."
Jupiter and Ceres,Jupiter,Ceres,roman::jupiter,roman::ceres,0,,1,Proserpina,0,roman,"Hyginus, Fabulae, Preface, trans. Mary Grant (1960): https://www.theoi.com/Text/HyginusFabulae1.html",The Preface explicitly enumerates this parentage in Latin names. Counts unchanged. Retains the cross-tradition flag.,cross_tradition,mythological,sky_harvest,,,,,,,,
Jupiter and Juno,Jupiter,Juno,roman::jupiter,roman::juno,1,Mars,2,Juventas (Youth); Libertas (Liberty),0,roman,"Hyginus, Fabulae, Preface, trans. Mary Grant (1960): https://www.theoi.com/Text/HyginusFabulae1.html",Uses the Preface enumeration: replaces unsupported Bellona with Liberty and moves Vulcan to Juno alone. The Cicero alternative preserves Jupiter's paternity of Vulcan.,cross_tradition,mythological,sky_king_queen,vulcan_cicero_jupiter,2,Mars; Vulcan,2,Juventas (Youth); Libertas (Liberty),0,"Cicero, On the Nature of the Gods 3.22, trans. Francis Brooks, third Vulcan: https://www.informationphilosopher.com/solutions/philosophers/cicero/nature_of_the_gods.html ; unchanged children: Hyginus, Fabulae, Preface, trans. Mary Grant (1960): https://www.theoi.com/Text/HyginusFabulae1.html","Cicero gives the Lemnian Vulcan to Jupiter and Juno. Moves Vulcan from the fatherless record to the couple; other children retain the Hyginus coding. This is an alternative for Vulcan alone, not Cicero's complete genealogy."
Jupiter and Latona,Jupiter,Latona,roman::jupiter,roman::latona,1,Apollo,1,Diana,0,roman,"Hyginus, Fabulae, Preface, trans. Mary Grant (1960): https://www.theoi.com/Text/HyginusFabulae1.html",The Preface explicitly enumerates this parentage in Latin names. Counts unchanged. Retains the cross-tradition flag.,cross_tradition,mythological,sky_titan_twins,,,,,,,,
Jupiter and Maia,Jupiter,Maia,roman::jupiter,roman::maia,1,Mercury,0,,0,roman,"Hyginus, Fabulae, Preface, trans. Mary Grant (1960): https://www.theoi.com/Text/HyginusFabulae1.html",The Preface explicitly enumerates this parentage in Latin names. Counts unchanged. Retains the cross-tradition flag.,cross_tradition,mythological,sky_maia_messenger,,,,,,,,
Jupiter and Metis,Jupiter,Metis,roman::jupiter,roman::metis,0,,1,Minerva,0,roman,"Hesiod, Theogony, trans. H. G. Evelyn-White, 886-900 and 924-929: https://www.theoi.com/Text/HesiodTheogony.html","Greek account of Zeus, Metis and Athena retained under the inherited Latin names Jupiter and Minerva. The head-birth does not erase Metis from this account. Now explicitly cross-tradition; not independent Roman evidence. Counts unchanged.",cross_tradition,mythological,,,,,,,,,
Jupiter and Proserpina (Melinoe hymn),Jupiter,Proserpina,roman::jupiter,roman::proserpina,0,,1,Melinoe,0,roman,"Orphic Hymn to Melinoe, 70 in Thomas Taylor's numbering (usually 71): https://www.theoi.com/Text/OrphicHymns2.html","Corrects Pluto to Jupiter: the hymn says Jupiter takes Pluto's appearance. This is the Greek hymn in Taylor's Latinized names, not an independent Roman account. Links the same Melinoe relationship in the Greek section; keeps the cross-tradition flag. Count unchanged.",cross_tradition,mythological,zeus_persephone_melinoe,,,,,,,,
Mars and Rhea Silvia,Mars,Rhea Silvia,roman::mars,roman::rhea_silvia,2,Romulus; Remus,0,,0,roman,"Livy, History of Rome 1.1-4, trans. D. Spillan (1853): https://www.gutenberg.org/files/19725/19725-h/19725-h.htm ; specifically 1.3-5","Rhea Silvia gives birth to the twins and names Mars as their father. Livy explicitly qualifies this as her attribution, not established paternity. Counts unchanged; the record preserves the narrative divine parentage.",couple,mythological,,,,,,,,,
Neptune and Amphitrite,Neptune,Amphitrite,roman::neptune,roman::amphitrite,1,Triton,0,,0,roman,"Hyginus, Fabulae, Preface, trans. Mary Grant (1960): https://www.theoi.com/Text/HyginusFabulae1.html","Corrects the mother to Amphitrite, explicitly named in this Latin genealogy. Does not infer Salacia from a deity-equivalence table. Count unchanged.",cross_tradition,mythological,sea_god,,,,,,,,
Numa Pompilius (four disputed sons; mothers unassigned),Numa Pompilius,unknown,roman::numa_pompilius,,0,,0,,0,roman,"Plutarch, Life of Numa 21.1-3, trans. Bernadotte Perrin: https://penelope.uchicago.edu/Thayer/E/Roman/Texts/Plutarch/Lives/Numa*.html#21",Alternative-only four-son account. Plutarch also records the objection that these pedigrees were invented to flatter prominent families.,multi_wife_agg,legendary,,numa_four_sons,4,Pompon; Pinus; Calpus; Mamercus,0,,0,"Plutarch, Life of Numa 21.1-3, trans. Bernadotte Perrin: https://penelope.uchicago.edu/Thayer/E/Roman/Texts/Plutarch/Lives/Numa*.html#21","Adds the four sons reported by some writers, leaving Pompilia's baseline attribution unchanged. No common mother is inferred."
Numa Pompilius and Lucretia,Numa Pompilius,Lucretia,roman::numa_pompilius,roman::lucretia,0,,0,,0,roman,"Plutarch, Life of Numa 21.1-3, trans. Bernadotte Perrin: https://penelope.uchicago.edu/Thayer/E/Roman/Texts/Plutarch/Lives/Numa*.html#21","Alternative-only maternal attribution. Zero in the baseline means inactive, not childlessness.",couple,legendary,,numa_lucretia_pompilia,0,,1,Pompilia,0,"Plutarch, Life of Numa 21.1-3, trans. Bernadotte Perrin: https://penelope.uchicago.edu/Thayer/E/Roman/Texts/Plutarch/Lives/Numa*.html#21",Plutarch reports Lucretia rather than Tatia as Pompilia's mother. Both rows change together; the daughter is counted once.
Numa Pompilius and Tatia,Numa Pompilius,Tatia,roman::numa_pompilius,roman::tatia,0,,1,Pompilia,0,roman,"Plutarch, Life of Numa 21.1-3, trans. Bernadotte Perrin: https://penelope.uchicago.edu/Thayer/E/Roman/Texts/Plutarch/Lives/Numa*.html#21","Retains the one-daughter account. Plutarch reports competing claims: Lucretia as Pompilia's mother, and four additional sons with no assigned mother. Separate alternatives preserve those disagreements.",couple,legendary,,numa_lucretia_pompilia,0,,0,,0,"Plutarch, Life of Numa 21.1-3, trans. Bernadotte Perrin: https://penelope.uchicago.edu/Thayer/E/Roman/Texts/Plutarch/Lives/Numa*.html#21",Plutarch reports Lucretia rather than Tatia as Pompilia's mother. Both rows change together; the daughter is counted once.
Romulus and Hersilia,Romulus,Hersilia,roman::romulus,roman::hersilia,1,Aollius (later called Avillius),1,Prima,0,roman,"Plutarch, Life of Romulus 14.7 (Bernadotte Perrin translation); https://penelope.uchicago.edu/Thayer/E/Roman/Texts/Plutarch/Lives/Romulus*.html#14.7","Uses the account attributed to Zenodotus: Prima is the daughter, Aollius the son. Plutarch says this account was contradicted by many and also records a different husband for Hersilia; this is a reported variant, not an undisputed genealogy.",couple,legendary,,,,,,,,,
Saturn and Ops,Saturn,Ops,roman::saturn,roman::ops,3,"Jupiter, Neptune, Pluto",3,"Juno, Ceres, Vesta",0,roman,"Hyginus, Fabulae, Preface, trans. Mary Grant (1960): https://www.theoi.com/Text/HyginusFabulae1.html",The Preface explicitly enumerates this parentage in Latin names. Counts unchanged. Retains the cross-tradition flag.,cross_tradition,mythological,titan_parents,,,,,,,,
Venus and Anchises,Venus,Anchises,roman::venus,roman::anchises,1,Aeneas,0,,0,roman,"Virgil, Aeneid 1.613-618, trans. H. R. Fairclough: https://www.theoi.com/Text/VirgilAeneid1.html","Dido explicitly identifies Aeneas as the child whom Venus bore to Anchises. Count unchanged; selected relationship, not an exhaustive family.",couple,mythological,,,,,,,,,
Venus and Mars,Mars,Venus,roman::mars,roman::venus,2,Phobos (Panic); Deimos (Fear),1,Harmonia,0,roman,"Hesiod, Theogony, trans. H. G. Evelyn-White, 933-937: https://www.theoi.com/Text/HesiodTheogony.html","Retains the inherited Greek parallel under Latin parent names, using the source's child identities instead of treating Timor, Metus and Concordia as a separate Roman genealogy. Two male personifications and Harmonia; counts unchanged. Other Cupids are outside this selected passage.",cross_tradition,mythological,love_war,,,,,,,,
David of Sassoun and Chmshkig Sultan,David of Sassoun,Chmshkig Sultan,sassoun::david_of_sassoun,sassoun::chmshkig_sultan,0,,1,Unnamed daughter who kills David,0,sassoun,"Arpine Khatchadourian, David of Sassoun: An Introduction to the Study of the Armenian Epic (2016), chapter 4, p. 49: https://dokumen.pub/david-of-sassoun-an-introduction-to-the-study-of-the-armenian-epic-1498220398-9781498220392.html","Restores the daughter whose parentage David discovers before his death. The mother is Chmshkig, not Khandut; the wife field identifies the mother without implying marriage.",couple,legendary,,,,,,,,,
David of Sassoun and Khandut,David of Sassoun,Khandut,sassoun::david_of_sassoun,sassoun::khandut,1,Mher the Younger,0,,0,sassoun,"Hayk Hambardzumyan, Re-readings of the Epic Sasna Tsrrer (Daredevils of Sassoun) in Modern Armenian Prose, LEA 5 (2016), p. 106, doi:10.13128/LEA-1824-484x-20026: https://oajournals.fupress.net/index.php/bsfm-lea/article/download/7704/7702/7581","Poqr Mher (Mher the Younger) is the son of David and Khandut. David's daughter by Chmshkig Sultan is recorded separately, not assigned to Khandut.",couple,legendary,,,,,,,,,
Dzovinar (miraculous conception),none,Dzovinar,,sassoun::dzovinar,2,"Sanasar, Baghdasar",0,,0,sassoun,"Houshamadyan, Sassoun: Religion / Festivals, Customs and Beliefs, water-worship paragraph: https://www.houshamadyan.org/mapottomanempire/vilayet-of-bitlispaghesh/sassoun/religion/festivals.html","Corrects the inherited self-parent relationship: Sanasar and Baghdasar are Dzovinar's sons, conceived after she drinks two handfuls of spring water. No human father is assigned in this account. The single_divine flag records supernatural conception, not a claim that the princess is a deity. Uses the inspected Houshamadyan account; the inherited Surmelian edition reference was too broad to verify its wording.",single_divine,legendary,,,,,,,,,
Mher the Elder and Armaghan,Mher the Elder,Armaghan,sassoun::mher_the_elder,sassoun::armaghan,1,David of Sassoun,0,,0,sassoun,"Hayk Hambardzumyan, Re-readings of the Epic Sasna Tsrrer (Daredevils of Sassoun) in Modern Armenian Prose, LEA 5 (2016), p. 106, doi:10.13128/LEA-1824-484x-20026: https://oajournals.fupress.net/index.php/bsfm-lea/article/download/7704/7702/7581","David's parentage confirmed. Mher's other son, Msra Melik, belongs to Ismil Khatun and is recorded separately.",couple,legendary,,,,,,,,,
Mher the Elder and Ismil Khatun,Mher the Elder,Ismil Khatun,sassoun::mher_the_elder,sassoun::ismil_khatun,1,Msra Melik,0,,0,sassoun,"Hayk Hambardzumyan, Re-readings of the Epic Sasna Tsrrer (Daredevils of Sassoun) in Modern Armenian Prose, LEA 5 (2016), p. 106, doi:10.13128/LEA-1824-484x-20026: https://oajournals.fupress.net/index.php/bsfm-lea/article/download/7704/7702/7581",Restores David's paternal half-brother from the cited genealogy. Ismil Khatun is the widow of the earlier Msra Melik; father and son sharing the title are distinct figures.,couple,legendary,,,,,,,,,
Bahman (Sasan and Homay; mothers unassigned),Bahman,unknown,shahnameh::bahman,,1,Sasan,1,Homay (Humay),0,shahnameh,"Djalal Khaleghi-Motlagh, Bahman (son of Esfandiar), Encyclopaedia Iranica (1988), children and succession paragraph: https://www.iranicaonline.org/articles/bahman-son-of-esfandiar/ ; Jalil Doostkhah, Homay Chehrzad, Encyclopaedia Iranica (2004), Ferdowsi narrative (Khaleghi V pp. 483, 487-512): https://www.iranicaonline.org/articles/homay-cehrzad/","Adds Sasan. Moves Darab to the Bahman-Homay record, identifying his mother without duplication. Counts Homay here as Bahman's daughter in the Shahnameh account; does not assume a shared mother with Sasan.",multi_wife_agg,legendary,,bahman_tabari_daughters,1,Sasan,3,Homay (Humay); Bahmandokht; Farnak,0,"Djalal Khaleghi-Motlagh, Bahman (son of Esfandiar), Encyclopaedia Iranica (1988), children and succession paragraph: https://www.iranicaonline.org/articles/bahman-son-of-esfandiar/","Broader enumeration reported for Tabari and Ebn Balkhi: adds two daughters. Darab remains in the separate maternal record. This is a difference in enumerated scope, not proof that Ferdowsi denies these daughters."
Bahman and Homay,Bahman,Homay,shahnameh::bahman,shahnameh::homay,1,Darab (Dara),0,,0,shahnameh,"Jalil Doostkhah, Homay Chehrzad, Encyclopaedia Iranica (2004), Ferdowsi narrative (Khaleghi V pp. 483, 487-512): https://www.iranicaonline.org/articles/homay-cehrzad/ ; Ferdowsi, Shahnameh, James Atkinson adaptation, Bahman; Humai and the Birth of Darab, Persian Literature vol. 1 (revised edition, 1909): https://www.gutenberg.org/cache/epub/10315/pg10315.html",Darab is the son born to Homay after Bahman's death. The baseline follows Ferdowsi's daughter-wife account; Homay's own parentage differs in Bahman-nama. Darab is excluded from the paternal residual record.,couple,legendary,,,,,,,,,
Esfandiyar (four sons; mothers unassigned),Esfandiyar,unknown,shahnameh::esfandiyar,,4,Bahman; Mehrnush; Tush (Adarafruznush); Nushadar (Adarnush),0,,0,shahnameh,"Ehsan Yarshater, Esfandiar, Encyclopaedia Iranica (1998), Family section: https://www.iranicaonline.org/articles/esfandiar-1-son-gostasp/","Daqiqi enumerates four sons. Restores Mehrnush and Tush; variant names are aliases, not extra sons. The source explicitly leaves their mothers unidentified.",multi_wife_agg,legendary,,,,,,,,,
Fereydun and Arnavaz,Fereydun,Arnavaz,shahnameh::fereydun,shahnameh::arnavaz,1,Iraj,0,,0,shahnameh,"Alireza Shapur Shahbazi, Arnavaz, Encyclopaedia Iranica (1986), Shahnameh Moscow I p. 82 v. 52 and note 7: https://www.iranicaonline.org/articles/arnavaz-one-of-the-mythical-king-jamseds-sisters/",Corrects the maternal grouping: Arnavaz bears Iraj; Salm and Tur belong to Shahrnaz and are moved to their own record.,couple,mythological,,,,,,,,,
Fereydun and Shahrnaz,Fereydun,Shahrnaz,shahnameh::fereydun,shahnameh::shahrnaz,2,Salm; Tur,0,,0,shahnameh,"Alireza Shapur Shahbazi, Arnavaz, Encyclopaedia Iranica (1986), Shahnameh Moscow I p. 82 v. 52 and note 7: https://www.iranicaonline.org/articles/arnavaz-one-of-the-mythical-king-jamseds-sisters/",Salm and Tur transferred from the inherited Arnavaz record. The split preserves the three sons without duplicating them.,couple,mythological,,,,,,,,,
Giv and Banu Goshasp,Giv,Banu Goshasp,shahnameh::giv,shahnameh::banu_goshasp,1,Bijan,0,,0,shahnameh,"Djalal Khaleghi-Motlagh, Goshasb Banu, Encyclopaedia Iranica (2002), marriage and Bizhan paragraph: https://www.iranicaonline.org/articles/gosasb-banu/",The Banu Goshasb-nama tradition names Giv's wife as Rostam's daughter Banu Goshasp and their son as Bizhan (Bijan). The inherited shahnameh category covers this later epic tradition as well; this is not a claim that the full account appears in Ferdowsi's text.,couple,legendary,,,,,,,,,
Goshtasp (other named children; mothers unassigned),Goshtasp,unknown,shahnameh::goshtasp,,5,Farshidvard; Ardashir; Shedasp; Ormazd (Sher-Ormazd); Nevdar (Nevzar),2,Homay; Behafarid,0,shahnameh,"Ehsan Yarshater, Esfandiar, Encyclopaedia Iranica (1998), Family section: https://www.iranicaonline.org/articles/esfandiar-1-son-gostasp/",Adds the other named children in Yarshater's Daqiqi/Ferdowsi discussion; spelling variants are aliases. Counts named offspring only. The inconsistent passages about 38 brothers or slain sons are not treated as a reconciled family total. Does not assign these children to Katayun.,multi_wife_agg,legendary,,katayun_farshidvard_reading,5,Pashotan; Ardashir; Shedasp; Ormazd (Sher-Ormazd); Nevdar (Nevzar),2,Homay; Behafarid,0,"Djalal Khaleghi-Motlagh, Farsedvard, Encyclopaedia Iranica (1999), maternal attribution and proposed emendation: https://www.iranicaonline.org/articles/farsedvard/ ; Ehsan Yarshater, Esfandiar, Encyclopaedia Iranica (1998), Family section: https://www.iranicaonline.org/articles/esfandiar-1-son-gostasp/",Moves Farshidvard to Katayun and leaves Pashotan's mother unassigned. The other named children and total counts are unchanged; this does not identify another mother for Pashotan.
Goshtasp and Katayun,Goshtasp,Katayun,shahnameh::goshtasp,shahnameh::katayun,2,"Esfandiyar, Pashotan",0,,0,shahnameh,"Ferdowsi, Shahnameh, James Atkinson adaptation, Gushtasp, and the Faith of Zerdusht, opening, Persian Literature vol. 1 (revised edition, 1909): https://www.gutenberg.org/cache/epub/10315/pg10315.html ; Djalal Khaleghi-Motlagh, Farsedvard, Encyclopaedia Iranica (1999), maternal attribution and proposed emendation: https://www.iranicaonline.org/articles/farsedvard/",Retains Esfandiyar and Pashotan as Katayun's sons in Atkinson and the manuscript reading discussed by Khaleghi-Motlagh. This maternal record is not Goshtasp's complete family; other named children are recorded separately.,couple,legendary,,katayun_farshidvard_reading,2,Esfandiyar; Farshidvard,0,,0,"Djalal Khaleghi-Motlagh, Farsedvard, Encyclopaedia Iranica (1999), maternal attribution and proposed emendation: https://www.iranicaonline.org/articles/farsedvard/",Follows Khaleghi-Motlagh's proposed Farshavard reading in place of Pashotan as Esfandiyar's full brother. The linked row exchanges their maternal attribution without adding a child.
Gudarz (children; mothers unassigned),Gudarz,unknown,shahnameh::gudarz,,8,Giv; Raham; Bahram; Shedush; Hojir; Farhad; Valash; Varaza (Goraza),1,Nahid (Qomi account),0,shahnameh,"Alireza Shapur Shahbazi, Godarz III: The Godarzian, Encyclopaedia Iranica (2001), sons and grandsons; Khaleghi IV p. 356; Qomi pp. 66, 69-70, 78-85: https://www.iranicaonline.org/articles/godarz/godarz-iii-the-godarzian/ ; Ferdowsi, Shahnameh, James Atkinson adaptation, Kai-Khosrau, army roster, Persian Literature vol. 1 (revised edition, 1909): https://www.gutenberg.org/cache/epub/10315/pg10315.html","Named-son scope avoids treating the mixed-generation total as direct sons. Eight is a lower bound, not a competing claim of exactly eight lifetime sons. Retains Nahid from the same Qomi account.",multi_wife_agg,legendary,,gudarz_named_sons,8,Giv; Raham; Bahram; Shedush; Hojir; Farhad; Valash; Varaza (Goraza),1,Nahid (Qomi account),0,"Alireza Shapur Shahbazi, Godarz III: The Godarzian, Encyclopaedia Iranica (2001), sons and grandsons; Khaleghi IV p. 356; Qomi pp. 66, 69-70, 78-85: https://www.iranicaonline.org/articles/godarz/godarz-iii-the-godarzian/ ; Ferdowsi, Shahnameh, James Atkinson adaptation, Kai-Khosrau, army roster, Persian Literature vol. 1 (revised edition, 1909): https://www.gutenberg.org/cache/epub/10315/pg10315.html","Named-son scope avoids treating the mixed-generation total as direct sons. Eight is a lower bound, not a competing claim of exactly eight lifetime sons. Retains Nahid from the same Qomi account."
Jamshid (Shahrnaz and Arnavaz; daughter reading),Jamshid,unknown,shahnameh::jamshid,,0,,2,"Shahrnaz, Arnavaz",0,shahnameh,"Alireza Shapur Shahbazi, Arnavaz, Encyclopaedia Iranica (1986), daughter/sister manuscript readings, Moscow I pp. 51, 69-73: https://www.iranicaonline.org/articles/arnavaz-one-of-the-mythical-king-jamseds-sisters/",Retains the Moscow-edition daughter reading. The older British Museum manuscript and Mojmal instead call the two women sisters of Jamshid. No mother is assigned.,multi_wife_agg,mythological,,jamshid_sisters_reading,0,,0,,0,"Alireza Shapur Shahbazi, Arnavaz, Encyclopaedia Iranica (1986), daughter/sister manuscript readings, Moscow I pp. 51, 69-73: https://www.iranicaonline.org/articles/arnavaz-one-of-the-mythical-king-jamseds-sisters/ ; Ferdowsi, Shahnameh, James Atkinson adaptation, Mirtas-Tazi, and His Son Zohak, Persian Literature vol. 1 (revised edition, 1909): https://www.gutenberg.org/cache/epub/10315/pg10315.html","Removes these two parent-child links under the sister reading. Zero is the count of retained links, not an assertion that Jamshid had no children."
Kay Kavus and mother of Siyavash (unnamed),Kay Kavus,unknown,shahnameh::kay_kavus,,1,Siyavash,0,,0,shahnameh,"Ferdowsi, Shahnameh, James Atkinson adaptation, The Story of Saiawush, opening birth narrative, in Persian Literature vol. 1: https://en.wikisource.org/wiki/Persian_Literature/Volume_1/The_Sh%C3%A1h_N%C3%A1meh/The_Story_of_Sai%C3%A1wush",Corrects the inherited maternal attribution: Siyavash is born to the unnamed woman found by Tus and Giv and subsequently taken into Kavus's household. In this adaptation she identifies her father as Shiwer. Sudabeh is a separate wife who later approaches Siyavash; she is not his birth mother. The count retains only this named son and makes no claim to enumerate every child of Kavus or Sudabeh.,spouse_unnamed,legendary,,,,,,,,,
Rostam (Faramarz and Banu Goshasp; mother unassigned),Rostam,unknown,shahnameh::rostam,,1,Faramarz,1,Banu Goshasp,0,shahnameh,"Djalal Khaleghi-Motlagh, Goshasb Banu, Encyclopaedia Iranica (2002), opening two paragraphs: https://www.iranicaonline.org/articles/gosasb-banu/","Selected paternal group from the Banu Goshasb-nama tradition: Banu Goshasp is Rostam's daughter and Faramarz her brother. This source does not identify their mother or establish a shared mother. The group excludes Sohrab, retained separately under Tahmineh, and does not exhaust later epic offspring traditions. Banu Goshasp is not also counted as a daughter of Zal.",multi_wife_agg,legendary,,,,,,,,,
Rostam and Tahmineh,Rostam,Tahmineh,shahnameh::rostam,shahnameh::tahmineh,1,Sohrab,0,,0,shahnameh,"Ferdowsi, Shahnameh, James Atkinson adaptation, Story of Sohrab, marriage and birth narrative, Persian Literature vol. 1 (revised edition, 1909): https://www.gutenberg.org/cache/epub/10315/pg10315.html","Sohrab's birth and both parents confirmed. Tahmineh's report of a daughter is a deliberate concealment in this adaptation, not another child; count unchanged.",couple,legendary,,,,,,,,,
Sam and wife (unnamed),Sam,unknown,shahnameh::sam,,1,Zal,0,,0,shahnameh,"Ferdowsi, Shahnameh, James Atkinson adaptation, Zal, the Son of Sam, opening, Persian Literature vol. 1 (revised edition, 1909): https://www.gutenberg.org/cache/epub/10315/pg10315.html",Birth and mother's naming of Zal confirmed; the mother remains unnamed. Count unchanged; this selected episode does not enumerate every offspring tradition.,spouse_unnamed,legendary,,,,,,,,,
Siyavash and Farangis,Siyavash,Farangis,shahnameh::siyavash,shahnameh::farangis,1,Kay Khosrow,0,,0,shahnameh,"Ferdowsi, Shahnameh, James Atkinson adaptation, The Story of Saiawush, Piran shelters Ferangis and the birth at Khoten, Persian Literature vol. 1 (revised edition, 1909): https://www.gutenberg.org/cache/epub/10315/pg10315.html",Kay Khosrow's birth and both parents confirmed; count unchanged. No shared mother is inferred for other sons of Siyavash.,couple,legendary,,,,,,,,,
Zal and Rudabeh,Zal,Rudabeh,shahnameh::zal,shahnameh::rudabeh,2,"Rostam, Zawara",0,,0,shahnameh,"Alireza Shapur Shahbazi, Rudaba, Encyclopaedia Iranica (2002), paragraphs on Rostam and Zavara: https://www.iranicaonline.org/articles/rudaba/ ; Djalal Khaleghi-Motlagh, Goshasb Banu, Encyclopaedia Iranica (2002): https://www.iranicaonline.org/articles/gosasb-banu/","Removes the inherited daughter married to Giv: the cited Goshasb Banu account identifies that woman as Rostam's daughter, already retained in his record, not Zal's daughter. Zero means no daughter enumerated by these selected accounts, not proven childlessness. The two-son coding follows Shahbazi's explicit assignment of Zavara to Rudaba; his article notes a contrary step-son reading in Khaleghi (1971), p. 38 n. 3, which has not been directly inspected.",couple,legendary,,,,,,,,,
Bali (Mahabali) and Ashana,Bali,Ashana,shiva_purana::bali,shiva_purana::ashana,100,Bana (Banasura) and 99 other sons,0,,0,shiva_purana,Bhagavata Purana 6.18.17 (Bhaktivedanta Book Trust translation); https://vedabase.io/en/library/sb/6/18/17/,"Replaced the single named-son entry with the explicit hundred-son enumeration, including Bana as eldest. This passage names the mother Ashana; the inherited assignment to Vindhyavali was unsupported by its cited chapter. No identity between the two maternal names is assumed.",couple,mythological,,,,,,,,,
Brahma (selected creations; no consort),Brahma,none,shiva_purana::brahma,,10,"Marichi, Atri, Angiras, Pulastya, Pulaha, Kratu, Bhrigu, Vasishtha, Daksha, Narada",1,Vak,0,shiva_purana,"Bhagavata Purana 3.12.21-22, 28 (Bhaktivedanta Book Trust translation); https://vedabase.io/en/library/sb/3/12/22/; https://vedabase.io/en/library/sb/3/12/28/","Counts the ten-son cohort enumerated at 3.12.22 and the bodily daughter Vak at 3.12.28. Replaced the uncertain Shatarupa/wife label with the explicitly identified daughter. These are selected creations, not an exhaustive count of Brahma's offspring or a claim that Vak belongs to the mind-born cohort; other creation episodes in this chapter are outside this row's scope.",single_divine,mythological,,,,,,,,,
Daksha and Prasuti,Daksha,Prasuti,shiva_purana::daksha,shiva_purana::prasuti,0,,24,"Shraddha, Lakshmi, Dhriti, Tushti, Pushti, Medha, Kriya, Buddhi, Lajja, Vapu, Shanti, Siddhi, Kirti, Khyati, Sati, Sambhuti, Smriti, Priti, Kshama, Sannati, Anasuya, Urjja, Svaha, Svadha",0,shiva_purana,Vishnu Purana 1.7 (H. H. Wilson translation); https://sacred-texts.com/hin/vp/vp041.htm; https://vedabase.io/en/library/sb/6/6/1/,"Source-specific version: 24 daughters by Prasuti in Vishnu Purana 1.7. Bhagavata Purana 4.1.48 gives 16; 6.6.1 assigns 60 to Asikni, a different mother. See the daksha_bhagavata_16 alternative.",couple,mythological,,daksha_bhagavata_16,0,,16,"Shraddha, Maitri, Daya, Shanti, Tushti, Pushti, Kriya, Unnati, Buddhi, Medha, Titiksha, Hri, Murti, Svaha, Svadha, Sati",0,Bhagavata Purana 4.1.48-52; https://vedabase.io/en/library/sb/4/1/,Alternate source-specific enumeration of Prasuti's daughters; replaces the Vishnu Purana version rather than adding to it.
Himalaya (Himavan) and Mena,Himalaya,Mena,shiva_purana::himalaya,shiva_purana::mena,1,Mainaka,2,Parvati (Uma); Ganga,0,shiva_purana,"Shiva Purana 2.3.5.45-48 (J. L. Shastri translation); Valmiki Ramayana, Bala Kanda 1.35.14-16 (Desiraju Hanumanta Rao translation); https://www.wisdomlib.org/hinduism/book/shiva-purana-english/d/doc226069.html; https://www.valmikiramayan.net/utf8/baala/sarga35/balasans35.htm",Counts the three named children in these passages: Mainaka in the Shiva Purana and Uma and Ganga in the Ramayana. This explicitly combines two texts and is not an exhaustive family enumeration. Shiva Purana 2.3.5.34-39 requests and promises a hundred sons but 45-48 narrates Mainaka's birth; a promised count is not coded here as a completed birth count. Removed the unsupported Ekaparna aside.,couple,mythological,,,,,,,,,
Hiranyakashipu and Kayadhu,Hiranyakashipu,Kayadhu,shiva_purana::hiranyakashipu,shiva_purana::kayadhu,4,"Prahlada, Anuhrada, Samhrada, Hrada",1,Simhika,0,shiva_purana,Bhagavata Purana 6.18.12-13 (Bhaktivedanta Book Trust translation); https://vedabase.io/en/library/sb/6/18/12-13/,"Uses the translation identifying Simhika as sister of the four sons, adding her to this generation. In the coordinated simhika_vishnu_parentage alternative she instead belongs to Kashyapa and Diti; the accounts are not pooled. Replaced the unrelated 7.2.18 citation.",couple,mythological,,simhika_vishnu_parentage,4,"Prahlada, Anuhrada, Samhrada, Hrada",0,,0,"Vishnu Purana 1.15, pp. 123-124, and 1.21, pp. 148, 151-152 (H. H. Wilson translation); https://sacred-texts.com/book/the-vishnu-purana/shell/chapter-xv; https://sacred-texts.com/book/the-vishnu-purana/shell/chapter-xxi; Bhagavata Purana 6.18.12-13 for Kayadhu's name; https://vedabase.io/en/library/sb/6/18/12-13/","Changes Simhika's generation according to Vishnu Purana 1.15 and 1.21, moving her to Kashyapa and Diti in the linked row. The four sons remain; Kayadhu's name is retained from the Bhagavata, since this Vishnu Purana passage does not name their mother. Zero denotes no daughter counted in this scoped account, not an express denial of all daughters."
Indra and Shachi,Indra,Shachi,shiva_purana::indra,shiva_purana::shachi,3,Jayanta; Rishabha; Midhusha,0,,0,shiva_purana,Bhagavata Purana 6.18.7 (Bhaktivedanta Book Trust translation); https://vedabase.io/en/library/sb/6/18/7/,"Added Rishabha and Midhusha from the explicit three-son list; Paulomi is identified as Shachi in the translation's glossary. Jayanti remains counted under Indra with mother unspecified in a separate row, because the inspected Devi Bhagavata passage does not identify her mother. Removed the unrelated Arjuna/avatar reference.",couple,mythological,,,,,,,,,
Indra and mother of Jayanti (unnamed),Indra,unknown,shiva_purana::indra,shiva_purana::indra__mother_of_jayanti_unnamed,0,,1,Jayanti,0,shiva_purana,"Devi Bhagavata Purana 4.12.20-23, 43-44 (Swami Vijnanananda translation); https://www.wisdomlib.org/hinduism/book/devi-bhagavata-purana/d/doc57176.html",Indra explicitly names Jayanti as his daughter; she identifies Jayanta as her elder brother. The passage does not name their mother. Moved this daughter from the Shachi-specific row without changing her count; mother unspecified is not evidence that Shachi cannot be her mother.,spouse_unnamed,mythological,,,,,,,,,
Kashyapa and Aditi,Kashyapa,Aditi,shiva_purana::kashyapa,shiva_purana::aditi,12,Vivasvan; Aryama; Pusha; Tvashta; Savita; Bhaga; Dhata; Vidhata; Varuna; Mitra; Satru (Indra); Urukrama (Vishnu),0,,0,shiva_purana,Bhagavata Purana 6.6.38-39; 6.18.7-9 (Bhaktivedanta Book Trust translation); https://vedabase.io/en/library/sb/6/6/; https://vedabase.io/en/library/sb/6/18/,Replaced a mixed list that counted Surya and Vivasvat separately. Twelve entries follow the specified Bhagavata enumeration; count unchanged.,couple,mythological,,,,,,,,,
Kashyapa and Diti,Kashyapa,Diti,shiva_purana::kashyapa,shiva_purana::diti,51,Hiranyakashipu; Hiranyaksha; 49 Maruts,0,,0,shiva_purana,"Bhagavata Purana 6.18.11-13, 19, 23-26 (Bhaktivedanta Book Trust translation); https://vedabase.io/en/library/sb/6/18/","Counts the two elder sons plus the forty-nine Maruts explicitly enumerated in the same chapter. Simhika is assigned to Hiranyakashipu's children in this translation, not counted again here. Removed the unsupported Holika-or-Simhika equation. The Vishnu Purana places Simhika in this generation; its alternative changes both affected rows together.",couple,mythological,,simhika_vishnu_parentage,51,Hiranyakashipu; Hiranyaksha; 49 Maruts,1,Simhika,0,"Vishnu Purana 1.15, pp. 123-124, and 1.21, pp. 148, 151-152 (H. H. Wilson translation); https://sacred-texts.com/book/the-vishnu-purana/shell/chapter-xv; https://sacred-texts.com/book/the-vishnu-purana/shell/chapter-xxi","Vishnu Purana assigns Simhika (Sinka in the online 1.15 transcription) to Kashyapa and Diti; 1.21 calls her Hiranyakashipu's sister. Its Marut narrative also supplies 49 sons in addition to the two elder sons. Apply with the other row sharing this alternate ID, which removes Simhika from the next generation."
Prahlada and wife (unnamed),Prahlada,unknown,shiva_purana::prahlada,,1,Virochana,0,,0,shiva_purana,Bhagavata Purana 6.18.16 (Bhaktivedanta Book Trust translation); https://vedabase.io/en/library/sb/6/18/16/,"Virochana named as son; mother not identified. The Mahabharata gives a longer list, retained as an alternate.",spouse_unnamed,mythological,,prahlada_mahabharata_three,3,Virochana; Kumbha; Nikumbha,0,,0,"Mahabharata, Adi Parva, Sambhava Parva, section LXV (Kisari Mohan Ganguli translation); https://sacred-texts.com/hin/m01/m01066.htm",Three sons expressly enumerated in this account; mother not identified.
Pulastya and Havirbhu,Pulastya,Havirbhu,shiva_purana::pulastya,shiva_purana::havirbhu,2,Agastya; Vishrava,0,,0,shiva_purana,Bhagavata Purana 4.1.36 (Bhaktivedanta Book Trust translation); https://vedabase.io/en/library/sb/4/1/36/,"Added Agastya, enumerated alongside Vishrava. Replaced the broad Vishnu Purana reference, whose 1.10 passage names a different mother, Priti.",couple,mythological,,,,,,,,,
Shiva (other origins),Shiva,none,shiva_purana::shiva,,2,Bhauma (Mangala/Mars); Jalandhara,0,,0,shiva_purana,Shiva Purana 2.3.10.14-27 and 2.5.14.4-5 (J. L. Shastri translation); https://www.wisdomlib.org/hinduism/book/shiva-purana-english/d/doc226074.html; https://www.wisdomlib.org/hinduism/book/shiva-purana-english/d/doc226155.html,"Two nongestational origin accounts: Bhauma arises from Shiva's sweat and is raised by the Earth; Jalandhara arises from Shiva's forehead-eye brilliance cast into the sea. Jalandhara moved here from the Parvati row because this birth account gives her no maternal role. Sukesha moved to his explicitly named biological parents; Shiva and Parvati are his benefactors in Ramayana 7.4. This is a selected set of origin stories, not all of Shiva's children.",single_divine,mythological,,manasa_shiva_lotus,2,Bhauma (Mangala/Mars); Jalandhara,1,Manasa,0,"Los Angeles County Museum of Art, The Serpent Goddess Manasa, accession M.83.1.2, Curatorial Notes (Shiva-lotus origin): https://collections.lacma.org/object/44889 ; unchanged sons: Shiva Purana 2.3.10.14-27 and 2.5.14.4-5 (J. L. Shastri translation); https://www.wisdomlib.org/hinduism/book/shiva-purana-english/d/doc226074.html; https://www.wisdomlib.org/hinduism/book/shiva-purana-english/d/doc226155.html","LACMA describes Manasa arising from Shiva's seed through a lotus, with Chandi as her stepmother. This alternative moves her from Kashyapa's mind-born account to Shiva's other-origin group; it does not assign Parvati or Chandi as her birth mother. LACMA also reports a separate Kashyapa-Kadru account, not combined with this alternative. Shiva's two sons in the existing other-origin record remain unchanged."
Shiva and Mohini,Shiva,Mohini (Vishnu),shiva_purana::shiva,shiva_purana::mohini,1,Ayyappa (Manikandan),0,,0,shiva_purana,"Sabarimala temple website, About Lord Ayyappa (Kerala Government); https://sabarimala.kerala.gov.in/index.php/about-lordayyappa","The temple's account explicitly identifies the birth parents as Shiva and Vishnu in the form of Mohini, and King Rajashekhara as foster father. Moved Ayyappa from the Parvati row; the count is unchanged. Source is the modern temple tradition, not a passage from the Shiva Purana; the inherited source category is retained.",couple,mythological,,,,,,,,,
Shiva and Parvati,Shiva,Parvati,shiva_purana::shiva,shiva_purana::parvati,3,Kartikeya; Ganesha; Andhaka,2,Ashokasundari; Jyoti,0,shiva_purana,"Shiva Purana 2.4.2; 2.5.42.16-27, 38-40 (J. L. Shastri translation); Padma Purana 2.102.71-74; 2.103.6 (N. A. Deshpande translation); Alagappa Alagappan, Swarupa Vel: Skanda's Sister Jyoti (1998 conference paper, modern devotional account), https://murugan.org/jyoti.htm; https://www.wisdomlib.org/hinduism/book/shiva-purana-english/d/doc226122.html; https://www.wisdomlib.org/hinduism/book/shiva-purana-english/d/doc226183.html; https://www.wisdomlib.org/hinduism/book/the-padma-purana/d/doc365195.html; https://www.wisdomlib.org/hinduism/book/the-padma-purana/d/doc365196.html","Jalandhara moved to Shiva's separate origin accounts; Ayyappa moved to Shiva and Mohini following the Sabarimala temple account. Kartikeya is associated with Parvati without being born from her womb (2.4.2); Andhaka is a supernatural creation subsequently guarded by her and given to Hiranyaksha (2.5.42), not an ordinary biological birth. Ashokasundari explicitly calls Shiva and Parvati her parents in Padma Purana 2.103.6. Jyoti is retained from Alagappan's modern devotional account of Shiva-Shakti and Manonmani; this is not a verified ancient Purana passage. Manasa is moved to Kashyapa's mind-born account in Devi Bhagavata 9.47. A linked alternative retains the Shiva-lotus origin described by LACMA, without assigning Parvati as birth mother.",couple,mythological,,,,,,,,,
Virochana and wife (unnamed),Virochana,unknown,shiva_purana::virochana,,1,Bali (Mahabali),0,,0,shiva_purana,Bhagavata Purana 6.18.16 (Bhaktivedanta Book Trust translation); https://vedabase.io/en/library/sb/6/18/16/,Bali explicitly assigned to Virochana and an unnamed wife; count unchanged.,spouse_unnamed,mythological,,,,,,,,,
Kovalan and Madhavi,Kovalan,Madhavi,silappadikaram::kovalan,silappadikaram::madhavi,0,,1,Manimegalai,0,silappadikaram,"A. Madhavaiah, Manimekalai, Tamil Classics for English Readers (1923), chapter I, Introductory: https://www.projectmadurai.org/pm_etexts/utf8/pmuni0755.html","Parentage confirmed in the opening of this English abridgment of Manimekalai, the sequel to Silappadikaram. Count unchanged. The inherited source category is retained; the wife field identifies the mother, not a claim of marriage to Kovalan.",couple,legendary,,,,,,,,,
Maghan Kon Fatta and Namandje Kamara,Maghan Kon Fatta,Namandje Kamara,sundiata::maghan_kon_fatta,sundiata::namandje_kamara,1,Manding Bory (Manding Bakary),0,,0,sundiata,"D. T. Niane, Sundiata: An Epic of Old Mali, G. D. Pickett trans., revised edition (2006), The First Kings of Mali p. 3 and Childhood pp. 16-17: https://pdfcoffee.com/sundiata-an-epic-of-old-mali-4-pdf-free.html","Completes the cited roster of six children across three wives. Manding Bory and Manding Bakary are aliases, not separate sons.",couple,legendary,,,,,,,,,
Maghan Kon Fatta and Sassouma Berete,Maghan Kon Fatta,Sassouma Berete,sundiata::maghan_kon_fatta,sundiata::sassouma_berete,1,Dankaran Touman,1,Nana Triban,0,sundiata,"D. T. Niane, Sundiata: An Epic of Old Mali, G. D. Pickett trans., revised edition (2006), The First Kings of Mali p. 3 and Childhood pp. 16-17: https://pdfcoffee.com/sundiata-an-epic-of-old-mali-4-pdf-free.html",Restores the daughter explicitly listed with Dankaran Touman in the opening family roster. Follows the Niane/Kouyate account; no claim of agreement across oral versions.,couple,legendary,,,,,,,,,
Maghan Kon Fatta and Sogolon,Maghan Kon Fatta,Sogolon,sundiata::maghan_kon_fatta,sundiata::sogolon,1,Sundiata (Mari Djata),2,Sogolon Kolonkan; Sogolon Djamarou,0,sundiata,"D. T. Niane, Sundiata: An Epic of Old Mali, G. D. Pickett trans., revised edition (2006), The First Kings of Mali p. 3 and Childhood pp. 16-17: https://pdfcoffee.com/sundiata-an-epic-of-old-mali-4-pdf-free.html",Restores Sogolon Djamarou. The opening roster and Childhood narrative identify two daughters as well as Sundiata.,couple,legendary,,,,,,,,,
Achilles and Deidamia,Achilles,Deidamia,trojan_cycle::achilles,trojan_cycle::deidamia,1,Neoptolemus (Pyrrhus),0,,0,trojan_cycle,"Apollodorus, Library 3.13.8 (J. G. Frazer translation); https://www.theoi.com/Text/Apollodorus3.html","Both parents are explicitly named. Pyrrhus and Neoptolemus are names of the same son, not two children.",couple,legendary,,,,,,,,,
Agamemnon and Clytemnestra,Agamemnon,Clytemnestra,trojan_cycle::agamemnon,trojan_cycle::clytemnestra,1,Orestes,3,Chrysothemis; Electra; Iphigenia,0,trojan_cycle,"Apollodorus, Library Epitome 2.16 (J. G. Frazer translation); https://www.theoi.com/Text/ApollodorusE.html","Added Chrysothemis, explicitly enumerated alongside Electra, Iphigenia and Orestes. Counts this Apollodorus list, not a union of every version of the family.",couple,legendary,,,,,,,,,
Hector and Andromache,Hector,Andromache,trojan_cycle::hector,trojan_cycle::andromache,1,Astyanax (Scamandrius),0,,0,trojan_cycle,"Homer, Iliad 6.390-403 (A. T. Murray translation); https://www.theoi.com/Text/HomerIliad6.html","The passage identifies both parents. Astyanax and Scamandrius are names of one child, counted once.",couple,legendary,,,,,,,,,
Menelaus and Helen,Menelaus,Helen,trojan_cycle::menelaus,trojan_cycle::helen,0,,1,Hermione,0,trojan_cycle,"Homer, Odyssey 4.1-14 (A. T. Murray translation); https://www.theoi.com/Text/HomerOdyssey4.html",Hermione is the sole child of Helen in this passage. Megapenthes is explicitly assigned to a slave woman and is not allocated to Helen.,couple,legendary,,menelaus_apollodorus_nicostratus,1,Nicostratus,1,Hermione,0,"Apollodorus, Library 3.11.1 (J. G. Frazer translation); https://www.theoi.com/Text/Apollodorus3.html",Apollodorus records Hermione and reports Nicostratus as Helen's son according to some accounts. Other sons with different mothers are excluded.
Odysseus and Penelope,Odysseus,Penelope,trojan_cycle::odysseus,trojan_cycle::penelope,1,Telemachus,0,,0,trojan_cycle,"Apollodorus, Library Epitome 3.7 (J. G. Frazer translation); https://www.theoi.com/Text/ApollodorusE.html",Telemachus is the child threatened in Penelope's arms to expose Odysseus' pretended madness; counts this named son only.,couple,legendary,,,,,,,,,
Priam and Hecuba,Priam,Hecuba,trojan_cycle::priam,trojan_cycle::hecuba,19,19 sons (Homer enumeration; Hecuba identified as the mother by interpretation),4,"Cassandra, Laodice, Polyxena, Creusa",0,trojan_cycle,"Homer, Iliad 24.495-497 (A. T. Murray translation); https://www.theoi.com/Text/HomerIliad24.html; Apollodorus, Library 3.12.5 (J. G. Frazer translation); https://www.theoi.com/Text/Apollodorus3.html","Combines Homer's nineteen sons from one womb, interpreted as Hecuba's, with four named daughters from Apollodorus. Homer does not name that mother in these lines. Removed a mixed son list containing Hippothous (assigned to another woman in Apollodorus); the explicit Apollodorus list is retained separately.",couple,legendary,,priam_apollodorus_ten,10,Hector; Paris (Alexander); Deiphobus; Helenus; Pammon; Polites; Antiphus; Hipponous; Polydorus; Troilus,4,"Cassandra, Laodice, Polyxena, Creusa",0,"Apollodorus, Library 3.12.5 (J. G. Frazer translation); https://www.theoi.com/Text/Apollodorus3.html","Counts ten sons in Hecuba's household enumeration and four daughters. Troilus is included as listed, although the passage reports Apollo as his father; excluding that divine-paternity variant would leave nine sons attributed to Priam. This is not combined with Homer's nineteen."
