scope,unit,omitted,removed_rows,baseline_male_pct,change_pp,rows,sexed_rows,source_categories,sons,daughters,unknown_sex,weighted_sons,weighted_daughters,weighted_unknown_sex,male_pct,equal_record_pct,equal_category_pct,unknown_all_daughters_pct,unknown_all_sons_pct,extra_daughters_for_parity,daughters_multiplier_for_parity
all,linked_family,abraham,4,99.24562699398074,-1.1857668401660248e-4,535,521,33,63139,480,4,63139,480,4,99.24550841729672,79.96714563698227,76.52581626125118,99.23926881788033,99.2455558524433,62659,131.53958333333333
all,linked_family,david,9,99.24562699398074,0.0013112360882843177,530,516,33,63128,479,4,63128,479,4,99.24693823006902,79.86992805594528,76.53213222758224,99.24069736366351,99.24698558425429,62649,131.79123173277662
all,linked_family,hera_hephaestus,2,99.24562699398074,-2.371235501641422e-5,537,523,33,63147,480,4,63147,480,4,99.24560328162572,80.04375311064581,76.50582145529576,99.23936446071883,99.24565070484512,62667,131.55625
all,linked_family,jacob,5,99.24562699398074,0.0012757165406185322,534,520,33,63125,479,4,63125,479,4,99.24690271052135,79.95609344452593,76.13102106126118,99.24066155200603,99.24695006917369,62646,131.78496868475992
all,linked_family,lot,2,99.24562699398074,0.00935941030702736,537,523,33,63149,474,4,63149,474,4,99.25498640428776,80.42616228846607,76.84454721215558,99.24874660128562,99.2550332406054,62675,133.22573839662448
all,linked_family,love_war,2,99.24562699398074,0.003060566925867647,537,523,33,63144,478,4,63144,478,4,99.2486875609066,80.1552891208434,76.50143676136189,99.24244805582623,99.24873479395215,62666,132.10041841004184
all,linked_family,noah,2,99.24562699398074,-8.299976489922756e-5,537,523,33,63142,480,4,63142,480,4,99.24554399421584,80.04375311064581,76.48753276555142,99.23930468676328,99.2455914248892,62662,131.54583333333332
all,linked_family,sea_god,2,99.24562699398074,-2.371235501641422e-5,537,523,33,63147,480,4,63147,480,4,99.24560328162572,80.04375311064581,76.50582145529576,99.23936446071883,99.24565070484512,62667,131.55625
all,linked_family,sky_harvest,2,99.24562699398074,0.0031196073048818107,537,523,33,63149,478,4,63149,478,4,99.24874660128562,80.42616228846607,76.66540338571102,99.24250758278198,99.24879382690827,62671,132.11087866108787
all,linked_family,sky_king_queen,2,99.24562699398074,0.0062158930255407085,537,523,33,63147,476,4,63147,476,4,99.25184288700628,80.298692562526,76.69395955674031,99.24560328162572,99.25188992094552,62671,132.66176470588235
all,linked_family,sky_maia_messenger,2,99.24562699398074,-2.371235501641422e-5,537,523,33,63147,480,4,63147,480,4,99.24560328162572,80.04375311064581,76.50582145529576,99.23936446071883,99.24565070484512,62667,131.55625
all,linked_family,sky_titan_twins,2,99.24562699398074,0.003095992266807457,537,523,33,63147,478,4,63147,478,4,99.24872298624754,80.23495769955596,76.59687623385054,99.24248377312232,99.24877021483914,62669,132.10669456066947
all,linked_family,solomon,2,99.24562699398074,-2.371235501641422e-5,537,523,33,63147,480,4,63147,480,4,99.24560328162572,80.04375311064581,76.55565187964167,99.23936446071883,99.24565070484512,62667,131.55625
all,linked_family,titan_parents,2,99.24562699398074,0.00928914478720344,537,523,33,63143,474,4,63143,474,4,99.25491613876794,80.23495769955596,76.65067166514982,99.2486757517172,99.25496298392041,62669,133.21308016877637
all,linked_family,zeus_persephone_melinoe,2,99.24562699398074,0.0031196073048818107,537,523,33,63149,478,4,63149,478,4,99.24874660128562,80.42616228846607,76.66540338571102,99.24250758278198,99.24879382690827,62671,132.11087866108787
all,record,arthurian / Arthur and Morgause,1,99.24562699398074,-1.1855991175480085e-5,538,524,33,63148,480,4,63148,480,4,99.24561513798956,80.08183755127436,76.57504621202051,99.2393764143827,99.24566255971838,62668,131.55833333333334
all,record,arthurian / Lancelot and Elaine of Corbenic,1,99.24562699398074,-1.1855991175480085e-5,538,524,33,63148,480,4,63148,480,4,99.24561513798956,80.08183755127436,76.57504621202051,99.2393764143827,99.24566255971838,62668,131.55833333333334
all,record,arthurian / Lot and Anne (Mordred; Geoffrey),1,99.24562699398074,0,538,525,33,63149,480,4,63149,480,4,99.24562699398074,80.11977690831955,76.57504621202051,99.23938836767087,99.24567441421904,62669,131.56041666666667
all,record,arthurian / Uther Pendragon and Igraine,1,99.24562699398074,-1.1855991175480085e-5,538,524,33,63148,480,4,63148,480,4,99.24561513798956,80.08183755127436,76.57504621202051,99.2393764143827,99.24566255971838,62668,131.55833333333334
all,record,bhagavata_purana / Angiras and Shraddha,1,99.24562699398074,0.0062158930255407085,538,524,33,63147,476,4,63147,476,4,99.25184288700628,80.2090640143787,76.5752478893469,99.24560328162572,99.25188992094552,62671,132.66176470588235
all,record,bhagavata_purana / Atri and Anasuya,1,99.24562699398074,-3.5569091537013264e-5,538,524,33,63146,480,4,63146,480,4,99.2455914248892,80.08183755127436,76.57504617172735,99.23935250667924,99.24563884959925,62666,131.55416666666667
all,record,bhagavata_purana / Chyavana and Sukanya,1,99.24562699398074,-1.1855991175480085e-5,538,524,33,63148,480,4,63148,480,4,99.24561513798956,80.08183755127436,76.5750461985899,99.2393764143827,99.24566255971838,62668,131.55833333333334
all,record,bhagavata_purana / Devahuti and Kardama,1,99.24562699398074,0.01402814049167489,538,524,33,63148,471,4,63148,471,4,99.25965513447241,80.25359327646521,76.57550006323338,99.25341464564701,99.25970168020999,62677,134.07218683651806
all,record,bhagavata_purana / Jamadagni and Renuka,1,99.24562699398074,-5.9283682730892906e-5,538,524,33,63144,480,4,63144,480,4,99.245567710298,80.08183755127436,76.57504614486301,99.2393285974728,99.24561513798956,62664,131.55
all,record,bhagavata_purana / Kashyapa and Danu,1,99.24562699398074,-4.7453050434853594e-4,538,524,33,63109,480,4,63109,480,4,99.24515246347639,80.08183755127436,76.57504567444735,99.23890994291824,99.24519994338999,62629,131.47708333333333
all,record,bhagavata_purana / Kashyapa and Vinata,1,99.24562699398074,-2.371235501641422e-5,538,524,33,63147,480,4,63147,480,4,99.24560328162572,80.08183755127436,76.57504618515885,99.23936446071883,99.24565070484512,62667,131.55625
all,record,bhagavata_purana / Manu (Svayambhuva) and Shatarupa,1,99.24562699398074,0.004655918127909331,538,524,33,63147,477,4,63147,477,4,99.25028291210864,80.19634136806825,76.57519746078191,99.24404350286038,99.25033004337713,62670,132.38364779874215
all,record,bhagavata_purana / Marichi and Kala,1,99.24562699398074,-2.371235501641422e-5,538,524,33,63147,480,4,63147,480,4,99.24560328162572,80.08183755127436,76.57504618515885,99.23936446071883,99.24565070484512,62667,131.55625
all,record,bhagavata_purana / Sagara and Keshini,1,99.24562699398074,-1.1855991175480085e-5,538,524,33,63148,480,4,63148,480,4,99.24561513798956,80.08183755127436,76.5750461985899,99.2393764143827,99.24566255971838,62668,131.55833333333334
all,record,bhagavata_purana / Sagara and Sumati,1,99.24562699398074,-12.472411232062854,538,524,33,3149,480,4,3149,480,4,86.77321576191788,80.08183755127436,75.99865258589651,86.67767685108726,86.78777869529314,2669,6.560416666666667
all,record,bhagavata_purana / Uttanapada and Suniti,1,99.24562699398074,-1.1855991175480085e-5,538,524,33,63148,480,4,63148,480,4,99.24561513798956,80.08183755127436,76.5750461985899,99.2393764143827,99.24566255971838,62668,131.55833333333334
all,record,bhagavata_purana / Uttanapada and Suruchi,1,99.24562699398074,-1.1855991175480085e-5,538,524,33,63148,480,4,63148,480,4,99.24561513798956,80.08183755127436,76.5750461985899,99.2393764143827,99.24566255971838,62668,131.55833333333334
all,record,bhagavata_purana / Vasishtha and Arundhati,1,99.24562699398074,-8.299976489922756e-5,538,524,33,63142,480,4,63142,480,4,99.24554399421584,80.08183755127436,76.57504611799689,99.23930468676328,99.2455914248892,62662,131.54583333333332
all,record,buddhist / Anjana and Yasodhara (Mahavamsa),1,99.24562699398074,0.003095992266807457,538,524,33,63147,478,4,63147,478,4,99.24872298624754,80.1772573986026,76.77706641404072,99.24248377312232,99.24877021483914,62669,132.10669456066947
all,record,buddhist / Siddhartha and Yasodhara,1,99.24562699398074,-1.1855991175480085e-5,538,524,33,63148,480,4,63148,480,4,99.24561513798956,80.08183755127436,76.44036607734039,99.2393764143827,99.24566255971838,62668,131.55833333333334
all,record,buddhist / Suddhodana and Mahapajapati Gotami,1,99.24562699398074,0.0015479474749326982,538,524,33,63148,479,4,63148,479,4,99.24717494145567,80.1772573986026,76.65080378777809,99.2409360217504,99.2472222658767,62669,131.83298538622128
all,record,buddhist / Suddhodana and Maya,1,99.24562699398074,-1.1855991175480085e-5,538,524,33,63148,480,4,63148,480,4,99.24561513798956,80.08183755127436,76.44036607734039,99.2393764143827,99.24566255971838,62668,131.55833333333334
all,record,buddhist / Suppabuddha and Amita,1,99.24562699398074,0.0015479474749326982,538,524,33,63148,479,4,63148,479,4,99.24717494145567,80.1772573986026,76.65080378777809,99.2409360217504,99.2472222658767,62669,131.83298538622128
all,record,celtic / Cú Chulainn and Aífe,1,99.24562699398074,-1.1855991175480085e-5,538,524,33,63148,480,4,63148,480,4,99.24561513798956,80.08183755127436,76.52454116151546,99.2393764143827,99.24566255971838,62668,131.55833333333334
all,record,celtic / Dagda (other children; mothers unassigned),1,99.24562699398074,0.003095992266807457,538,524,33,63147,478,4,63147,478,4,99.24872298624754,80.1772573986026,76.82757146454577,99.24248377312232,99.24877021483914,62669,132.10669456066947
all,record,celtic / Dagda and Boann,1,99.24562699398074,-1.1855991175480085e-5,538,524,33,63148,480,4,63148,480,4,99.24561513798956,80.08183755127436,76.52454116151546,99.2393764143827,99.24566255971838,62668,131.55833333333334
all,record,celtic / Eochu Gab and mother of Bodb (unnamed),1,99.24562699398074,-1.1855991175480085e-5,538,524,33,63148,480,4,63148,480,4,99.24561513798956,80.08183755127436,76.52454116151546,99.2393764143827,99.24566255971838,62668,131.55833333333334
all,record,celtic / Lir and Aobh,1,99.24562699398074,0.001524283033020879,538,524,33,63146,479,4,63146,479,4,99.24715127701376,80.12954747493849,76.57504621202051,99.2409121626931,99.24719860440995,62667,131.82881002087683
all,record,celtic / Llŷr and Penarddun,1,99.24562699398074,0.0015361154399471388,538,524,33,63147,479,4,63147,479,4,99.24716310942068,80.14545078282653,76.63332127029557,99.24092409240924,99.24721043532925,62668,131.83089770354906
all,record,celtic / Lugh and Deichtine,1,99.24562699398074,-1.1855991175480085e-5,538,524,33,63148,480,4,63148,480,4,99.24561513798956,80.08183755127436,76.52454116151546,99.2393764143827,99.24566255971838,62668,131.55833333333334
all,record,celtic / Pwyll and Rhiannon,1,99.24562699398074,-1.1855991175480085e-5,538,524,33,63148,480,4,63148,480,4,99.24561513798956,80.08183755127436,76.52454116151546,99.2393764143827,99.24566255971838,62668,131.55833333333334
all,record,celtic / Sualtaim and Deichtine (human parentage),1,99.24562699398074,0,538,525,33,63149,480,4,63149,480,4,99.24562699398074,80.11977690831955,76.57504621202051,99.23938836767087,99.24567441421904,62669,131.56041666666667
all,record,christian_nt / Alphaeus and wife,1,99.24562699398074,-1.1855991175480085e-5,538,524,33,63148,480,4,63148,480,4,99.24561513798956,80.08183755127436,76.56287632033255,99.2393764143827,99.24566255971838,62668,131.55833333333334
all,record,christian_nt / Aristobulus and Berenice,1,99.24562699398074,0.0030841841910245194,538,524,33,63146,478,4,63146,478,4,99.24871117817176,80.15817342913695,76.58783230075596,99.24247186773118,99.24875840824794,62668,132.10460251046024
all,record,christian_nt / Augustine and concubine,1,99.24562699398074,-1.1855991175480085e-5,538,524,33,63148,480,4,63148,480,4,99.24561513798956,80.08183755127436,76.56287632033255,99.2393764143827,99.24566255971838,62668,131.55833333333334
all,record,christian_nt / Basil the Elder and Emmelia,1,99.24562699398074,0.007740710635815162,538,524,33,63144,475,4,63144,475,4,99.25336770461655,80.1772573986026,76.64329628027058,99.24712761108404,99.25341464564701,62669,132.93473684210525
all,record,christian_nt / Clopas and Mary,1,99.24562699398074,-2.371235501641422e-5,538,524,33,63147,480,4,63147,480,4,99.24560328162572,80.08183755127436,76.55040960201805,99.23936446071883,99.24565070484512,62667,131.55625
all,record,christian_nt / Clovis I and Clotilde,1,99.24562699398074,0.0015124502541397078,538,524,33,63145,479,4,63145,479,4,99.24713944423488,80.12000549020564,76.5494740345496,99.240900232602,99.24718677311876,62666,131.8267223382046
all,record,christian_nt / Clovis I and concubine,1,99.24562699398074,-1.1855991175480085e-5,538,524,33,63148,480,4,63148,480,4,99.24561513798956,80.08183755127436,76.56287632033255,99.2393764143827,99.24566255971838,62668,131.55833333333334
all,record,christian_nt / Constantine and Fausta,1,99.24562699398074,0.0030841841910245194,538,524,33,63146,478,4,63146,478,4,99.24871117817176,80.15817342913695,76.58783230075596,99.24247186773118,99.24875840824794,62668,132.10460251046024
all,record,christian_nt / Constantine and Minervina,1,99.24562699398074,-1.1855991175480085e-5,538,524,33,63148,480,4,63148,480,4,99.24561513798956,80.08183755127436,76.56287632033255,99.2393764143827,99.24566255971838,62668,131.55833333333334
all,record,christian_nt / Constantine and mother of Constantine II (unassigned alternative),1,99.24562699398074,0,538,525,33,63149,480,4,63149,480,4,99.24562699398074,80.11977690831955,76.57504621202051,99.23938836767087,99.24567441421904,62669,131.56041666666667
all,record,christian_nt / Felicity and father of child,1,99.24562699398074,0.0015597791380201897,538,524,33,63149,479,4,63149,479,4,99.24718677311876,80.27267724593085,76.59938599539645,99.24094795071662,99.2472340960523,62670,131.83507306889354
all,record,christian_nt / Gregory the Elder and Nonna,1,99.24562699398074,0.0015361154399471388,538,524,33,63147,479,4,63147,479,4,99.24716310942068,80.14545078282653,76.57504621202051,99.24092409240924,99.24721043532925,62668,131.83089770354906
all,record,christian_nt / Herod and Cleopatra of Jerusalem,1,99.24562699398074,-2.371235501641422e-5,538,524,33,63147,480,4,63147,480,4,99.24560328162572,80.08183755127436,76.55040960201805,99.23936446071883,99.24565070484512,62667,131.55625
all,record,christian_nt / Herod and Doris,1,99.24562699398074,-1.1855991175480085e-5,538,524,33,63148,480,4,63148,480,4,99.24561513798956,80.08183755127436,76.56287632033255,99.2393764143827,99.24566255971838,62668,131.55833333333334
all,record,christian_nt / Herod and Malthace,1,99.24562699398074,0.0015361154399471388,538,524,33,63147,479,4,63147,479,4,99.24716310942068,80.14545078282653,76.57504621202051,99.24092409240924,99.24721043532925,62668,131.83089770354906
all,record,christian_nt / Herod and Mariamne I,1,99.24562699398074,0.0030841841910245194,538,524,33,63146,478,4,63146,478,4,99.24871117817176,80.15817342913695,76.58783230075596,99.24247186773118,99.24875840824794,62668,132.10460251046024
all,record,christian_nt / Jairus and wife,1,99.24562699398074,0.0015597791380201897,538,524,33,63149,479,4,63149,479,4,99.24718677311876,80.27267724593085,76.59938599539645,99.24094795071662,99.2472340960523,62670,131.83507306889354
all,record,christian_nt / Joachim and Anne,1,99.24562699398074,0.0015597791380201897,538,524,33,63149,479,4,63149,479,4,99.24718677311876,80.27267724593085,76.59938599539645,99.24094795071662,99.2472340960523,62670,131.83507306889354
all,record,christian_nt / Leonides and wife,1,99.24562699398074,-8.299976489922756e-5,538,524,33,63142,480,4,63142,480,4,99.24554399421584,80.08183755127436,76.48321884746588,99.23930468676328,99.2455914248892,62662,131.54583333333332
all,record,christian_nt / Lois and husband,1,99.24562699398074,0.0015597791380201897,538,524,33,63149,479,4,63149,479,4,99.24718677311876,80.27267724593085,76.59938599539645,99.24094795071662,99.2472340960523,62670,131.83507306889354
all,record,christian_nt / Mary and Joseph,1,99.24562699398074,0.003060566925867647,538,524,33,63144,478,4,63144,478,4,99.2486875609066,80.13636317831907,76.56192801708414,99.24244805582623,99.24873479395215,62666,132.10041841004184
all,record,christian_nt / Patricius and Monica,1,99.24562699398074,0.0015361154399471388,538,524,33,63147,479,4,63147,479,4,99.24716310942068,80.14545078282653,76.57504621202051,99.24092409240924,99.24721043532925,62668,131.83089770354906
all,record,christian_nt / Perpetua and husband,1,99.24562699398074,-1.1855991175480085e-5,538,524,33,63148,480,4,63148,480,4,99.24561513798956,80.08183755127436,76.56287632033255,99.2393764143827,99.24566255971838,62668,131.55833333333334
all,record,christian_nt / Peter and wife,1,99.24562699398074,0.0015597791380201897,538,524,33,63149,479,4,63149,479,4,99.24718677311876,80.27267724593085,76.59938599539645,99.24094795071662,99.2472340960523,62670,131.83507306889354
all,record,christian_nt / Philip the Evangelist and wife,1,99.24562699398074,0.0062394107343948235,538,524,33,63149,476,4,63149,476,4,99.25186640471513,80.27267724593085,76.67605631303061,99.24562699398074,99.25191343569756,62673,132.66596638655463
all,record,christian_nt / Simon of Cyrene and wife,1,99.24562699398074,-2.371235501641422e-5,538,524,33,63147,480,4,63147,480,4,99.24560328162572,80.08183755127436,76.55040960201805,99.23936446071883,99.24565070484512,62667,131.55625
all,record,christian_nt / Theodosius I and Flaccilla,1,99.24562699398074,0.0015361154399471388,538,524,33,63147,479,4,63147,479,4,99.24716310942068,80.14545078282653,76.57504621202051,99.24092409240924,99.24721043532925,62668,131.83089770354906
all,record,christian_nt / Theodosius I and Galla,1,99.24562699398074,0.0015361154399471388,538,524,33,63147,479,4,63147,479,4,99.24716310942068,80.14545078282653,76.57504621202051,99.24092409240924,99.24721043532925,62668,131.83089770354906
all,record,christian_nt / Timothy's father and Eunice,1,99.24562699398074,-1.1855991175480085e-5,538,524,33,63148,480,4,63148,480,4,99.24561513798956,80.08183755127436,76.56287632033255,99.2393764143827,99.24566255971838,62668,131.55833333333334
all,record,christian_nt / Zebedee and Salome,1,99.24562699398074,-2.371235501641422e-5,538,524,33,63147,480,4,63147,480,4,99.24560328162572,80.08183755127436,76.55040960201805,99.23936446071883,99.24565070484512,62667,131.55625
all,record,christian_nt / Zechariah and Elizabeth,1,99.24562699398074,-1.1855991175480085e-5,538,524,33,63148,480,4,63148,480,4,99.24561513798956,80.08183755127436,76.56287632033255,99.2393764143827,99.24566255971838,62668,131.55833333333334
all,record,dede_korkut / Begil and wife (unnamed),1,99.24562699398074,-1.1855991175480085e-5,538,524,33,63148,480,4,63148,480,4,99.24561513798956,80.08183755127436,76.4740361110104,99.2393764143827,99.24566255971838,62668,131.55833333333334
all,record,dede_korkut / Dirse Khan and wife,1,99.24562699398074,-1.1855991175480085e-5,538,524,33,63148,480,4,63148,480,4,99.24561513798956,80.08183755127436,76.4740361110104,99.2393764143827,99.24566255971838,62668,131.55833333333334
all,record,dede_korkut / Kam Bure and wife (unnamed),1,99.24562699398074,0.010907797990469703,538,524,33,63148,473,4,63148,473,4,99.2565347919712,80.2488222840988,77.71140984838415,99.25029469548133,99.2565815324165,62675,133.50528541226217
all,record,dede_korkut / Kanli Koja and wife (unnamed),1,99.24562699398074,-1.1855991175480085e-5,538,524,33,63148,480,4,63148,480,4,99.24561513798956,80.08183755127436,76.4740361110104,99.2393764143827,99.24566255971838,62668,131.55833333333334
all,record,dede_korkut / Kazilik Koja and wife (unnamed),1,99.24562699398074,-1.1855991175480085e-5,538,524,33,63148,480,4,63148,480,4,99.24561513798956,80.08183755127436,76.4740361110104,99.2393764143827,99.24566255971838,62668,131.55833333333334
all,record,dede_korkut / Salur Kazan and Burla Khatun,1,99.24562699398074,-1.1855991175480085e-5,538,524,33,63148,480,4,63148,480,4,99.24561513798956,80.08183755127436,76.4740361110104,99.2393764143827,99.24566255971838,62668,131.55833333333334
all,record,dede_korkut / Ushun Koja and wife (unnamed),1,99.24562699398074,0.0015361154399471388,538,524,33,63147,479,4,63147,479,4,99.24716310942068,80.14545078282653,76.4584960954704,99.24092409240924,99.24721043532925,62668,131.83089770354906
all,record,devi_bhagavata_purana / Kashyapa (mind-born Manasa),1,99.24562699398074,0.0015597791380201897,538,524,32,63149,479,4,63149,479,4,99.24718677311876,80.27267724593085,78.96801640614615,99.24094795071662,99.2472340960523,62670,131.83507306889354
all,record,egyptian / Amun and Mut,1,99.24562699398074,-1.1855991175480085e-5,538,524,33,63148,480,4,63148,480,4,99.24561513798956,80.08183755127436,76.52454116151546,99.2393764143827,99.24566255971838,62668,131.55833333333334
all,record,egyptian / Atum (Re-Atum; self-generated offspring),1,99.24562699398074,0.0015479474749326982,538,524,33,63148,479,4,63148,479,4,99.24717494145567,80.1772573986026,76.68327132024562,99.2409360217504,99.2472222658767,62669,131.83298538622128
all,record,egyptian / Geb and Nut,1,99.24562699398074,0.003095992266807457,538,524,33,63147,478,4,63147,478,4,99.24872298624754,80.1772573986026,76.82757146454577,99.24248377312232,99.24877021483914,62669,132.10669456066947
all,record,egyptian / Hermes and Nut (Rhea; Plutarch),1,99.24562699398074,0,538,525,33,63149,480,4,63149,480,4,99.24562699398074,80.11977690831955,76.57504621202051,99.23938836767087,99.24567441421904,62669,131.56041666666667
all,record,egyptian / Horus and Isis (four sons),1,99.24562699398074,-4.742620077990978e-5,538,524,33,63145,480,4,63145,480,4,99.24557956777996,80.08183755127436,76.32252095949526,99.23934055226391,99.24562699398074,62665,131.55208333333334
all,record,egyptian / Osiris and Isis,1,99.24562699398074,-1.1855991175480085e-5,538,524,33,63148,480,4,63148,480,4,99.24561513798956,80.08183755127436,76.52454116151546,99.2393764143827,99.24566255971838,62668,131.55833333333334
all,record,egyptian / Osiris and Nephthys,1,99.24562699398074,-1.1855991175480085e-5,538,524,33,63148,480,4,63148,480,4,99.24561513798956,80.08183755127436,76.52454116151546,99.2393764143827,99.24566255971838,62668,131.55833333333334
all,record,egyptian / Ptah and Sekhmet,1,99.24562699398074,-1.1855991175480085e-5,538,524,33,63148,480,4,63148,480,4,99.24561513798956,80.08183755127436,76.52454116151546,99.2393764143827,99.24566255971838,62668,131.55833333333334
all,record,egyptian / Shu and Tefnut,1,99.24562699398074,0.0015479474749326982,538,524,33,63148,479,4,63148,479,4,99.24717494145567,80.1772573986026,76.68327132024562,99.2409360217504,99.2472222658767,62669,131.83298538622128
all,record,egyptian / Sun and Nut (Rhea; Plutarch),1,99.24562699398074,0,538,525,33,63149,480,4,63149,480,4,99.24562699398074,80.11977690831955,76.57504621202051,99.23938836767087,99.24567441421904,62669,131.56041666666667
all,record,fengshen_yanyi / Ji Chang (Fengshen Yanyi family account),1,99.24562699398074,-0.0011874466873678102,538,524,33,63049,480,4,63049,480,4,99.24443954729337,80.08183755127436,76.57504621202051,99.23819117623913,99.24448711693135,62569,131.35208333333333
all,record,fengshen_yanyi / King Zhou and Queen Jiang,1,99.24562699398074,-2.371235501641422e-5,538,524,33,63147,480,4,63147,480,4,99.24560328162572,80.08183755127436,76.57504621202051,99.23936446071883,99.24565070484512,62667,131.55625
all,record,fengshen_yanyi / Li Jing and Lady Yin,1,99.24562699398074,-3.5569091537013264e-5,538,524,33,63146,480,4,63146,480,4,99.2455914248892,80.08183755127436,76.57504621202051,99.23935250667924,99.24563884959925,62666,131.55416666666667
all,record,greek / Aphrodite and Ares,1,99.24562699398074,0.001524283033020879,538,524,33,63146,479,4,63146,479,4,99.24715127701376,80.12954747493849,76.53606879599391,99.2409121626931,99.24719860440995,62667,131.82881002087683
all,record,greek / Apollo and Coronis,1,99.24562699398074,-1.1855991175480085e-5,538,524,33,63148,480,4,63148,480,4,99.24561513798956,80.08183755127436,76.5539215033958,99.2393764143827,99.24566255971838,62668,131.55833333333334
all,record,greek / Atlas and Pleione,1,99.24562699398074,0.0187090221158428,538,524,33,63148,468,4,63148,468,4,99.26433601609658,80.25799726941881,76.93635157332588,99.25809493869852,99.2643822697265,62680,134.93162393162393
all,record,greek / Cronus and Rhea,1,99.24562699398074,0.004644134384790277,538,524,33,63146,477,4,63146,477,4,99.25027112836553,80.1772573986026,76.59163978793612,99.24403162179578,99.25031826111557,62669,132.38155136268344
all,record,greek / Dionysus and Aphrodite,1,99.24562699398074,-1.1855991175480085e-5,538,524,33,63148,480,4,63148,480,4,99.24561513798956,80.08183755127436,76.5539215033958,99.2393764143827,99.24566255971838,62668,131.55833333333334
all,record,greek / Hephaestus and Aglaia,1,99.24562699398074,0.0062394107343948235,538,524,33,63149,476,4,63149,476,4,99.25186640471513,80.27267724593085,76.6851000925662,99.24562699398074,99.25191343569756,62673,132.66596638655463
all,record,greek / Hera (parthenogenesis),1,99.24562699398074,-1.1855991175480085e-5,538,524,33,63148,480,4,63148,480,4,99.24561513798956,80.08183755127436,76.5539215033958,99.2393764143827,99.24566255971838,62668,131.55833333333334
all,record,greek / Heracles and Auge,1,99.24562699398074,-1.1855991175480085e-5,538,524,33,63148,480,4,63148,480,4,99.24561513798956,80.08183755127436,76.5539215033958,99.2393764143827,99.24566255971838,62668,131.55833333333334
all,record,greek / Heracles and Deianeira,1,99.24562699398074,-4.742620077990978e-5,538,524,33,63145,480,4,63145,480,4,99.24557956777996,80.08183755127436,76.4863916971365,99.23934055226391,99.24562699398074,62665,131.55208333333334
all,record,greek / Hermes and Aphrodite,1,99.24562699398074,-1.1855991175480085e-5,538,524,33,63148,480,4,63148,480,4,99.24561513798956,80.08183755127436,76.5539215033958,99.2393764143827,99.24566255971838,62668,131.55833333333334
all,record,greek / Hermes and daughter of Dryops (unnamed),1,99.24562699398074,-1.1855991175480085e-5,538,524,33,63148,480,4,63148,480,4,99.24561513798956,80.08183755127436,76.5539215033958,99.2393764143827,99.24566255971838,62668,131.55833333333334
all,record,greek / Jason and Medea,1,99.24562699398074,-1.1855991175480085e-5,538,524,33,63148,480,4,63148,480,4,99.24561513798956,80.08183755127436,76.5539215033958,99.2393764143827,99.24566255971838,62668,131.55833333333334
all,record,greek / Orpheus and mother (unnamed),1,99.24562699398074,-1.1855991175480085e-5,538,524,33,63148,480,4,63148,480,4,99.24561513798956,80.08183755127436,76.5539215033958,99.2393764143827,99.24566255971838,62668,131.55833333333334
all,record,greek / Paris and Helen,1,99.24562699398074,0.0015597791380201897,538,524,33,63149,479,4,63149,479,4,99.24718677311876,80.27267724593085,76.60126998824428,99.24094795071662,99.2472340960523,62670,131.83507306889354
all,record,greek / Perseus and Andromeda,1,99.24562699398074,0.0014887835804842098,538,524,33,63143,479,4,63143,479,4,99.24711577756122,80.1091003647967,76.46412265282109,99.24087637129476,99.24716310942068,62664,131.82254697286012
all,record,greek / Poseidon and Amphitrite,1,99.24562699398074,-1.1855991175480085e-5,538,524,33,63148,480,4,63148,480,4,99.24561513798956,80.08183755127436,76.5539215033958,99.2393764143827,99.24566255971838,62668,131.55833333333334
all,record,greek / Prometheus and Pronoia,1,99.24562699398074,-1.1855991175480085e-5,538,524,33,63148,480,4,63148,480,4,99.24561513798956,80.08183755127436,76.5539215033958,99.2393764143827,99.24566255971838,62668,131.55833333333334
all,record,greek / Styx and Pallas,1,99.24562699398074,0.003095992266807457,538,524,33,63147,478,4,63147,478,4,99.24872298624754,80.1772573986026,76.58574589485134,99.24248377312232,99.24877021483914,62669,132.10669456066947
all,record,greek / Theseus and Hippolyta,1,99.24562699398074,-1.1855991175480085e-5,538,524,33,63148,480,4,63148,480,4,99.24561513798956,80.08183755127436,76.5539215033958,99.2393764143827,99.24566255971838,62668,131.55833333333334
all,record,greek / Zeus and Alcmene,1,99.24562699398074,-1.1855991175480085e-5,538,524,33,63148,480,4,63148,480,4,99.24561513798956,80.08183755127436,76.5539215033958,99.2393764143827,99.24566255971838,62668,131.55833333333334
all,record,greek / Zeus and Danae,1,99.24562699398074,-1.1855991175480085e-5,538,524,33,63148,480,4,63148,480,4,99.24561513798956,80.08183755127436,76.5539215033958,99.2393764143827,99.24566255971838,62668,131.55833333333334
all,record,greek / Zeus and Demeter,1,99.24562699398074,0.0015597791380201897,538,524,33,63149,479,4,63149,479,4,99.24718677311876,80.27267724593085,76.60126998824428,99.24094795071662,99.2472340960523,62670,131.83507306889354
all,record,greek / Zeus and Hera,1,99.24562699398074,0.00310779997141708,538,524,33,63148,478,4,63148,478,4,99.24873479395215,80.2090640143787,76.60737947016023,99.24249567813925,99.24878202105924,62670,132.10878661087867
all,record,greek / Zeus and Leto,1,99.24562699398074,0.0015479474749326982,538,524,33,63148,479,4,63148,479,4,99.24717494145567,80.1772573986026,76.58022621720052,99.2409360217504,99.2472222658767,62669,131.83298538622128
all,record,greek / Zeus and Maia,1,99.24562699398074,-1.1855991175480085e-5,538,524,33,63148,480,4,63148,480,4,99.24561513798956,80.08183755127436,76.5539215033958,99.2393764143827,99.24566255971838,62668,131.55833333333334
all,record,greek / Zeus and Persephone,1,99.24562699398074,0.0015597791380201897,538,524,33,63149,479,4,63149,479,4,99.24718677311876,80.27267724593085,76.60126998824428,99.24094795071662,99.2472340960523,62670,131.83507306889354
all,record,greek / Zeus and Semele,1,99.24562699398074,-1.1855991175480085e-5,538,524,33,63148,480,4,63148,480,4,99.24561513798956,80.08183755127436,76.5539215033958,99.2393764143827,99.24566255971838,62668,131.55833333333334
all,record,hebrew_bible / Aaron and Elisheba,1,99.24562699398074,-4.742620077990978e-5,538,524,33,63145,480,4,63145,480,4,99.24557956777996,80.08183755127436,76.56929943320473,99.23934055226391,99.24562699398074,62665,131.55208333333334
all,record,hebrew_bible / Abdon and wife (unnamed),1,99.24562699398074,-4.7453050434853594e-4,538,524,33,63109,480,4,63109,480,4,99.24515246347639,80.08183755127436,76.51311008612258,99.23890994291824,99.24519994338999,62629,131.47708333333333
all,record,hebrew_bible / Abraham and Hagar,1,99.24562699398074,-1.1855991175480085e-5,538,524,33,63148,480,4,63148,480,4,99.24561513798956,80.08183755127436,76.5736181031415,99.2393764143827,99.24566255971838,62668,131.55833333333334
all,record,hebrew_bible / Abraham and Keturah,1,99.24562699398074,-7.114153743259521e-5,538,524,33,63143,480,4,63143,480,4,99.2455558524433,80.08183755127436,76.56639135499111,99.23931664230594,99.24560328162572,62663,131.54791666666668
all,record,hebrew_bible / Abraham and Sarah,1,99.24562699398074,-1.1855991175480085e-5,538,524,33,63148,480,4,63148,480,4,99.24561513798956,80.08183755127436,76.5736181031415,99.2393764143827,99.24566255971838,62668,131.55833333333334
all,record,hebrew_bible / Adam and Eve,1,99.24562699398074,-3.5569091537013264e-5,538,524,33,63146,480,4,63146,480,4,99.2455914248892,80.08183755127436,76.5707447480769,99.23935250667924,99.24563884959925,62666,131.55416666666667
all,record,hebrew_bible / Ahab and Jezebel,1,99.24562699398074,0.0015361154399471388,538,524,33,63147,479,4,63147,479,4,99.24716310942068,80.14545078282653,76.5768053541375,99.24092409240924,99.24721043532925,62668,131.83089770354906
all,record,hebrew_bible / Amon and Jedidah,1,99.24562699398074,-1.1855991175480085e-5,538,524,33,63148,480,4,63148,480,4,99.24561513798956,80.08183755127436,76.5736181031415,99.2393764143827,99.24566255971838,62668,131.55833333333334
all,record,hebrew_bible / Amram and Jochebed,1,99.24562699398074,0.0015361154399471388,538,524,33,63147,479,4,63147,479,4,99.24716310942068,80.14545078282653,76.5768053541375,99.24092409240924,99.24721043532925,62668,131.83089770354906
all,record,hebrew_bible / Asher and wife (unnamed),1,99.24562699398074,0.0015124502541397078,538,524,33,63145,479,4,63145,479,4,99.24713944423488,80.12000549020564,76.57393325969915,99.240900232602,99.24718677311876,62666,131.8267223382046
all,record,hebrew_bible / Benjamin and wife (unnamed),1,99.24562699398074,-1.1857668401660248e-4,538,524,33,63139,480,4,63139,480,4,99.24550841729672,80.08183755127436,76.56050441369864,99.23926881788033,99.2455558524433,62659,131.53958333333333
all,record,hebrew_bible / Boaz and Ruth,1,99.24562699398074,-1.1855991175480085e-5,538,524,33,63148,480,4,63148,480,4,99.24561513798956,80.08183755127436,76.5736181031415,99.2393764143827,99.24566255971838,62668,131.55833333333334
all,record,hebrew_bible / Caleb son of Jephunneh (mothers unassigned),1,99.24562699398074,0.001524283033020879,538,524,33,63146,479,4,63146,479,4,99.24715127701376,80.12954747493849,76.57537218476847,99.2409121626931,99.24719860440995,62667,131.82881002087683
all,record,hebrew_bible / Dan and wife (unnamed),1,99.24562699398074,-1.1855991175480085e-5,538,524,33,63148,480,4,63148,480,4,99.24561513798956,80.08183755127436,76.5736181031415,99.2393764143827,99.24566255971838,62668,131.55833333333334
all,record,hebrew_bible / David (other wives in Jerusalem),1,99.24562699398074,-1.0671733816991491e-4,538,524,33,63140,480,4,63140,480,4,99.24552027664257,80.08183755127436,76.56198508668567,99.23928077455048,99.245567710298,62660,131.54166666666666
all,record,hebrew_bible / David and Abigail,1,99.24562699398074,-1.1855991175480085e-5,538,524,33,63148,480,4,63148,480,4,99.24561513798956,80.08183755127436,76.5736181031415,99.2393764143827,99.24566255971838,62668,131.55833333333334
all,record,hebrew_bible / David and Abital,1,99.24562699398074,-1.1855991175480085e-5,538,524,33,63148,480,4,63148,480,4,99.24561513798956,80.08183755127436,76.5736181031415,99.2393764143827,99.24566255971838,62668,131.55833333333334
all,record,hebrew_bible / David and Ahinoam,1,99.24562699398074,-1.1855991175480085e-5,538,524,33,63148,480,4,63148,480,4,99.24561513798956,80.08183755127436,76.5736181031415,99.2393764143827,99.24566255971838,62668,131.55833333333334
all,record,hebrew_bible / David and Bathsheba,1,99.24562699398074,-5.9283682730892906e-5,538,524,33,63144,480,4,63144,480,4,99.245567710298,80.08183755127436,76.56784831385517,99.2393285974728,99.24561513798956,62664,131.55
all,record,hebrew_bible / David and Eglah,1,99.24562699398074,-1.1855991175480085e-5,538,524,33,63148,480,4,63148,480,4,99.24561513798956,80.08183755127436,76.5736181031415,99.2393764143827,99.24566255971838,62668,131.55833333333334
all,record,hebrew_bible / David and Haggith,1,99.24562699398074,-1.1855991175480085e-5,538,524,33,63148,480,4,63148,480,4,99.24561513798956,80.08183755127436,76.5736181031415,99.2393764143827,99.24566255971838,62668,131.55833333333334
all,record,hebrew_bible / David and Maacah,1,99.24562699398074,0.0015479474749326982,538,524,33,63148,479,4,63148,479,4,99.24717494145567,80.1772573986026,76.57823280227154,99.2409360217504,99.2472222658767,62669,131.83298538622128
all,record,hebrew_bible / Eleazar and wife (unnamed),1,99.24562699398074,-1.1855991175480085e-5,538,524,33,63148,480,4,63148,480,4,99.24561513798956,80.08183755127436,76.5736181031415,99.2393764143827,99.24566255971838,62668,131.55833333333334
all,record,hebrew_bible / Eli and wife (unnamed),1,99.24562699398074,-2.371235501641422e-5,538,524,33,63147,480,4,63147,480,4,99.24560328162572,80.08183755127436,76.57218429322903,99.23936446071883,99.24565070484512,62667,131.55625
all,record,hebrew_bible / Elimelech and Naomi,1,99.24562699398074,-2.371235501641422e-5,538,524,33,63147,480,4,63147,480,4,99.24560328162572,80.08183755127436,76.57218429322903,99.23936446071883,99.24565070484512,62667,131.55625
all,record,hebrew_bible / Elkanah and Hannah,1,99.24562699398074,0.0030723757440540567,538,524,33,63145,478,4,63145,478,4,99.24869936972479,80.14545078282653,76.57858573338268,99.24245996196584,99.24874660128562,62667,132.10251046025104
all,record,hebrew_bible / Enoch and wife (unnamed),1,99.24562699398074,-1.1855991175480085e-5,538,524,33,63148,480,4,63148,480,4,99.24561513798956,80.08183755127436,76.5736181031415,99.2393764143827,99.24566255971838,62668,131.55833333333334
all,record,hebrew_bible / Esau and Adah bint Elon,1,99.24562699398074,-1.1855991175480085e-5,538,524,33,63148,480,4,63148,480,4,99.24561513798956,80.08183755127436,76.5736181031415,99.2393764143827,99.24566255971838,62668,131.55833333333334
all,record,hebrew_bible / Esau and Basemath bint Ishmael,1,99.24562699398074,-1.1855991175480085e-5,538,524,33,63148,480,4,63148,480,4,99.24561513798956,80.08183755127436,76.5736181031415,99.2393764143827,99.24566255971838,62668,131.55833333333334
all,record,hebrew_bible / Esau and Oholibamah,1,99.24562699398074,-3.5569091537013264e-5,538,524,33,63146,480,4,63146,480,4,99.2455914248892,80.08183755127436,76.5707447480769,99.23935250667924,99.24563884959925,62666,131.55416666666667
all,record,hebrew_bible / Gad and wife (unnamed),1,99.24562699398074,-8.299976489922756e-5,538,524,33,63142,480,4,63142,480,4,99.24554399421584,80.08183755127436,76.56492852129293,99.23930468676328,99.2455914248892,62662,131.54583333333332
all,record,hebrew_bible / Gideon (many wives),1,99.24562699398074,-8.308203467919384e-4,538,524,33,63079,480,4,63079,480,4,99.24479617363394,80.08183755127436,76.45914841523346,99.2385507291978,99.24484369837799,62599,131.41458333333333
all,record,hebrew_bible / Gideon and concubine at Shechem (unnamed),1,99.24562699398074,-1.1855991175480085e-5,538,524,33,63148,480,4,63148,480,4,99.24561513798956,80.08183755127436,76.5736181031415,99.2393764143827,99.24566255971838,62668,131.55833333333334
all,record,hebrew_bible / Ham and wife (unnamed),1,99.24562699398074,-4.742620077990978e-5,538,524,33,63145,480,4,63145,480,4,99.24557956777996,80.08183755127436,76.56929943320473,99.23934055226391,99.24562699398074,62665,131.55208333333334
all,record,hebrew_bible / Haran and wife (unnamed),1,99.24562699398074,0.00310779997141708,538,524,33,63148,478,4,63148,478,4,99.24873479395215,80.2090640143787,76.58286596019812,99.24249567813925,99.24878202105924,62670,132.10878661087867
all,record,hebrew_bible / Hezekiah and Hephzibah,1,99.24562699398074,-1.1855991175480085e-5,538,524,33,63148,480,4,63148,480,4,99.24561513798956,80.08183755127436,76.5736181031415,99.2393764143827,99.24566255971838,62668,131.55833333333334
all,record,hebrew_bible / Hosea and Gomer,1,99.24562699398074,0.0015361154399471388,538,524,33,63147,479,4,63147,479,4,99.24716310942068,80.14545078282653,76.5768053541375,99.24092409240924,99.24721043532925,62668,131.83089770354906
all,record,hebrew_bible / Ibzan of Bethlehem and wives,1,99.24562699398074,0.04648079440669051,538,524,33,63119,450,4,63119,450,4,99.29210778838743,80.1772573986026,76.68316009796403,99.28586034951945,99.29215232881884,62669,140.26444444444445
all,record,hebrew_bible / Isaac and Rebekah,1,99.24562699398074,-2.371235501641422e-5,538,524,33,63147,480,4,63147,480,4,99.24560328162572,80.08183755127436,76.57218429322903,99.23936446071883,99.24565070484512,62667,131.55625
all,record,hebrew_bible / Isaiah and the prophetess,1,99.24562699398074,-2.371235501641422e-5,538,524,33,63147,480,4,63147,480,4,99.24560328162572,80.08183755127436,76.57218429322903,99.23936446071883,99.24565070484512,62667,131.55625
all,record,hebrew_bible / Ishmael and wife (unnamed),1,99.24562699398074,0.0014177746309371742,538,524,33,63137,479,4,63137,479,4,99.24704476861167,80.09651752778639,76.56221042525686,99.24080477837158,99.24709210939956,62658,131.8100208768267
all,record,hebrew_bible / Issachar and wife (unnamed),1,99.24562699398074,-4.742620077990978e-5,538,524,33,63145,480,4,63145,480,4,99.24557956777996,80.08183755127436,76.56929943320473,99.23934055226391,99.24562699398074,62665,131.55208333333334
all,record,hebrew_bible / Jacob and Bilhah,1,99.24562699398074,-2.371235501641422e-5,538,524,33,63147,480,4,63147,480,4,99.24560328162572,80.08183755127436,76.57218429322903,99.23936446071883,99.24565070484512,62667,131.55625
all,record,hebrew_bible / Jacob and Leah,1,99.24562699398074,0.0014887835804842098,538,524,33,63143,479,4,63143,479,4,99.24711577756122,80.1091003647967,76.57103800320887,99.24087637129476,99.24716310942068,62664,131.82254697286012
all,record,hebrew_bible / Jacob and Rachel,1,99.24562699398074,-2.371235501641422e-5,538,524,33,63147,480,4,63147,480,4,99.24560328162572,80.08183755127436,76.57218429322903,99.23936446071883,99.24565070484512,62667,131.55625
all,record,hebrew_bible / Jacob and Zilpah,1,99.24562699398074,-2.371235501641422e-5,538,524,33,63147,480,4,63147,480,4,99.24560328162572,80.08183755127436,76.57218429322903,99.23936446071883,99.24565070484512,62667,131.55625
all,record,hebrew_bible / Japheth and wife (unnamed),1,99.24562699398074,-8.299976489922756e-5,538,524,33,63142,480,4,63142,480,4,99.24554399421584,80.08183755127436,76.56492852129293,99.23930468676328,99.2455914248892,62662,131.54583333333332
all,record,hebrew_bible / Jehoshaphat and wife (unnamed),1,99.24562699398074,-8.299976489922756e-5,538,524,33,63142,480,4,63142,480,4,99.24554399421584,80.08183755127436,76.56492852129293,99.23930468676328,99.2455914248892,62662,131.54583333333332
all,record,hebrew_bible / Jephthah and wife (unnamed),1,99.24562699398074,0.0015597791380201897,538,524,33,63149,479,4,63149,479,4,99.24718677311876,80.27267724593085,76.57965456336122,99.24094795071662,99.2472340960523,62670,131.83507306889354
all,record,hebrew_bible / Jesse and wife (unnamed),1,99.24562699398074,0.0030369481758185657,538,524,33,63142,478,4,63142,478,4,99.24866394215655,80.12424637230914,76.57425352000672,99.24242424242425,99.24871117817176,62664,132.09623430962344
all,record,hebrew_bible / Job and wife (unnamed),1,99.24562699398074,0.0045969957078852985,538,524,33,63142,477,4,63142,477,4,99.25022398968862,80.1390894596713,76.57894439157066,99.24398409380255,99.25027112836553,62665,132.37316561844864
all,record,hebrew_bible / Jonathan (son of Saul),1,99.24562699398074,-1.1855991175480085e-5,538,524,33,63148,480,4,63148,480,4,99.24561513798956,80.08183755127436,76.5736181031415,99.2393764143827,99.24566255971838,62668,131.55833333333334
all,record,hebrew_bible / Joseph and Asenath,1,99.24562699398074,-2.371235501641422e-5,538,524,33,63147,480,4,63147,480,4,99.24560328162572,80.08183755127436,76.57218429322903,99.23936446071883,99.24565070484512,62667,131.55625
all,record,hebrew_bible / Josiah and Hamutal,1,99.24562699398074,-2.371235501641422e-5,538,524,33,63147,480,4,63147,480,4,99.24560328162572,80.08183755127436,76.57218429322903,99.23936446071883,99.24565070484512,62667,131.55625
all,record,hebrew_bible / Josiah and Zebidah,1,99.24562699398074,-1.1855991175480085e-5,538,524,33,63148,480,4,63148,480,4,99.24561513798956,80.08183755127436,76.5736181031415,99.2393764143827,99.24566255971838,62668,131.55833333333334
all,record,hebrew_bible / Josiah and mother of Johanan (unnamed),1,99.24562699398074,-1.1855991175480085e-5,538,524,33,63148,480,4,63148,480,4,99.24561513798956,80.08183755127436,76.5736181031415,99.2393764143827,99.24566255971838,62668,131.55833333333334
all,record,hebrew_bible / Judah (first wife),1,99.24562699398074,-3.5569091537013264e-5,538,524,33,63146,480,4,63146,480,4,99.2455914248892,80.08183755127436,76.5707447480769,99.23935250667924,99.24563884959925,62666,131.55416666666667
all,record,hebrew_bible / Judah and Tamar,1,99.24562699398074,-2.371235501641422e-5,538,524,33,63147,480,4,63147,480,4,99.24560328162572,80.08183755127436,76.57218429322903,99.23936446071883,99.24565070484512,62667,131.55625
all,record,hebrew_bible / Kohath and wife (unnamed),1,99.24562699398074,-4.742620077990978e-5,538,524,33,63145,480,4,63145,480,4,99.24557956777996,80.08183755127436,76.56929943320473,99.23934055226391,99.24562699398074,62665,131.55208333333334
all,record,hebrew_bible / Lamech (Cainite) and Adah,1,99.24562699398074,-2.371235501641422e-5,538,524,33,63147,480,4,63147,480,4,99.24560328162572,80.08183755127436,76.57218429322903,99.23936446071883,99.24565070484512,62667,131.55625
all,record,hebrew_bible / Lamech (Cainite) and Zillah,1,99.24562699398074,0.0015479474749326982,538,524,33,63148,479,4,63148,479,4,99.24717494145567,80.1772573986026,76.57823280227154,99.2409360217504,99.2472222658767,62669,131.83298538622128
all,record,hebrew_bible / Lamech (Sethite) and wife (unnamed),1,99.24562699398074,-1.1855991175480085e-5,538,524,33,63148,480,4,63148,480,4,99.24561513798956,80.08183755127436,76.5736181031415,99.2393764143827,99.24566255971838,62668,131.55833333333334
all,record,hebrew_bible / Levi and wife (unnamed),1,99.24562699398074,0.001524283033020879,538,524,33,63146,479,4,63146,479,4,99.24715127701376,80.12954747493849,76.57537218476847,99.2409121626931,99.24719860440995,62667,131.82881002087683
all,record,hebrew_bible / Lot and wife (unnamed),1,99.24562699398074,0.0062394107343948235,538,524,33,63149,476,4,63149,476,4,99.25186640471513,80.27267724593085,76.59359043945967,99.24562699398074,99.25191343569756,62673,132.66596638655463
all,record,hebrew_bible / Manasseh and Meshullemeth,1,99.24562699398074,-1.1855991175480085e-5,538,524,33,63148,480,4,63148,480,4,99.24561513798956,80.08183755127436,76.5736181031415,99.2393764143827,99.24566255971838,62668,131.55833333333334
all,record,hebrew_bible / Manoah and wife (unnamed),1,99.24562699398074,-1.1855991175480085e-5,538,524,33,63148,480,4,63148,480,4,99.24561513798956,80.08183755127436,76.5736181031415,99.2393764143827,99.24566255971838,62668,131.55833333333334
all,record,hebrew_bible / Methuselah and wife (unnamed),1,99.24562699398074,-1.1855991175480085e-5,538,524,33,63148,480,4,63148,480,4,99.24561513798956,80.08183755127436,76.5736181031415,99.2393764143827,99.24566255971838,62668,131.55833333333334
all,record,hebrew_bible / Moses and Zipporah,1,99.24562699398074,-2.371235501641422e-5,538,524,33,63147,480,4,63147,480,4,99.24560328162572,80.08183755127436,76.57218429322903,99.23936446071883,99.24565070484512,62667,131.55625
all,record,hebrew_bible / Naphtali and wife (unnamed),1,99.24562699398074,-4.742620077990978e-5,538,524,33,63145,480,4,63145,480,4,99.24557956777996,80.08183755127436,76.56929943320473,99.23934055226391,99.24562699398074,62665,131.55208333333334
all,record,hebrew_bible / Noah and Naamah,1,99.24562699398074,-3.5569091537013264e-5,538,524,33,63146,480,4,63146,480,4,99.2455914248892,80.08183755127436,76.5707447480769,99.23935250667924,99.24563884959925,62666,131.55416666666667
all,record,hebrew_bible / Rehoboam (wives and concubines; aggregate),1,99.24562699398074,0.09338246447916276,538,524,33,63121,420,4,63121,420,4,99.3390094584599,80.21195552490379,76.8611427035351,99.33275631442285,99.33905106617358,62701,150.28809523809525
all,record,hebrew_bible / Reuben and wife (unnamed),1,99.24562699398074,-4.742620077990978e-5,538,524,33,63145,480,4,63145,480,4,99.24557956777996,80.08183755127436,76.56929943320473,99.23934055226391,99.24562699398074,62665,131.55208333333334
all,record,hebrew_bible / Samuel and wife (unnamed),1,99.24562699398074,-2.371235501641422e-5,538,524,33,63147,480,4,63147,480,4,99.24560328162572,80.08183755127436,76.57218429322903,99.23936446071883,99.24565070484512,62667,131.55625
all,record,hebrew_bible / Saul and Ahinoam,1,99.24562699398074,0.0030723757440540567,538,524,33,63145,478,4,63145,478,4,99.24869936972479,80.14545078282653,76.57858573338268,99.24245996196584,99.24874660128562,62667,132.10251046025104
all,record,hebrew_bible / Saul and Rizpah,1,99.24562699398074,-2.371235501641422e-5,538,524,33,63147,480,4,63147,480,4,99.24560328162572,80.08183755127436,76.57218429322903,99.23936446071883,99.24565070484512,62667,131.55625
all,record,hebrew_bible / Seth and wife (unnamed),1,99.24562699398074,-1.1855991175480085e-5,538,524,33,63148,480,4,63148,480,4,99.24561513798956,80.08183755127436,76.5736181031415,99.2393764143827,99.24566255971838,62668,131.55833333333334
all,record,hebrew_bible / Shem and wife (unnamed),1,99.24562699398074,-5.9283682730892906e-5,538,524,33,63144,480,4,63144,480,4,99.245567710298,80.08183755127436,76.56784831385517,99.2393285974728,99.24561513798956,62664,131.55
all,record,hebrew_bible / Simeon and wife (unnamed),1,99.24562699398074,-7.114153743259521e-5,538,524,33,63143,480,4,63143,480,4,99.2455558524433,80.08183755127436,76.56639135499111,99.23931664230594,99.24560328162572,62663,131.54791666666668
all,record,hebrew_bible / Solomon (daughters; mothers unassigned),1,99.24562699398074,0.0031196073048818107,538,524,33,63149,478,4,63149,478,4,99.24874660128562,80.27267724593085,76.58428131131406,99.24250758278198,99.24879382690827,62671,132.11087866108787
all,record,hebrew_bible / Solomon and Naamah,1,99.24562699398074,-1.1855991175480085e-5,538,524,33,63148,480,4,63148,480,4,99.24561513798956,80.08183755127436,76.5736181031415,99.2393764143827,99.24566255971838,62668,131.55833333333334
all,record,hebrew_bible / Terah (mothers not jointly identified),1,99.24562699398074,0.001524283033020879,538,524,33,63146,479,4,63146,479,4,99.24715127701376,80.12954747493849,76.57537218476847,99.2409121626931,99.24719860440995,62667,131.82881002087683
all,record,hebrew_bible / Zebulun and wife (unnamed),1,99.24562699398074,-3.5569091537013264e-5,538,524,33,63146,480,4,63146,480,4,99.2455914248892,80.08183755127436,76.5707447480769,99.23935250667924,99.24563884959925,62666,131.55416666666667
all,record,islam / Abbas and Lubaba bint al-Harith,1,99.24562699398074,0.0014887835804842098,538,524,33,63143,479,4,63143,479,4,99.24711577756122,80.1091003647967,76.55741773568498,99.24087637129476,99.24716310942068,62664,131.82254697286012
all,record,islam / Abbas and Musliyah,1,99.24562699398074,-2.371235501641422e-5,538,524,33,63147,480,4,63147,480,4,99.24560328162572,80.08183755127436,76.56728906006832,99.23936446071883,99.24565070484512,62667,131.55625
all,record,islam / Abd Manaf and Atikah bint Murrah,1,99.24562699398074,0.009324279203795527,538,524,33,63146,474,4,63146,474,4,99.25495127318453,80.2090640143787,76.59953461729297,99.24871117817176,99.25499811391927,62672,133.2194092827004
all,record,islam / Abd Manaf and Rayta,1,99.24562699398074,-1.1855991175480085e-5,538,524,33,63148,480,4,63148,480,4,99.24561513798956,80.08183755127436,76.57118014757982,99.2393764143827,99.24566255971838,62668,131.55833333333334
all,record,islam / Abd Manaf and Waqidah,1,99.24562699398074,-1.1855991175480085e-5,538,524,33,63148,480,4,63148,480,4,99.24561513798956,80.08183755127436,76.57118014757982,99.2393764143827,99.24566255971838,62668,131.55833333333334
all,record,islam / Abd al-Muttalib and Fatimah bint Amr,1,99.24562699398074,0.0077641818888736225,538,524,33,63146,475,4,63146,475,4,99.25339117586961,80.20111236043468,76.59340817683436,99.24715127701376,99.25343811394892,62671,132.93894736842105
all,record,islam / Abd al-Muttalib and Hala bint Uhayb,1,99.24562699398074,0.001524283033020879,538,524,33,63146,479,4,63146,479,4,99.24715127701376,80.12954747493849,76.56930153164215,99.2409121626931,99.24719860440995,62667,131.82881002087683
all,record,islam / Abd al-Muttalib and Lubna bint Hajir,1,99.24562699398074,-1.1855991175480085e-5,538,524,33,63148,480,4,63148,480,4,99.24561513798956,80.08183755127436,76.57118014757982,99.2393764143827,99.24566255971838,62668,131.55833333333334
all,record,islam / Abd al-Muttalib and Nutaylah bint Janab,1,99.24562699398074,-2.371235501641422e-5,538,524,33,63147,480,4,63147,480,4,99.24560328162572,80.08183755127436,76.56728906006832,99.23936446071883,99.24565070484512,62667,131.55625
all,record,islam / Abd al-Muttalib and Samra bint Jundub,1,99.24562699398074,-1.1855991175480085e-5,538,524,33,63148,480,4,63148,480,4,99.24561513798956,80.08183755127436,76.57118014757982,99.2393764143827,99.24566255971838,62668,131.55833333333334
all,record,islam / Abd al-Rahman ibn Awf and Sahla bint Suhayl,1,99.24562699398074,-1.1855991175480085e-5,538,524,33,63148,480,4,63148,480,4,99.24561513798956,80.08183755127436,76.57118014757982,99.2393764143827,99.24566255971838,62668,131.55833333333334
all,record,islam / Abd al-Rahman ibn Awf and Tumadur,1,99.24562699398074,-1.1855991175480085e-5,538,524,33,63148,480,4,63148,480,4,99.24561513798956,80.08183755127436,76.57118014757982,99.2393764143827,99.24566255971838,62668,131.55833333333334
all,record,islam / Abd al-Rahman ibn Awf and Umm Kulthum bint Uqba,1,99.24562699398074,-4.742620077990978e-5,538,524,33,63145,480,4,63145,480,4,99.24557956777996,80.08183755127436,76.55943083773236,99.23934055226391,99.24562699398074,62665,131.55208333333334
all,record,islam / Abd al-Rahman ibn Awf and Umm Kulthum bint Utba,1,99.24562699398074,-1.1855991175480085e-5,538,524,33,63148,480,4,63148,480,4,99.24561513798956,80.08183755127436,76.57118014757982,99.2393764143827,99.24566255971838,62668,131.55833333333334
all,record,islam / Abdullah ibn Abd al-Muttalib and Aminah,1,99.24562699398074,-1.1855991175480085e-5,538,524,33,63148,480,4,63148,480,4,99.24561513798956,80.08183755127436,76.57118014757982,99.2393764143827,99.24566255971838,62668,131.55833333333334
all,record,islam / Abu Bakr and Asma bint Umays,1,99.24562699398074,-1.1855991175480085e-5,538,524,33,63148,480,4,63148,480,4,99.24561513798956,80.08183755127436,76.57118014757982,99.2393764143827,99.24566255971838,62668,131.55833333333334
all,record,islam / Abu Bakr and Habibah bint Kharijah,1,99.24562699398074,0.0015597791380201897,538,524,33,63149,479,4,63149,479,4,99.24718677311876,80.27267724593085,76.58095531864531,99.24094795071662,99.2472340960523,62670,131.83507306889354
all,record,islam / Abu Bakr and Qutaylah,1,99.24562699398074,0.0015479474749326982,538,524,33,63148,479,4,63148,479,4,99.24717494145567,80.1772573986026,76.57709586599162,99.2409360217504,99.2472222658767,62669,131.83298538622128
all,record,islam / Abu Bakr and Umm Ruman,1,99.24562699398074,0.0015479474749326982,538,524,33,63148,479,4,63148,479,4,99.24717494145567,80.1772573986026,76.57709586599162,99.2409360217504,99.2472222658767,62669,131.83298538622128
all,record,islam / Abu Sufyan and Hind bint Utbah,1,99.24562699398074,0.003095992266807457,538,524,33,63147,478,4,63147,478,4,99.24872298624754,80.1772573986026,76.57917222555193,99.24248377312232,99.24877021483914,62669,132.10669456066947
all,record,islam / Abu Sufyan and Safiyyah bint Abi al-As,1,99.24562699398074,0.00310779997141708,538,524,33,63148,478,4,63148,478,4,99.24873479395215,80.20906401437868,76.58304999815935,99.24249567813925,99.24878202105924,62670,132.10878661087867
all,record,islam / Abu Sufyan and Zaynab bint Nawfal,1,99.24562699398074,-1.1855991175480085e-5,538,524,33,63148,480,4,63148,480,4,99.24561513798956,80.08183755127436,76.57118014757982,99.2393764143827,99.24566255971838,62668,131.55833333333334
all,record,islam / Abu Talib and Fatimah bint Asad,1,99.24562699398074,0.0046323502712510845,538,524,33,63145,477,4,63145,477,4,99.25025934425199,80.16362599184143,76.57735393983171,99.24401974035771,99.25030647848364,62668,132.37945492662473
all,record,islam / Abu Talib and Illah,1,99.24562699398074,-1.1855991175480085e-5,538,524,33,63148,480,4,63148,480,4,99.24561513798956,80.08183755127436,76.57118014757982,99.2393764143827,99.24566255971838,62668,131.55833333333334
all,record,islam / Ali (daughters by unnamed mothers),1,99.24562699398074,0.020280953705380966,538,524,33,63149,467,4,63149,467,4,99.26590794768612,80.27267724593085,76.65495795597334,99.25966677145551,99.26595410248349,62682,135.22269807280514
all,record,islam / Ali Zayn al-Abidin (remaining mothers; al-Mufid),1,99.24562699398074,0.006121807402578838,538,524,33,63139,476,4,63139,476,4,99.25174880138331,80.13636317831907,76.55936436841311,99.24550841729672,99.25179584715258,62663,132.64495798319328
all,record,islam / Ali Zayn al-Abidin and Umm Abdullah bint al-Hasan,1,99.24562699398074,-1.1855991175480085e-5,538,524,33,63148,480,4,63148,480,4,99.24561513798956,80.08183755127436,76.57118014757982,99.2393764143827,99.24566255971838,62668,131.55833333333334
all,record,islam / Ali al-Hadi (other children; mothers unassigned),1,99.24562699398074,0.001524283033020879,538,524,33,63146,479,4,63146,479,4,99.24715127701376,80.12954747493849,76.56930153164215,99.2409121626931,99.24719860440995,62667,131.82881002087683
all,record,islam / Ali al-Hadi and Hadith,1,99.24562699398074,-1.1855991175480085e-5,538,524,33,63148,480,4,63148,480,4,99.24561513798956,80.08183755127436,76.57118014757982,99.2393764143827,99.24566255971838,62668,131.55833333333334
all,record,islam / Ali al-Ridha and Sabikah,1,99.24562699398074,-1.1855991175480085e-5,538,524,33,63148,480,4,63148,480,4,99.24561513798956,80.08183755127436,76.57118014757982,99.2393764143827,99.24566255971838,62668,131.55833333333334
all,record,islam / Ali and Amamah bint Abi al-As,1,99.24562699398074,-1.1855991175480085e-5,538,524,33,63148,480,4,63148,480,4,99.24561513798956,80.08183755127436,76.57118014757982,99.2393764143827,99.24566255971838,62668,131.55833333333334
all,record,islam / Ali and Asma bint Umays,1,99.24562699398074,-2.371235501641422e-5,538,524,33,63147,480,4,63147,480,4,99.24560328162572,80.08183755127436,76.56728906006832,99.23936446071883,99.24565070484512,62667,131.55625
all,record,islam / Ali and Fatimah,1,99.24562699398074,0.0030841841910245194,538,524,33,63146,478,4,63146,478,4,99.24871117817176,80.15817342913695,76.57526910802552,99.24247186773118,99.24875840824794,62668,132.10460251046024
all,record,islam / Ali and Khawlah bint Ja'far,1,99.24562699398074,-1.1855991175480085e-5,538,524,33,63148,480,4,63148,480,4,99.24561513798956,80.08183755127436,76.57118014757982,99.2393764143827,99.24566255971838,62668,131.55833333333334
all,record,islam / Ali and Layla bint Mas'ud,1,99.24562699398074,-2.371235501641422e-5,538,524,33,63147,480,4,63147,480,4,99.24560328162572,80.08183755127436,76.56728906006832,99.23936446071883,99.24565070484512,62667,131.55625
all,record,islam / Ali and Mahyat bint Imru' al-Qays,1,99.24562699398074,0.0015597791380201897,538,524,33,63149,479,4,63149,479,4,99.24718677311876,80.27267724593085,76.58095531864531,99.24094795071662,99.2472340960523,62670,131.83507306889354
all,record,islam / Ali and Umm Habib bint Rabi'ah,1,99.24562699398074,0.0015479474749326982,538,524,33,63148,479,4,63148,479,4,99.24717494145567,80.1772573986026,76.57709586599162,99.2409360217504,99.2472222658767,62669,131.83298538622128
all,record,islam / Ali and Umm Sa'id bint Urwah,1,99.24562699398074,0.0031196073048818107,538,524,33,63149,478,4,63149,478,4,99.24874660128562,80.27267724593085,76.58690267191493,99.24250758278198,99.24879382690827,62671,132.11087866108787
all,record,islam / Ali and Umm ul-Banin,1,99.24562699398074,-4.742620077990978e-5,538,524,33,63145,480,4,63145,480,4,99.24557956777996,80.08183755127436,76.55943083773236,99.23934055226391,99.24562699398074,62665,131.55208333333334
all,record,islam / Hamza and Khawla bint Qays,1,99.24562699398074,-1.1855991175480085e-5,538,524,33,63148,480,4,63148,480,4,99.24561513798956,80.08183755127436,76.57118014757982,99.2393764143827,99.24566255971838,62668,131.55833333333334
all,record,islam / Hamza and Salma bint Umays,1,99.24562699398074,0.0015597791380201897,538,524,33,63149,479,4,63149,479,4,99.24718677311876,80.27267724593085,76.58095531864531,99.24094795071662,99.2472340960523,62670,131.83507306889354
all,record,islam / Hamza and daughter of al-Milla ibn Malik,1,99.24562699398074,-2.371235501641422e-5,538,524,33,63147,480,4,63147,480,4,99.24560328162572,80.08183755127436,76.56728906006832,99.23936446071883,99.24565070484512,62667,131.55625
all,record,islam / Harb and Safiyyah bint Hazn,1,99.24562699398074,0.00310779997141708,538,524,33,63148,478,4,63148,478,4,99.24873479395215,80.20906401437868,76.58304999815935,99.24249567813925,99.24878202105924,62670,132.10878661087867
all,record,islam / Hasan al-Askari and Narjis,1,99.24562699398074,-1.1855991175480085e-5,538,524,33,63148,480,4,63148,480,4,99.24561513798956,80.08183755127436,76.57118014757982,99.2393764143827,99.24566255971838,62668,131.55833333333334
all,record,islam / Hasan ibn Ali (remaining mothers; al-Mufid),1,99.24562699398074,0.006192373838061371,538,524,33,63145,476,4,63145,476,4,99.2518193678188,80.1772573986026,76.58340717673435,99.24557956777996,99.25186640471513,62669,132.6575630252101
all,record,islam / Hasan ibn Ali and Khawla bint Manzur,1,99.24562699398074,-1.1855991175480085e-5,538,524,33,63148,480,4,63148,480,4,99.24561513798956,80.08183755127436,76.57118014757982,99.2393764143827,99.24566255971838,62668,131.55833333333334
all,record,islam / Hasan ibn Ali and Umm Bashir,1,99.24562699398074,0.00310779997141708,538,524,33,63148,478,4,63148,478,4,99.24873479395215,80.20906401437868,76.58304999815935,99.24249567813925,99.24878202105924,62670,132.10878661087867
all,record,islam / Hasan ibn Ali and Umm Ishaq,1,99.24562699398074,0.0015361154399471388,538,524,33,63147,479,4,63147,479,4,99.24716310942068,80.14545078282653,76.57321135195707,99.24092409240924,99.24721043532925,62668,131.83089770354906
all,record,islam / Hashim and Salma bint Amr,1,99.24562699398074,0.0015479474749326982,538,524,33,63148,479,4,63148,479,4,99.24717494145567,80.1772573986026,76.57709586599162,99.2409360217504,99.2472222658767,62669,131.83298538622128
all,record,islam / Husayn ibn Ali and Layla,1,99.24562699398074,-1.1855991175480085e-5,538,524,33,63148,480,4,63148,480,4,99.24561513798956,80.08183755127436,76.57118014757982,99.2393764143827,99.24566255971838,62668,131.55833333333334
all,record,islam / Husayn ibn Ali and Rabab,1,99.24562699398074,0.0015479474749326982,538,524,33,63148,479,4,63148,479,4,99.24717494145567,80.1772573986026,76.57709586599162,99.2409360217504,99.2472222658767,62669,131.83298538622128
all,record,islam / Husayn ibn Ali and Shahrbanu,1,99.24562699398074,-1.1855991175480085e-5,538,524,33,63148,480,4,63148,480,4,99.24561513798956,80.08183755127436,76.57118014757982,99.2393764143827,99.24566255971838,62668,131.55833333333334
all,record,islam / Husayn ibn Ali and Umm Ishaq,1,99.24562699398074,0.0015597791380201897,538,524,33,63149,479,4,63149,479,4,99.24718677311876,80.27267724593085,76.58095531864531,99.24094795071662,99.2472340960523,62670,131.83507306889354
all,record,islam / Husayn ibn Ali and woman of Qudaa,1,99.24562699398074,-1.1855991175480085e-5,538,524,33,63148,480,4,63148,480,4,99.24561513798956,80.08183755127436,76.57118014757982,99.2393764143827,99.24566255971838,62668,131.55833333333334
all,record,islam / Ja'far al-Sadiq (remaining mothers; al-Mufid),1,99.24562699398074,0.003095992266807457,538,524,33,63147,478,4,63147,478,4,99.24872298624754,80.1772573986026,76.57917222555193,99.24248377312232,99.24877021483914,62669,132.10669456066947
all,record,islam / Ja'far al-Sadiq and Fatimah bint al-Husayn II,1,99.24562699398074,0.0015361154399471388,538,524,33,63147,479,4,63147,479,4,99.24716310942068,80.14545078282653,76.57321135195707,99.24092409240924,99.24721043532925,62668,131.83089770354906
all,record,islam / Ja'far al-Sadiq and mother of Musa (unnamed),1,99.24562699398074,-3.5569091537013264e-5,538,524,33,63146,480,4,63146,480,4,99.2455914248892,80.08183755127436,76.56337270575479,99.23935250667924,99.24563884959925,62666,131.55416666666667
all,record,islam / Ja'far and Asma bint Umays,1,99.24562699398074,-3.5569091537013264e-5,538,524,33,63146,480,4,63146,480,4,99.2455914248892,80.08183755127436,76.56337270575479,99.23935250667924,99.24563884959925,62666,131.55416666666667
all,record,islam / Khalid ibn al-Walid (Ibn Hazm enumeration),1,99.24562699398074,-4.742620077990978e-5,538,524,33,63145,480,4,63145,480,4,99.24557956777996,80.08183755127436,76.55943083773236,99.23934055226391,99.24562699398074,62665,131.55208333333334
all,record,islam / Mohammed and Khadijah,1,99.24562699398074,0.0062158930255407085,538,524,33,63147,476,4,63147,476,4,99.25184288700628,80.20906401437868,76.59121123582878,99.24560328162572,99.25188992094552,62671,132.66176470588235
all,record,islam / Mohammed and Maria al-Qibtiyya,1,99.24562699398074,-1.1855991175480085e-5,538,524,33,63148,480,4,63148,480,4,99.24561513798956,80.08183755127436,76.57118014757982,99.2393764143827,99.24566255971838,62668,131.55833333333334
all,record,islam / Mu'awiya and Fakhitah bint Qarazah,1,99.24562699398074,0.0015479474749326982,538,524,33,63148,479,4,63148,479,4,99.24717494145567,80.1772573986026,76.57709586599162,99.2409360217504,99.2472222658767,62669,131.83298538622128
all,record,islam / Mu'awiya and Maysun bint Bahdal,1,99.24562699398074,-1.1855991175480085e-5,538,524,33,63148,480,4,63148,480,4,99.24561513798956,80.08183755127436,76.57118014757982,99.2393764143827,99.24566255971838,62668,131.55833333333334
all,record,islam / Muhammad al-Baqir (remaining mothers; al-Mufid),1,99.24562699398074,0.00310779997141708,538,524,33,63148,478,4,63148,478,4,99.24873479395215,80.20906401437868,76.58304999815935,99.24249567813925,99.24878202105924,62670,132.10878661087867
all,record,islam / Muhammad al-Baqir and Umm Farwa,1,99.24562699398074,-2.371235501641422e-5,538,524,33,63147,480,4,63147,480,4,99.24560328162572,80.08183755127436,76.56728906006832,99.23936446071883,99.24565070484512,62667,131.55625
all,record,islam / Muhammad al-Baqir and Umm Hakim bint Asid,1,99.24562699398074,-2.371235501641422e-5,538,524,33,63147,480,4,63147,480,4,99.24560328162572,80.08183755127436,76.56728906006832,99.23936446071883,99.24565070484512,62667,131.55625
all,record,islam / Muhammad al-Jawad (other children; mothers unassigned),1,99.24562699398074,0.00310779997141708,538,524,33,63148,478,4,63148,478,4,99.24873479395215,80.20906401437868,76.58304999815935,99.24249567813925,99.24878202105924,62670,132.10878661087867
all,record,islam / Muhammad al-Jawad and Summana,1,99.24562699398074,-1.1855991175480085e-5,538,524,33,63148,480,4,63148,480,4,99.24561513798956,80.08183755127436,76.57118014757982,99.2393764143827,99.24566255971838,62668,131.55833333333334
all,record,islam / Musa al-Kadhim (remaining mothers; al-Mufid),1,99.24562699398074,0.02945045165007798,538,524,33,63132,461,4,63132,461,4,99.27507744563081,80.18255850123195,76.62752067899366,99.2688334355394,99.27512304039499,62671,136.94577006507592
all,record,islam / Musa al-Kadhim and Umm al-Banin,1,99.24562699398074,-1.1855991175480085e-5,538,524,33,63148,480,4,63148,480,4,99.24561513798956,80.08183755127436,76.57118014757982,99.2393764143827,99.24566255971838,62668,131.55833333333334
all,record,islam / Sa'd ibn Abi Waqqas (remaining mothers; Ibn Sa'd),1,99.24562699398074,0.0031196073048818107,538,524,33,63149,478,4,63149,478,4,99.24874660128562,80.27267724593085,76.58690267191493,99.24250758278198,99.24879382690827,62671,132.11087866108787
all,record,islam / Sa'd ibn Abi Waqqas and Khawla bint Amr,1,99.24562699398074,-1.1855991175480085e-5,538,524,33,63148,480,4,63148,480,4,99.24561513798956,80.08183755127436,76.57118014757982,99.2393764143827,99.24566255971838,62668,131.55833333333334
all,record,islam / Sa'd ibn Abi Waqqas and Mawiyya bint Qays,1,99.24562699398074,0.004655918127909331,538,524,33,63147,477,4,63147,477,4,99.25028291210864,80.19634136806825,76.58517205910493,99.24404350286038,99.25033004337713,62670,132.38364779874215
all,record,islam / Sa'd ibn Abi Waqqas and Salma bint Khasafa,1,99.24562699398074,0.004644134384790277,538,524,33,63146,477,4,63146,477,4,99.25027112836553,80.1772573986026,76.5812758160573,99.24403162179578,99.25031826111557,62669,132.38155136268344
all,record,islam / Sa'd ibn Abi Waqqas and Salma of Taghlib,1,99.24562699398074,-1.1855991175480085e-5,538,524,33,63148,480,4,63148,480,4,99.24561513798956,80.08183755127436,76.57118014757982,99.2393764143827,99.24566255971838,62668,131.55833333333334
all,record,islam / Sa'd ibn Abi Waqqas and Tayba bint Amir,1,99.24562699398074,-1.1855991175480085e-5,538,524,33,63148,480,4,63148,480,4,99.24561513798956,80.08183755127436,76.57118014757982,99.2393764143827,99.24566255971838,62668,131.55833333333334
all,record,islam / Sa'd ibn Abi Waqqas and Umm Amir bint Amr,1,99.24562699398074,0.001524283033020879,538,524,33,63146,479,4,63146,479,4,99.24715127701376,80.12954747493849,76.56930153164215,99.2409121626931,99.24719860440995,62667,131.82881002087683
all,record,islam / Sa'd ibn Abi Waqqas and Umm Hakim bint Qariz,1,99.24562699398074,0.0015479474749326982,538,524,33,63148,479,4,63148,479,4,99.24717494145567,80.1772573986026,76.57709586599162,99.2409360217504,99.2472222658767,62669,131.83298538622128
all,record,islam / Sa'd ibn Abi Waqqas and Umm Hilal bint Rabi,1,99.24562699398074,0.0015361154399471388,538,524,33,63147,479,4,63147,479,4,99.24716310942068,80.14545078282653,76.57321135195707,99.24092409240924,99.24721043532925,62668,131.83089770354906
all,record,islam / Sa'd ibn Abi Waqqas and Umm Hujayr,1,99.24562699398074,0.0015479474749326982,538,524,33,63148,479,4,63148,479,4,99.24717494145567,80.1772573986026,76.57709586599162,99.2409360217504,99.2472222658767,62669,131.83298538622128
all,record,islam / Sa'd ibn Abi Waqqas and Zabd,1,99.24562699398074,0.007775916962017959,538,524,33,63147,475,4,63147,475,4,99.25340291094275,80.21815161888613,76.59729014397844,99.24716310942068,99.2534498475466,62672,132.94105263157894
all,record,islam / Sa'd ibn Abi Waqqas and daughter of Shihab ibn Abdullah,1,99.24562699398074,0.0015479474749326982,538,524,33,63148,479,4,63148,479,4,99.24717494145567,80.1772573986026,76.57709586599162,99.2409360217504,99.2472222658767,62669,131.83298538622128
all,record,islam / Talha ibn Ubaydullah and Hamnah bint Jahsh,1,99.24562699398074,-2.371235501641422e-5,538,524,33,63147,480,4,63147,480,4,99.24560328162572,80.08183755127436,76.56728906006832,99.23936446071883,99.24565070484512,62667,131.55625
all,record,islam / Talut (wife unnamed),1,99.24562699398074,0.0014059385037370475,538,524,33,63136,479,4,63136,479,4,99.24703293248447,80.09546895803553,76.5287552468949,99.24079284490482,99.24708027476069,62657,131.8079331941545
all,record,islam / Umar and Atikah bint Zayd,1,99.24562699398074,-1.1855991175480085e-5,538,524,33,63148,480,4,63148,480,4,99.24561513798956,80.08183755127436,76.57118014757982,99.2393764143827,99.24566255971838,62668,131.55833333333334
all,record,islam / Umar and Umm Kulthum bint Ali,1,99.24562699398074,0.0015479474749326982,538,524,33,63148,479,4,63148,479,4,99.24717494145567,80.1772573986026,76.57709586599162,99.2409360217504,99.2472222658767,62669,131.83298538622128
all,record,islam / Umar and Zaynab bint Mazun,1,99.24562699398074,0.0015361154399471388,538,524,33,63147,479,4,63147,479,4,99.24716310942068,80.14545078282653,76.57321135195707,99.24092409240924,99.24721043532925,62668,131.83089770354906
all,record,islam / Umayya and Ama bint Abi Hamhama,1,99.24562699398074,0.0015006171033036253,538,524,33,63144,479,4,63144,479,4,99.24712761108404,80.11364416705045,76.56140497651432,99.24088830213589,99.24717494145567,62665,131.82463465553235
all,record,islam / Umayya and Amina bint Aban,1,99.24562699398074,0.0046323502712510845,538,524,33,63145,477,4,63145,477,4,99.25025934425199,80.16362599184143,76.57735393983171,99.24401974035771,99.25030647848364,62668,132.37945492662473
all,record,islam / Uthman and Fatimah bint al-Walid,1,99.24562699398074,0.0015361154399471388,538,524,33,63147,479,4,63147,479,4,99.24716310942068,80.14545078282653,76.57321135195707,99.24092409240924,99.24721043532925,62668,131.83089770354906
all,record,islam / Uthman and Ramlah bint Shaybah,1,99.24562699398074,0.004679484502901232,538,524,33,63149,477,4,63149,477,4,99.25030647848364,80.27267724593085,76.59288864436164,99.24406726386924,99.25035360678925,62672,132.38784067085953
all,record,islam / Uthman and Ruqayyah bint Muhammad,1,99.24562699398074,-1.1855991175480085e-5,538,524,33,63148,480,4,63148,480,4,99.24561513798956,80.08183755127436,76.57118014757982,99.2393764143827,99.24566255971838,62668,131.55833333333334
all,record,islam / Zubayr ibn al-Awwam and Asma bint Abi Bakr,1,99.24562699398074,0.0046323502712510845,538,524,33,63145,477,4,63145,477,4,99.25025934425199,80.16362599184143,76.57735393983171,99.24401974035771,99.25030647848364,62668,132.37945492662473
all,record,jain / Mahavira (24th Tirthankara) and Yashoda,1,99.24562699398074,0.0015597791380201897,538,524,33,63149,479,4,63149,479,4,99.24718677311876,80.27267724593085,76.60205566270598,99.24094795071662,99.2472340960523,62670,131.83507306889354
all,record,jain / Nabhi and Marudevi,1,99.24562699398074,0.0015479474749326982,538,524,33,63148,479,4,63148,479,4,99.24717494145567,80.1772573986026,76.6009869612317,99.2409360217504,99.2472222658767,62669,131.83298538622128
all,record,jain / Rishabhanatha and Sumangala,1,99.24562699398074,3.8663758910217894e-4,538,524,33,63050,479,4,63050,479,4,99.24601363156984,80.08374594822092,75.20018650382747,99.23976516141218,99.24606110210442,62571,131.62839248434238
all,record,jain / Rishabhanatha and Sunanda,1,99.24562699398074,0.0015479474749326982,538,524,33,63148,479,4,63148,479,4,99.24717494145567,80.1772573986026,76.6009869612317,99.2409360217504,99.2472222658767,62669,131.83298538622128
all,record,jain / Siddhartha and Trishala,1,99.24562699398074,0.0015361154399471388,538,524,33,63147,479,4,63147,479,4,99.24716310942068,80.14545078282653,76.59989790353887,99.24092409240924,99.24721043532925,62668,131.83089770354906
all,record,kalevala / Ilmatar (Water-Mother),1,99.24562699398074,-1.1855991175480085e-5,538,524,33,63148,480,4,63148,480,4,99.24561513798956,80.08183755127436,76.06999570697,99.2393764143827,99.24566255971838,62668,131.55833333333334
all,record,kalevala / Louhi (children in Runo 38; father unassigned),1,99.24562699398074,0.00310779997141708,538,524,33,63148,478,4,63148,478,4,99.24873479395215,80.20906401437868,78.09019772717203,99.24249567813925,99.24878202105924,62670,132.10878661087867
all,record,king_gesar / Senglon Gyalpo and Lhakar Dronma,1,99.24562699398074,-1.1855991175480085e-5,538,524,33,63148,480,4,63148,480,4,99.24561513798956,80.08183755127436,76.57504621202051,99.2393764143827,99.24566255971838,62668,131.55833333333334
all,record,king_gesar / Senglon Gyalpo and mother of Gyatsa (unnamed),1,99.24562699398074,-1.1855991175480085e-5,538,524,33,63148,480,4,63148,480,4,99.24561513798956,80.08183755127436,76.57504621202051,99.2393764143827,99.24566255971838,62668,131.55833333333334
all,record,kojiki / Amaterasu (ukehi claimed offspring),1,99.24562699398074,-5.9283682730892906e-5,538,524,33,63144,480,4,63144,480,4,99.245567710298,80.08183755127436,76.42465896485908,99.2393285974728,99.24561513798956,62664,131.55
all,record,kojiki / Izanagi (Three Precious Children),1,99.24562699398074,0.0015361154399471388,538,524,33,63147,479,4,63147,479,4,99.24716310942068,80.14545078282653,76.59948413968425,99.24092409240924,99.24721043532925,62668,131.83089770354906
all,record,kojiki / Izanagi and Izanami (direct deity births),1,99.24562699398074,0.0060982822992770025,538,524,33,63137,476,2,63137,476,2,99.25172527628001,80.12954747493849,76.5489790891792,99.24860488878409,99.25174880138331,62661,132.640756302521
all,record,kojiki / Ninigi and Konohanasakuya-hime,1,99.24562699398074,-3.5569091537013264e-5,538,524,33,63146,480,4,63146,480,4,99.2455914248892,80.08183755127436,76.49125903145914,99.23935250667924,99.24563884959925,62666,131.55416666666667
all,record,kojiki / Susanoo (ukehi claimed offspring),1,99.24562699398074,0.004679484502901232,538,524,33,63149,477,4,63149,477,4,99.25030647848364,80.27267724593085,76.81593435613446,99.24406726386924,99.25035360678925,62672,132.38784067085953
all,record,kojiki / Susanoo and Kushinadahime,1,99.24562699398074,-1.1855991175480085e-5,538,524,33,63148,480,4,63148,480,4,99.24561513798956,80.08183755127436,76.5489790891792,99.2393764143827,99.24566255971838,62668,131.55833333333334
all,record,koroghlu / Koroghlu and Nigar,1,99.24562699398074,-1.1855991175480085e-5,538,524,32,63148,480,4,63148,480,4,99.24561513798956,80.08183755127436,75.84301640614615,99.2393764143827,99.24566255971838,62668,131.55833333333334
all,record,mahabharat / Abhimanyu and Uttara,1,99.24562699398074,-1.1855991175480085e-5,538,524,33,63148,480,4,63148,480,4,99.24561513798956,80.08183755127436,76.57498808203314,99.2393764143827,99.24566255971838,62668,131.55833333333334
all,record,mahabharat / Adhiratha and Radha,1,99.24562699398074,-1.1855991175480085e-5,538,524,33,63148,480,4,63148,480,4,99.24561513798956,80.08183755127436,76.57498808203314,99.2393764143827,99.24566255971838,62668,131.55833333333334
all,record,mahabharat / Agni and Svaha,1,99.24562699398074,-3.5569091537013264e-5,538,524,33,63146,480,4,63146,480,4,99.2455914248892,80.08183755127436,76.57487159138384,99.23935250667924,99.24563884959925,62666,131.55416666666667
all,record,mahabharat / Agni and mother of Agneyi (unnamed),1,99.24562699398074,0.0015597791380201897,538,524,33,63149,479,4,63149,479,4,99.24718677311876,80.27267724593085,76.57698960318922,99.24094795071662,99.2472340960523,62670,131.83507306889354
all,record,mahabharat / Angiras and Subha,1,99.24562699398074,0.012467944717784007,538,524,33,63148,472,4,63148,472,4,99.25809493869852,80.25147283541345,76.59061749026388,99.25185464604552,99.25814158179304,62676,133.78813559322035
all,record,mahabharat / Aniruddha and Rocana,1,99.24562699398074,-1.1855991175480085e-5,538,524,33,63148,480,4,63148,480,4,99.24561513798956,80.08183755127436,76.57498808203314,99.2393764143827,99.24566255971838,62668,131.55833333333334
all,record,mahabharat / Aniruddha and Subhadra (Wilson account),1,99.24562699398074,0,538,525,33,63149,480,4,63149,480,4,99.24562699398074,80.11977690831955,76.57504621202051,99.23938836767087,99.24567441421904,62669,131.56041666666667
all,record,mahabharat / Arjuna and Chitrangada,1,99.24562699398074,-1.1855991175480085e-5,538,524,33,63148,480,4,63148,480,4,99.24561513798956,80.08183755127436,76.57498808203314,99.2393764143827,99.24566255971838,62668,131.55833333333334
all,record,mahabharat / Arjuna and Draupadi,1,99.24562699398074,-1.1855991175480085e-5,538,524,33,63148,480,4,63148,480,4,99.24561513798956,80.08183755127436,76.57498808203314,99.2393764143827,99.24566255971838,62668,131.55833333333334
all,record,mahabharat / Arjuna and Subhadra,1,99.24562699398074,-1.1855991175480085e-5,538,524,33,63148,480,4,63148,480,4,99.24561513798956,80.08183755127436,76.57498808203314,99.2393764143827,99.24566255971838,62668,131.55833333333334
all,record,mahabharat / Arjuna and Ulupi,1,99.24562699398074,-1.1855991175480085e-5,538,524,33,63148,480,4,63148,480,4,99.24561513798956,80.08183755127436,76.57498808203314,99.2393764143827,99.24566255971838,62668,131.55833333333334
all,record,mahabharat / Ashvapati and Malavi,1,99.24562699398074,3.74769021405541e-4,538,524,33,63049,479,4,63049,479,4,99.24600176300214,80.08372705320166,76.57090294055051,99.2397531952402,99.24604923503117,62570,131.62630480167016
all,record,mahabharat / Bahlika and wife (unnamed),1,99.24562699398074,0.0015479474749326982,538,524,33,63148,479,4,63148,479,4,99.24717494145567,80.1772573986026,76.57693271924362,99.2409360217504,99.2472222658767,62669,131.83298538622128
all,record,mahabharat / Balarama and Revati,1,99.24562699398074,-2.371235501641422e-5,538,524,33,63147,480,4,63147,480,4,99.24560328162572,80.08183755127436,76.57492987520507,99.23936446071883,99.24565070484512,62667,131.55625
all,record,mahabharat / Bhagadatta and wife (unnamed),1,99.24562699398074,-1.1855991175480085e-5,538,524,33,63148,480,4,63148,480,4,99.24561513798956,80.08183755127436,76.57498808203314,99.2393764143827,99.24566255971838,62668,131.55833333333334
all,record,mahabharat / Bharadvaja (Drona; vessel birth),1,99.24562699398074,-1.1855991175480085e-5,538,524,33,63148,480,4,63148,480,4,99.24561513798956,80.08183755127436,76.57498808203314,99.2393764143827,99.24566255971838,62668,131.55833333333334
all,record,"mahabharat / Bharadvaja and wife (unnamed, other tradition)",1,99.24562699398074,-1.1855991175480085e-5,538,524,33,63148,480,4,63148,480,4,99.24561513798956,80.08183755127436,76.57498808203314,99.2393764143827,99.24566255971838,62668,131.55833333333334
all,record,mahabharat / Bharata (sons; mothers unassigned),1,99.24562699398074,-1.1857668401660248e-4,538,524,33,63139,480,4,63139,480,4,99.24550841729672,80.08183755127436,76.57446143593494,99.23926881788033,99.2455558524433,62659,131.53958333333333
all,record,mahabharat / Bhima and Draupadi,1,99.24562699398074,-1.1855991175480085e-5,538,524,33,63148,480,4,63148,480,4,99.24561513798956,80.08183755127436,76.57498808203314,99.2393764143827,99.24566255971838,62668,131.55833333333334
all,record,mahabharat / Bhima and Hidimbi,1,99.24562699398074,-1.1855991175480085e-5,538,524,33,63148,480,4,63148,480,4,99.24561513798956,80.08183755127436,76.57498808203314,99.2393764143827,99.24566255971838,62668,131.55833333333334
all,record,mahabharat / Bhima and Valandhara,1,99.24562699398074,-1.1855991175480085e-5,538,524,33,63148,480,4,63148,480,4,99.24561513798956,80.08183755127436,76.57498808203314,99.2393764143827,99.24566255971838,62668,131.55833333333334
all,record,mahabharat / Bhrigu and Puloma,1,99.24562699398074,-1.1855991175480085e-5,538,524,33,63148,480,4,63148,480,4,99.24561513798956,80.08183755127436,76.57498808203314,99.2393764143827,99.24566255971838,62668,131.55833333333334
all,record,mahabharat / Bhrigu and mother of Shukra (unnamed),1,99.24562699398074,-1.1855991175480085e-5,538,524,33,63148,480,4,63148,480,4,99.24561513798956,80.08183755127436,76.57498808203314,99.2393764143827,99.24566255971838,62668,131.55833333333334
all,record,mahabharat / Brihaspati and Mamataa,1,99.24562699398074,-1.1855991175480085e-5,538,524,33,63148,480,4,63148,480,4,99.24561513798956,80.08183755127436,76.57498808203314,99.2393764143827,99.24566255971838,62668,131.55833333333334
all,record,mahabharat / Brihaspati and mother of Kacha (unnamed),1,99.24562699398074,-1.1855991175480085e-5,538,524,33,63148,480,4,63148,480,4,99.24561513798956,80.08183755127436,76.57498808203314,99.2393764143827,99.24566255971838,62668,131.55833333333334
all,record,mahabharat / Budha and Ila,1,99.24562699398074,-1.1855991175480085e-5,538,524,33,63148,480,4,63148,480,4,99.24561513798956,80.08183755127436,76.57498808203314,99.2393764143827,99.24566255971838,62668,131.55833333333334
all,record,mahabharat / Chandra and Tara,1,99.24562699398074,-1.1855991175480085e-5,538,524,33,63148,480,4,63148,480,4,99.24561513798956,80.08183755127436,76.57498808203314,99.2393764143827,99.24566255971838,62668,131.55833333333334
all,record,mahabharat / Chandra and mother of Varchas (unnamed),1,99.24562699398074,-1.1855991175480085e-5,538,524,33,63148,480,4,63148,480,4,99.24561513798956,80.08183755127436,76.57498808203314,99.2393764143827,99.24566255971838,62668,131.55833333333334
all,record,mahabharat / Devaka and mother of children (unassigned),1,99.24562699398074,0.010872738799292847,538,524,33,63145,473,4,63145,473,4,99.25649973278003,80.20328099332849,76.58850633462852,99.25025934425199,99.25654647763352,62672,133.49894291754757
all,record,mahabharat / Devaki and Vasudev,1,99.24562699398074,-8.299976489922756e-5,538,524,33,63142,480,4,63142,480,4,99.24554399421584,80.08183755127436,76.57463768310396,99.23930468676328,99.2455914248892,62662,131.54583333333332
all,record,mahabharat / Dhrishtadyumna and wife (unnamed),1,99.24562699398074,-4.742620077990978e-5,538,524,33,63145,480,4,63145,480,4,99.24557956777996,80.08183755127436,76.5748132304166,99.23934055226391,99.24562699398074,62665,131.55208333333334
all,record,mahabharat / Dhritarashtra and Gandhari,1,99.24562699398074,3.74769021405541e-4,538,524,33,63049,479,4,63049,479,4,99.24600176300214,80.08372705320166,76.57090294055051,99.2397531952402,99.24604923503117,62570,131.62630480167016
all,record,mahabharat / Dhritarashtra and Vaisya mother (unnamed),1,99.24562699398074,-1.1855991175480085e-5,538,524,33,63148,480,4,63148,480,4,99.24561513798956,80.08183755127436,76.57498808203314,99.2393764143827,99.24566255971838,62668,131.55833333333334
all,record,mahabharat / Drona and Kripi,1,99.24562699398074,-1.1855991175480085e-5,538,524,33,63148,480,4,63148,480,4,99.24561513798956,80.08183755127436,76.57498808203314,99.2393764143827,99.24566255971838,62668,131.55833333333334
all,record,mahabharat / Drupad (children; mothers unassigned),1,99.24562699398074,0.001441445769017946,538,524,33,63139,479,4,63139,479,4,99.24706843974975,80.09918661442494,76.57641735977359,99.24082864417969,99.24711577756122,62660,131.8141962421712
all,record,mahabharat / Duryodhana and mother of children (unassigned),1,99.24562699398074,0.0015479474749326982,538,524,33,63148,479,4,63148,479,4,99.24717494145567,80.1772573986026,76.57693271924362,99.2409360217504,99.2472222658767,62669,131.83298538622128
all,record,mahabharat / Dushasan and wife (unnamed),1,99.24562699398074,-1.1855991175480085e-5,538,524,33,63148,480,4,63148,480,4,99.24561513798956,80.08183755127436,76.57498808203314,99.2393764143827,99.24566255971838,62668,131.55833333333334
all,record,mahabharat / Dushyanta and Shakuntla,1,99.24562699398074,-1.1855991175480085e-5,538,524,33,63148,480,4,63148,480,4,99.24561513798956,80.08183755127436,76.57498808203314,99.2393764143827,99.24566255971838,62668,131.55833333333334
all,record,mahabharat / Ekalavya and wife (unnamed),1,99.24562699398074,-1.1855991175480085e-5,538,524,33,63148,480,4,63148,480,4,99.24561513798956,80.08183755127436,76.57498808203314,99.2393764143827,99.24566255971838,62668,131.55833333333334
all,record,mahabharat / Ghatotkacha and Kamakatankata,1,99.24562699398074,-1.1855991175480085e-5,538,524,33,63148,480,4,63148,480,4,99.24561513798956,80.08183755127436,76.57498808203314,99.2393764143827,99.24566255971838,62668,131.55833333333334
all,record,mahabharat / Ghatotkacha and mothers of sons (unassigned),1,99.24562699398074,-2.371235501641422e-5,538,524,33,63147,480,4,63147,480,4,99.24560328162572,80.08183755127436,76.57492987520507,99.23936446071883,99.24565070484512,62667,131.55625
all,record,mahabharat / Janamejaya and Vapusthama,1,99.24562699398074,-2.371235501641422e-5,538,524,33,63147,480,4,63147,480,4,99.24560328162572,80.08183755127436,76.57492987520507,99.23936446071883,99.24565070484512,62667,131.55625
all,record,mahabharat / Jarasandha and wife (unnamed),1,99.24562699398074,0.003095992266807457,538,524,33,63147,478,4,63147,478,4,99.24872298624754,80.1772573986026,76.5788242205295,99.24248377312232,99.24877021483914,62669,132.10669456066947
all,record,mahabharat / Jaratkaru and Manasa,1,99.24562699398074,-1.1855991175480085e-5,538,524,33,63148,480,4,63148,480,4,99.24561513798956,80.08183755127436,76.57498808203314,99.2393764143827,99.24566255971838,62668,131.55833333333334
all,record,mahabharat / Jayadratha and Dushala,1,99.24562699398074,-1.1855991175480085e-5,538,524,33,63148,480,4,63148,480,4,99.24561513798956,80.08183755127436,76.57498808203314,99.2393764143827,99.24566255971838,62668,131.55833333333334
all,record,mahabharat / Karna (sons; mothers unassigned),1,99.24562699398074,-7.114153743259521e-5,538,524,33,63143,480,4,63143,480,4,99.2455558524433,80.08183755127436,76.57469627643053,99.23931664230594,99.24560328162572,62663,131.54791666666668
all,record,mahabharat / Kashyapa and Kadru,1,99.24562699398074,-0.012045106995472565,538,524,33,62149,480,4,62149,480,4,99.23358188698526,80.08183755127436,76.40415533652519,99.22724442386601,99.23363083358613,61669,129.47708333333333
all,record,mahabharat / Krishna and Bhadra,1,99.24562699398074,-1.1857668401660248e-4,538,524,33,63139,480,4,63139,480,4,99.24550841729672,80.08183755127436,76.57446143593494,99.23926881788033,99.2455558524433,62659,131.53958333333333
all,record,mahabharat / Krishna and Jambavati,1,99.24562699398074,-1.1857668401660248e-4,538,524,33,63139,480,4,63139,480,4,99.24550841729672,80.08183755127436,76.57446143593494,99.23926881788033,99.2455558524433,62659,131.53958333333333
all,record,mahabharat / Krishna and Kalindi,1,99.24562699398074,-1.1857668401660248e-4,538,524,33,63139,480,4,63139,480,4,99.24550841729672,80.08183755127436,76.57446143593494,99.23926881788033,99.2455558524433,62659,131.53958333333333
all,record,mahabharat / Krishna and Lakshmana,1,99.24562699398074,-1.1857668401660248e-4,538,524,33,63139,480,4,63139,480,4,99.24550841729672,80.08183755127436,76.57446143593494,99.23926881788033,99.2455558524433,62659,131.53958333333333
all,record,mahabharat / Krishna and Mitravinda,1,99.24562699398074,-1.1857668401660248e-4,538,524,33,63139,480,4,63139,480,4,99.24550841729672,80.08183755127436,76.57446143593494,99.23926881788033,99.2455558524433,62659,131.53958333333333
all,record,mahabharat / Krishna and Rukmini,1,99.24562699398074,0.001441445769017946,538,524,33,63139,479,4,63139,479,4,99.24706843974975,80.09918661442494,76.57641735977359,99.24082864417969,99.24711577756122,62660,131.8141962421712
all,record,mahabharat / Krishna and Satya (Nagnajiti),1,99.24562699398074,-1.1857668401660248e-4,538,524,33,63139,480,4,63139,480,4,99.24550841729672,80.08183755127436,76.57446143593494,99.23926881788033,99.2455558524433,62659,131.53958333333333
all,record,mahabharat / Krishna and Satyabhama,1,99.24562699398074,-1.1857668401660248e-4,538,524,33,63139,480,4,63139,480,4,99.24550841729672,80.08183755127436,76.57446143593494,99.23926881788033,99.2455558524433,62659,131.53958333333333
all,record,mahabharat / Kunti (via divine mantras; no mortal father),1,99.24562699398074,-3.5569091537013264e-5,538,524,33,63146,480,4,63146,480,4,99.2455914248892,80.08183755127436,76.57487159138384,99.23935250667924,99.24563884959925,62666,131.55416666666667
all,record,mahabharat / Madri (via Ashwini Kumaras),1,99.24562699398074,-2.371235501641422e-5,538,524,33,63147,480,4,63147,480,4,99.24560328162572,80.08183755127436,76.57492987520507,99.23936446071883,99.24565070484512,62667,131.55625
all,record,mahabharat / Mrityu and mother of Sunitha (unnamed),1,99.24562699398074,0.0015597791380201897,538,524,33,63149,479,4,63149,479,4,99.24718677311876,80.27267724593085,76.57698960318922,99.24094795071662,99.2472340960523,62670,131.83507306889354
all,record,mahabharat / Nahusa and mother of sons (unassigned),1,99.24562699398074,-7.114153743259521e-5,538,524,33,63143,480,4,63143,480,4,99.2455558524433,80.08183755127436,76.57469627643053,99.23931664230594,99.24560328162572,62663,131.54791666666668
all,record,mahabharat / Nakula and Draupadi,1,99.24562699398074,-1.1855991175480085e-5,538,524,33,63148,480,4,63148,480,4,99.24561513798956,80.08183755127436,76.57498808203314,99.2393764143827,99.24566255971838,62668,131.55833333333334
all,record,mahabharat / Nakula and Karenumati,1,99.24562699398074,-1.1855991175480085e-5,538,524,33,63148,480,4,63148,480,4,99.24561513798956,80.08183755127436,76.57498808203314,99.2393764143827,99.24566255971838,62668,131.55833333333334
all,record,mahabharat / Nala and Damayanti,1,99.24562699398074,0.0015479474749326982,538,524,33,63148,479,4,63148,479,4,99.24717494145567,80.1772573986026,76.57693271924362,99.2409360217504,99.2472222658767,62669,131.83298538622128
all,record,mahabharat / Narakasura and wife (unnamed),1,99.24562699398074,-1.1855991175480085e-5,538,524,33,63148,480,4,63148,480,4,99.24561513798956,80.08183755127436,76.57498808203314,99.2393764143827,99.24566255971838,62668,131.55833333333334
all,record,mahabharat / Parasara and Satyavati,1,99.24562699398074,-1.1855991175480085e-5,538,524,33,63148,480,4,63148,480,4,99.24561513798956,80.08183755127436,76.57498808203314,99.2393764143827,99.24566255971838,62668,131.55833333333334
all,record,mahabharat / Parikshit and Madravati,1,99.24562699398074,-1.1855991175480085e-5,538,524,33,63148,480,4,63148,480,4,99.24561513798956,80.08183755127436,76.57498808203314,99.2393764143827,99.24566255971838,62668,131.55833333333334
all,record,mahabharat / Pradyumna and Rukmavati,1,99.24562699398074,-1.1855991175480085e-5,538,524,33,63148,480,4,63148,480,4,99.24561513798956,80.08183755127436,76.57498808203314,99.2393764143827,99.24566255971838,62668,131.55833333333334
all,record,mahabharat / Pururavas and Urvashi,1,99.24562699398074,-7.114153743259521e-5,538,524,33,63143,480,4,63143,480,4,99.2455558524433,80.08183755127436,76.57469627643053,99.23931664230594,99.24560328162572,62663,131.54791666666668
all,record,mahabharat / Sahadeva and Draupadi,1,99.24562699398074,-1.1855991175480085e-5,538,524,33,63148,480,4,63148,480,4,99.24561513798956,80.08183755127436,76.57498808203314,99.2393764143827,99.24566255971838,62668,131.55833333333334
all,record,mahabharat / Sahadeva and Vijaya,1,99.24562699398074,-1.1855991175480085e-5,538,524,33,63148,480,4,63148,480,4,99.24561513798956,80.08183755127436,76.57498808203314,99.2393764143827,99.24566255971838,62668,131.55833333333334
all,record,mahabharat / Samvarana and Tapati,1,99.24562699398074,-1.1855991175480085e-5,538,524,33,63148,480,4,63148,480,4,99.24561513798956,80.08183755127436,76.57498808203314,99.2393764143827,99.24566255971838,62668,131.55833333333334
all,record,mahabharat / Shakuni and mother of Uluka (unnamed),1,99.24562699398074,-1.1855991175480085e-5,538,524,33,63148,480,4,63148,480,4,99.24561513798956,80.08183755127436,76.57498808203314,99.2393764143827,99.24566255971838,62668,131.55833333333334
all,record,mahabharat / Shalya and mothers of sons (unassigned),1,99.24562699398074,-2.371235501641422e-5,538,524,33,63147,480,4,63147,480,4,99.24560328162572,80.08183755127436,76.57492987520507,99.23936446071883,99.24565070484512,62667,131.55625
all,record,mahabharat / Shantanu and Ganga,1,99.24562699398074,-9.485836513078993e-5,538,524,33,63141,480,4,63141,480,4,99.2455321356156,80.08183755127436,76.57457901201585,99.2392927308448,99.24557956777996,62661,131.54375
all,record,mahabharat / Shantanu and Satyavati,1,99.24562699398074,-2.371235501641422e-5,538,524,33,63147,480,4,63147,480,4,99.24560328162572,80.08183755127436,76.57492987520507,99.23936446071883,99.24565070484512,62667,131.55625
all,record,mahabharat / Shikhandi and wife (unnamed),1,99.24562699398074,-1.1855991175480085e-5,538,524,33,63148,480,4,63148,480,4,99.24561513798956,80.08183755127436,76.57498808203314,99.2393764143827,99.24566255971838,62668,131.55833333333334
all,record,mahabharat / Shishupala and wife (unnamed),1,99.24562699398074,0.001524283033020879,538,524,33,63146,479,4,63146,479,4,99.24715127701376,80.12954747493849,76.57681872547305,99.2409121626931,99.24719860440995,62667,131.82881002087683
all,record,mahabharat / Shukra and Gau,1,99.24562699398074,-4.742620077990978e-5,538,524,33,63145,480,4,63145,480,4,99.24557956777996,80.08183755127436,76.5748132304166,99.23934055226391,99.24562699398074,62665,131.55208333333334
all,record,mahabharat / Shukra and Jayanti,1,99.24562699398074,0.0015597791380201897,538,524,33,63149,479,4,63149,479,4,99.24718677311876,80.27267724593085,76.57698960318922,99.24094795071662,99.2472340960523,62670,131.83507306889354
all,record,mahabharat / Shukra and Urjasvati (alternate account),1,99.24562699398074,0,538,525,33,63149,480,4,63149,480,4,99.24562699398074,80.11977690831955,76.57504621202051,99.23938836767087,99.24567441421904,62669,131.56041666666667
all,record,mahabharat / Shukra and mother of sons (Adi account),1,99.24562699398074,0,538,525,33,63149,480,4,63149,480,4,99.24562699398074,80.11977690831955,76.57504621202051,99.23938836767087,99.24567441421904,62669,131.56041666666667
all,record,mahabharat / Shurasena and Marisha,1,99.24562699398074,0.007682026046296642,538,524,33,63139,475,4,63139,475,4,99.25330902002703,80.14545078282653,76.58426713411272,99.24706843974975,99.25335596843661,62664,132.9242105263158
all,record,mahabharat / Subala and mother of children (unassigned),1,99.24562699398074,0.0014532807799554348,538,524,33,63140,479,4,63140,479,4,99.24708027476069,80.10092152074,76.57647492632051,99.24084057652107,99.24712761108404,62661,131.81628392484342
all,record,mahabharat / Surya and Chhaya,1,99.24562699398074,0.0015361154399471388,538,524,33,63147,479,4,63147,479,4,99.24716310942068,80.14545078282653,76.57687576005468,99.24092409240924,99.24721043532925,62668,131.83089770354906
all,record,mahabharat / Surya and Kunti,1,99.24562699398074,-1.1855991175480085e-5,538,524,33,63148,480,4,63148,480,4,99.24561513798956,80.08183755127436,76.57498808203314,99.2393764143827,99.24566255971838,62668,131.55833333333334
all,record,mahabharat / Surya and Sanjna,1,99.24562699398074,0.0015006171033036253,538,524,33,63144,479,4,63144,479,4,99.24712761108404,80.11364416705045,76.57670442953213,99.24088830213589,99.24717494145567,62665,131.82463465553235
all,record,mahabharat / Ugrasen and mother of children (unassigned),1,99.24562699398074,0.007693763702206979,538,524,33,63140,475,4,63140,475,4,99.25332075768294,80.14999458508025,76.58431962437174,99.24708027476069,99.25336770461655,62665,132.92631578947368
all,record,mahabharat / Uparicharira (five sons; mothers unassigned),1,99.24562699398074,-5.9283682730892906e-5,538,524,33,63144,480,4,63144,480,4,99.245567710298,80.08183755127436,76.57475479215005,99.2393285974728,99.24561513798956,62664,131.55
all,record,mahabharat / Uparicharira and Adrika,1,99.24562699398074,0.0015479474749326982,538,524,33,63148,479,4,63148,479,4,99.24717494145567,80.1772573986026,76.57693271924362,99.2409360217504,99.2472222658767,62669,131.83298538622128
all,record,mahabharat / Vasudev and Rohini,1,99.24562699398074,-4.742620077990978e-5,538,524,33,63145,480,4,63145,480,4,99.24557956777996,80.08183755127436,76.5748132304166,99.23934055226391,99.24562699398074,62665,131.55208333333334
all,record,mahabharat / Vidura and daughter of Devaka (unnamed),1,99.24562699398074,0,538,525,33,63149,480,2,63149,480,2,99.24562699398074,80.11977690831955,76.57504621202051,99.24250758278198,99.24565070484512,62669,131.56041666666667
all,record,mahabharat / Virata and mothers of children (unassigned),1,99.24562699398074,0.0015124502541397078,538,524,33,63145,479,4,63145,479,4,99.24713944423488,80.12000549020564,76.57676161534893,99.240900232602,99.24718677311876,62666,131.8267223382046
all,record,mahabharat / Vyasa and Ambalika,1,99.24562699398074,-1.1855991175480085e-5,538,524,33,63148,480,4,63148,480,4,99.24561513798956,80.08183755127436,76.57498808203314,99.2393764143827,99.24566255971838,62668,131.55833333333334
all,record,mahabharat / Vyasa and Ambika,1,99.24562699398074,-1.1855991175480085e-5,538,524,33,63148,480,4,63148,480,4,99.24561513798956,80.08183755127436,76.57498808203314,99.2393764143827,99.24566255971838,62668,131.55833333333334
all,record,mahabharat / Vyasa and maid (unnamed),1,99.24562699398074,-1.1855991175480085e-5,538,524,33,63148,480,4,63148,480,4,99.24561513798956,80.08183755127436,76.57498808203314,99.2393764143827,99.24566255971838,62668,131.55833333333334
all,record,mahabharat / Yayati and Devayani,1,99.24562699398074,-2.371235501641422e-5,538,524,33,63147,480,4,63147,480,4,99.24560328162572,80.08183755127436,76.57492987520507,99.23936446071883,99.24565070484512,62667,131.55625
all,record,mahabharat / Yayati and Sharmishtha,1,99.24562699398074,-3.5569091537013264e-5,538,524,33,63146,480,4,63146,480,4,99.2455914248892,80.08183755127436,76.57487159138384,99.23935250667924,99.24563884959925,62666,131.55416666666667
all,record,mahabharat / Yayati and mother of Madhavi (unnamed),1,99.24562699398074,0.0015597791380201897,538,524,33,63149,479,4,63149,479,4,99.24718677311876,80.27267724593085,76.57698960318922,99.24094795071662,99.2472340960523,62670,131.83507306889354
all,record,mahabharat / Yudhishthira and Devika,1,99.24562699398074,-1.1855991175480085e-5,538,524,33,63148,480,4,63148,480,4,99.24561513798956,80.08183755127436,76.57498808203314,99.2393764143827,99.24566255971838,62668,131.55833333333334
all,record,mahabharat / Yudhishthira and Draupadi,1,99.24562699398074,-1.1855991175480085e-5,538,524,33,63148,480,4,63148,480,4,99.24561513798956,80.08183755127436,76.57498808203314,99.2393764143827,99.24566255971838,62668,131.55833333333334
all,record,manas / Jakyp and Chiyirdi (Manas birth account),1,99.24562699398074,-1.1855991175480085e-5,538,524,33,63148,480,4,63148,480,4,99.24561513798956,80.08183755127436,76.57504621202051,99.2393764143827,99.24566255971838,62668,131.55833333333334
all,record,manas / Manas and Kanykei,1,99.24562699398074,-1.1855991175480085e-5,538,524,33,63148,480,4,63148,480,4,99.24561513798956,80.08183755127436,76.57504621202051,99.2393764143827,99.24566255971838,62668,131.55833333333334
all,record,manas / Semetei and Aychurok,1,99.24562699398074,-1.1855991175480085e-5,538,524,33,63148,480,4,63148,480,4,99.24561513798956,80.08183755127436,76.57504621202051,99.2393764143827,99.24566255971838,62668,131.55833333333334
all,record,mesopotamian / Anu (Enlil and Enki; mothers unassigned),1,99.24562699398074,-2.371235501641422e-5,538,524,33,63147,480,4,63147,480,4,99.24560328162572,80.08183755127436,76.38264601962032,99.23936446071883,99.24565070484512,62667,131.55625
all,record,mesopotamian / Enki and Damgalnunna (Enbilulu account),1,99.24562699398074,0,538,525,33,63149,480,4,63149,480,4,99.24562699398074,80.11977690831955,76.57504621202051,99.23938836767087,99.24567441421904,62669,131.56041666666667
all,record,mesopotamian / Enki and Ninhursag,1,99.24562699398074,0.0015597791380201897,538,524,33,63149,479,4,63149,479,4,99.24718677311876,80.27267724593085,76.86965900663331,99.24094795071662,99.2472340960523,62670,131.83507306889354
all,record,mesopotamian / Enlil and Ninlil,1,99.24562699398074,-4.742620077990978e-5,538,524,33,63145,480,4,63145,480,4,99.24557956777996,80.08183755127436,76.03632567329997,99.23934055226391,99.24562699398074,62665,131.55208333333334
all,record,mesopotamian / Namma (Enki maternal account),1,99.24562699398074,0,538,525,33,63149,480,4,63149,480,4,99.24562699398074,80.11977690831955,76.57504621202051,99.23938836767087,99.24567441421904,62669,131.56041666666667
all,record,mesopotamian / Nanna and Ningal,1,99.24562699398074,0.0015479474749326982,538,524,33,63148,479,4,63148,479,4,99.24717494145567,80.1772573986026,76.81554645252075,99.2409360217504,99.2472222658767,62669,131.83298538622128
all,record,norse / Baldr and Nanna,1,99.24562699398074,-1.1855991175480085e-5,538,524,33,63148,480,4,63148,480,4,99.24561513798956,80.08183755127436,76.55857717381234,99.2393764143827,99.24566255971838,62668,131.55833333333334
all,record,norse / Borr and Bestla,1,99.24562699398074,-3.5569091537013264e-5,538,524,33,63146,480,4,63146,480,4,99.2455914248892,80.08183755127436,76.52093365790796,99.23935250667924,99.24563884959925,62666,131.55416666666667
all,record,norse / Freyr and Gerdr,1,99.24562699398074,-1.1855991175480085e-5,538,524,33,63148,480,4,63148,480,4,99.24561513798956,80.08183755127436,76.55857717381234,99.2393764143827,99.24566255971838,62668,131.55833333333334
all,record,norse / Loki (as mare) and Svadilfari,1,99.24562699398074,-1.1855991175480085e-5,538,524,33,63148,480,4,63148,480,4,99.24561513798956,80.08183755127436,76.55857717381234,99.2393764143827,99.24566255971838,62668,131.55833333333334
all,record,norse / Loki and Angrboda,1,99.24562699398074,0.0015361154399471388,538,524,33,63147,479,4,63147,479,4,99.24716310942068,80.14545078282653,76.6652338022081,99.24092409240924,99.24721043532925,62668,131.83089770354906
all,record,norse / Loki and Sigyn,1,99.24562699398074,-1.1855991175480085e-5,538,524,33,63148,480,4,63148,480,4,99.24561513798956,80.08183755127436,76.55857717381234,99.2393764143827,99.24566255971838,62668,131.55833333333334
all,record,norse / Loki and mother of Vali (unassigned),1,99.24562699398074,-1.1855991175480085e-5,538,524,33,63148,480,4,63148,480,4,99.24561513798956,80.08183755127436,76.55857717381234,99.2393764143827,99.24566255971838,62668,131.55833333333334
all,record,norse / Njord and his unnamed sister,1,99.24562699398074,0.0015479474749326982,538,524,33,63148,479,4,63148,479,4,99.24717494145567,80.1772573986026,76.67835199714447,99.2409360217504,99.2472222658767,62669,131.83298538622128
all,record,norse / Odin (other sons; mothers unassigned),1,99.24562699398074,-2.371235501641422e-5,538,524,33,63147,480,4,63147,480,4,99.24560328162572,80.08183755127436,76.54061095031253,99.23936446071883,99.24565070484512,62667,131.55625
all,record,norse / Odin and Frigg,1,99.24562699398074,-1.1855991175480085e-5,538,524,33,63148,480,4,63148,480,4,99.24561513798956,80.08183755127436,76.55857717381234,99.2393764143827,99.24566255971838,62668,131.55833333333334
all,record,norse / Odin and Gridr,1,99.24562699398074,-1.1855991175480085e-5,538,524,33,63148,480,4,63148,480,4,99.24561513798956,80.08183755127436,76.55857717381234,99.2393764143827,99.24566255971838,62668,131.55833333333334
all,record,norse / Odin and Gunnlod,1,99.24562699398074,-1.1855991175480085e-5,538,524,33,63148,480,4,63148,480,4,99.24561513798956,80.08183755127436,76.55857717381234,99.2393764143827,99.24566255971838,62668,131.55833333333334
all,record,norse / Odin and Jord,1,99.24562699398074,-1.1855991175480085e-5,538,524,33,63148,480,4,63148,480,4,99.24561513798956,80.08183755127436,76.55857717381234,99.2393764143827,99.24566255971838,62668,131.55833333333334
all,record,norse / Odin and Rindr,1,99.24562699398074,-1.1855991175480085e-5,538,524,33,63148,480,4,63148,480,4,99.24561513798956,80.08183755127436,76.55857717381234,99.2393764143827,99.24566255971838,62668,131.55833333333334
all,record,norse / Sif and father of Ullr (unnamed),1,99.24562699398074,-1.1855991175480085e-5,538,524,33,63148,480,4,63148,480,4,99.24561513798956,80.08183755127436,76.55857717381234,99.2393764143827,99.24566255971838,62668,131.55833333333334
all,record,norse / Thor and Jarnsaxa,1,99.24562699398074,-1.1855991175480085e-5,538,524,33,63148,480,4,63148,480,4,99.24561513798956,80.08183755127436,76.55857717381234,99.2393764143827,99.24566255971838,62668,131.55833333333334
all,record,norse / Thor and Sif,1,99.24562699398074,0.0015597791380201897,538,524,33,63149,479,4,63149,479,4,99.24718677311876,80.27267724593085,76.6903294794777,99.24094795071662,99.2472340960523,62670,131.83507306889354
all,record,norse / Thor and mother of Modi (unassigned),1,99.24562699398074,-1.1855991175480085e-5,538,524,33,63148,480,4,63148,480,4,99.24561513798956,80.08183755127436,76.55857717381234,99.2393764143827,99.24566255971838,62668,131.55833333333334
all,record,oguzname / Oghuz Khan (six sons; mothers unassigned),1,99.24562699398074,-7.114153743259521e-5,538,524,32,63143,480,4,63143,480,4,99.2455558524433,80.08183755127436,75.84301640614615,99.23931664230594,99.24560328162572,62663,131.54791666666668
all,record,panchatantra / King Amarashakti (three sons; mothers unassigned),1,99.24562699398074,-3.5569091537013264e-5,538,524,32,63146,480,4,63146,480,4,99.2455914248892,80.08183755127436,75.84301640614615,99.23935250667924,99.24563884959925,62666,131.55416666666667
all,record,popol_vuh / Hun Hunahpu and Xbaquiyalo,1,99.24562699398074,-2.371235501641422e-5,538,524,33,63147,480,4,63147,480,4,99.24560328162572,80.08183755127436,76.57504621202051,99.23936446071883,99.24565070484512,62667,131.55625
all,record,popol_vuh / Hun Hunahpu and Xquic,1,99.24562699398074,-2.371235501641422e-5,538,524,33,63147,480,4,63147,480,4,99.24560328162572,80.08183755127436,76.57504621202051,99.23936446071883,99.24565070484512,62667,131.55625
all,record,quran / Dawud and wife (unnamed),1,99.24562699398074,-1.1855991175480085e-5,538,524,33,63148,480,4,63148,480,4,99.24561513798956,80.08183755127436,76.5570799885207,99.2393764143827,99.24566255971838,62668,131.55833333333334
all,record,quran / Ibrahim (various wives),1,99.24562699398074,-2.371235501641422e-5,538,524,33,63147,480,4,63147,480,4,99.24560328162572,80.08183755127436,76.53740269611613,99.23936446071883,99.24565070484512,62667,131.55625
all,record,quran / Imran and Hannah,1,99.24562699398074,0.0015597791380201897,538,524,33,63149,479,4,63149,479,4,99.24718677311876,80.27267724593085,76.69482103535265,99.24094795071662,99.2472340960523,62670,131.83507306889354
all,record,quran / Lut and wife (unnamed),1,99.24562699398074,0.0031196073048818107,538,524,33,63149,478,4,63149,478,4,99.24874660128562,80.27267724593085,76.82600298471641,99.24250758278198,99.24879382690827,62671,132.11087866108787
all,record,quran / Nuh and wife (unnamed),1,99.24562699398074,-4.742620077990978e-5,538,524,33,63145,480,4,63145,480,4,99.24557956777996,80.08183755127436,76.49183422949503,99.23934055226391,99.24562699398074,62665,131.55208333333334
all,record,quran / Sulayman and wife (unnamed),1,99.24562699398074,-1.1855991175480085e-5,538,524,33,63148,480,4,63148,480,4,99.24561513798956,80.08183755127436,76.5570799885207,99.2393764143827,99.24566255971838,62668,131.55833333333334
all,record,quran / Yaqub and wives,1,99.24562699398074,-1.4229649421793056e-4,538,524,33,63137,480,4,63137,480,4,99.24548469748652,80.08183755127436,76.14385684802483,99.2392449034124,99.2455321356156,62657,131.53541666666666
all,record,ramayan / Agastya and Lopamudra,1,99.24562699398074,-1.1855991175480085e-5,538,524,33,63148,480,4,63148,480,4,99.24561513798956,80.08183755127436,76.57449924001845,99.2393764143827,99.24566255971838,62668,131.55833333333334
all,record,ramayan / Angad and wife (unnamed),1,99.24562699398074,-1.1855991175480085e-5,538,524,33,63148,480,4,63148,480,4,99.24561513798956,80.08183755127436,76.57449924001845,99.2393764143827,99.24566255971838,62668,131.55833333333334
all,record,ramayan / Aruna and Shyeni,1,99.24562699398074,-2.371235501641422e-5,538,524,33,63147,480,4,63147,480,4,99.24560328162572,80.08183755127436,76.57394831876005,99.23936446071883,99.24565070484512,62667,131.55625
all,record,ramayan / Bharat and Mandavi,1,99.24562699398074,-2.371235501641422e-5,538,524,33,63147,480,4,63147,480,4,99.24560328162572,80.08183755127436,76.57394831876005,99.23936446071883,99.24565070484512,62667,131.55625
all,record,ramayan / Dasharatha and Kaikeyi,1,99.24562699398074,-1.1855991175480085e-5,538,524,33,63148,480,4,63148,480,4,99.24561513798956,80.08183755127436,76.57449924001845,99.2393764143827,99.24566255971838,62668,131.55833333333334
all,record,ramayan / Dasharatha and Kausalya,1,99.24562699398074,0.0015479474749326982,538,524,33,63148,479,4,63148,479,4,99.24717494145567,80.1772573986026,76.5848880408911,99.2409360217504,99.2472222658767,62669,131.83298538622128
all,record,ramayan / Dasharatha and Sumitra,1,99.24562699398074,-2.371235501641422e-5,538,524,33,63147,480,4,63147,480,4,99.24560328162572,80.08183755127436,76.57394831876005,99.23936446071883,99.24565070484512,62667,131.55625
all,record,ramayan / Gautama and Ahalya,1,99.24562699398074,-1.1855991175480085e-5,538,524,33,63148,480,4,63148,480,4,99.24561513798956,80.08183755127436,76.57449924001845,99.2393764143827,99.24566255971838,62668,131.55833333333334
all,record,ramayan / Jambavan (children; mothers unassigned),1,99.24562699398074,0.0015479474749326982,538,524,33,63148,479,4,63148,479,4,99.24717494145567,80.1772573986026,76.5848880408911,99.2409360217504,99.2472222658767,62669,131.83298538622128
all,record,ramayan / Janak and Sunayana,1,99.24562699398074,0.0031196073048818107,538,524,33,63149,478,4,63149,478,4,99.24874660128562,80.27267724593085,76.59582776302216,99.24250758278198,99.24879382690827,62671,132.11087866108787
all,record,ramayan / Kesari and Anjana,1,99.24562699398074,-1.1855991175480085e-5,538,524,33,63148,480,4,63148,480,4,99.24561513798956,80.08183755127436,76.57449924001845,99.2393764143827,99.24566255971838,62668,131.55833333333334
all,record,ramayan / Kuber and Charvi,1,99.24562699398074,0.0015361154399471388,538,524,33,63147,479,4,63147,479,4,99.24716310942068,80.14545078282653,76.58437276412407,99.24092409240924,99.24721043532925,62668,131.83089770354906
all,record,ramayan / Kumbhakarna and Karkati,1,99.24562699398074,-1.1855991175480085e-5,538,524,33,63148,480,4,63148,480,4,99.24561513798956,80.08183755127436,76.57449924001845,99.2393764143827,99.24566255971838,62668,131.55833333333334
all,record,ramayan / Kumbhakarna and Vajrajwala,1,99.24562699398074,-2.371235501641422e-5,538,524,33,63147,480,4,63147,480,4,99.24560328162572,80.08183755127436,76.57394831876005,99.23936446071883,99.24565070484512,62667,131.55625
all,record,ramayan / Kush and Kumudvati,1,99.24562699398074,-1.1855991175480085e-5,538,524,33,63148,480,4,63148,480,4,99.24561513798956,80.08183755127436,76.57449924001845,99.2393764143827,99.24566255971838,62668,131.55833333333334
all,record,ramayan / Lakshman and Urmila,1,99.24562699398074,-2.371235501641422e-5,538,524,33,63147,480,4,63147,480,4,99.24560328162572,80.08183755127436,76.57394831876005,99.23936446071883,99.24565070484512,62667,131.55625
all,record,ramayan / Malyavan and Sundari,1,99.24562699398074,0.0014769496856672504,538,524,33,63142,479,4,63142,479,4,99.2471039436664,80.10569251310643,76.58173933858032,99.24086444007858,99.24715127701376,62663,131.8204592901879
all,record,ramayan / Mayasura and Hema,1,99.24562699398074,0.0015361154399471388,538,524,33,63147,479,4,63147,479,4,99.24716310942068,80.14545078282653,76.58437276412407,99.24092409240924,99.24721043532925,62668,131.83089770354906
all,record,ramayan / Prahasta and wife (unnamed),1,99.24562699398074,-1.1855991175480085e-5,538,524,33,63148,480,4,63148,480,4,99.24561513798956,80.08183755127436,76.57449924001845,99.2393764143827,99.24566255971838,62668,131.55833333333334
all,record,ramayan / Ram and Sita,1,99.24562699398074,-2.371235501641422e-5,538,524,33,63147,480,4,63147,480,4,99.24560328162572,80.08183755127436,76.57394831876005,99.23936446071883,99.24565070484512,62667,131.55625
all,record,ramayan / Ravana (sons with mothers unassigned),1,99.24562699398074,-4.742620077990978e-5,538,524,33,63145,480,4,63145,480,4,99.24557956777996,80.08183755127436,76.57283445614307,99.23934055226391,99.24562699398074,62665,131.55208333333334
all,record,ramayan / Ravana and Dhanyamalini,1,99.24562699398074,-1.1855991175480085e-5,538,524,33,63148,480,4,63148,480,4,99.24561513798956,80.08183755127436,76.57449924001845,99.2393764143827,99.24566255971838,62668,131.55833333333334
all,record,ramayan / Ravana and Mandodari,1,99.24562699398074,-1.1855991175480085e-5,538,524,33,63148,480,4,63148,480,4,99.24561513798956,80.08183755127436,76.57449924001845,99.2393764143827,99.24566255971838,62668,131.55833333333334
all,record,ramayan / Sampati and wife (unnamed),1,99.24562699398074,-1.1855991175480085e-5,538,524,33,63148,480,4,63148,480,4,99.24561513798956,80.08183755127436,76.57449924001845,99.2393764143827,99.24566255971838,62668,131.55833333333334
all,record,ramayan / Shatrughana and Shrutakriti,1,99.24562699398074,-2.371235501641422e-5,538,524,33,63147,480,4,63147,480,4,99.24560328162572,80.08183755127436,76.57394831876005,99.23936446071883,99.24565070484512,62667,131.55625
all,record,ramayan / Sumali and Ketumati,1,99.24562699398074,0.006121807402578838,538,524,33,63139,476,4,63139,476,4,99.25174880138331,80.13636317831907,76.61275337084757,99.24550841729672,99.25179584715258,62663,132.64495798319328
all,record,ramayan / Sunda and Tataka,1,99.24562699398074,-2.371235501641422e-5,538,524,33,63147,480,4,63147,480,4,99.24560328162572,80.08183755127436,76.57394831876005,99.23936446071883,99.24565070484512,62667,131.55625
all,record,ramayan / Vali and Tara,1,99.24562699398074,-1.1855991175480085e-5,538,524,33,63148,480,4,63148,480,4,99.24561513798956,80.08183755127436,76.57449924001845,99.2393764143827,99.24566255971838,62668,131.55833333333334
all,record,ramayan / Vasishtha (Ramayana tradition),1,99.24562699398074,-0.0011874466873678102,538,524,33,63049,480,4,63049,480,4,99.24443954729337,80.08183755127436,76.4900974876773,99.23819117623913,99.24448711693135,62569,131.35208333333333
all,record,ramayan / Vibhishana and Sarama,1,99.24562699398074,0.0015597791380201897,538,524,33,63149,479,4,63149,479,4,99.24718677311876,80.27267724593085,76.58539961063104,99.24094795071662,99.2472340960523,62670,131.83507306889354
all,record,ramayan / Vidyutkesha and Salakatankata,1,99.24562699398074,-1.1855991175480085e-5,538,524,33,63148,480,4,63148,480,4,99.24561513798956,80.08183755127436,76.57449924001845,99.2393764143827,99.24566255971838,62668,131.55833333333334
all,record,ramayan / Vishrava and Ilavida,1,99.24562699398074,-1.1855991175480085e-5,538,524,33,63148,480,4,63148,480,4,99.24561513798956,80.08183755127436,76.57449924001845,99.2393764143827,99.24566255971838,62668,131.55833333333334
all,record,ramayan / Vishrava and Kaikesi,1,99.24562699398074,0.001524283033020879,538,524,33,63146,479,4,63146,479,4,99.24715127701376,80.12954747493849,76.58385373988962,99.2409121626931,99.24719860440995,62667,131.82881002087683
all,record,ramayan / Vishwamitra (sons; mothers unassigned),1,99.24562699398074,-0.0012469171593778583,538,524,33,63044,480,4,63044,480,4,99.24438007682136,80.08183755127436,76.48328694339806,99.23813121773077,99.24442765394787,62564,131.34166666666667
all,record,ramayan / Vishwamitra and Menaka,1,99.24562699398074,0.0015597791380201897,538,524,33,63149,479,4,63149,479,4,99.24718677311876,80.27267724593085,76.58539961063104,99.24094795071662,99.2472340960523,62670,131.83507306889354
all,record,roman / Aeneas and Creusa,1,99.24562699398074,-1.1855991175480085e-5,538,524,33,63148,480,4,63148,480,4,99.24561513798956,80.08183755127436,76.52694616392047,99.2393764143827,99.24566255971838,62668,131.55833333333334
all,record,roman / Aeneas and Lavinia,1,99.24562699398074,-1.1855991175480085e-5,538,524,33,63148,480,4,63148,480,4,99.24561513798956,80.08183755127436,76.52694616392047,99.2393764143827,99.24566255971838,62668,131.55833333333334
all,record,roman / Ascanius and mother of Silvius (unnamed),1,99.24562699398074,0,538,525,33,63149,480,4,63149,480,4,99.24562699398074,80.11977690831955,76.57504621202051,99.23938836767087,99.24567441421904,62669,131.56041666666667
all,record,roman / Juno (Vulcan without a father),1,99.24562699398074,-1.1855991175480085e-5,538,524,33,63148,480,4,63148,480,4,99.24561513798956,80.08183755127436,76.52694616392047,99.2393764143827,99.24566255971838,62668,131.55833333333334
all,record,roman / Jupiter and Ceres,1,99.24562699398074,0.0015597791380201897,538,524,33,63149,479,4,63149,479,4,99.24718677311876,80.27267724593085,76.63917960948724,99.24094795071662,99.2472340960523,62670,131.83507306889354
all,record,roman / Jupiter and Juno,1,99.24562699398074,0.00310779997141708,538,524,33,63148,478,4,63148,478,4,99.24873479395215,80.2090640143787,76.6616262986006,99.24249567813925,99.24878202105924,62670,132.10878661087867
all,record,roman / Jupiter and Latona,1,99.24562699398074,0.0015479474749326982,538,524,33,63148,479,4,63148,479,4,99.24717494145567,80.1772573986026,76.59169622867053,99.2409360217504,99.2472222658767,62669,131.83298538622128
all,record,roman / Jupiter and Maia,1,99.24562699398074,-1.1855991175480085e-5,538,524,33,63148,480,4,63148,480,4,99.24561513798956,80.08183755127436,76.52694616392047,99.2393764143827,99.24566255971838,62668,131.55833333333334
all,record,roman / Jupiter and Metis,1,99.24562699398074,0.0015597791380201897,538,524,33,63149,479,4,63149,479,4,99.24718677311876,80.27267724593085,76.63917960948724,99.24094795071662,99.2472340960523,62670,131.83507306889354
all,record,roman / Jupiter and Proserpina (Melinoe hymn),1,99.24562699398074,0.0015597791380201897,538,524,33,63149,479,4,63149,479,4,99.24718677311876,80.27267724593085,76.63917960948724,99.24094795071662,99.2472340960523,62670,131.83507306889354
all,record,roman / Mars and Rhea Silvia,1,99.24562699398074,-2.371235501641422e-5,538,524,33,63147,480,4,63147,480,4,99.24560328162572,80.08183755127436,76.47514611212041,99.23936446071883,99.24565070484512,62667,131.55625
all,record,roman / Neptune and Amphitrite,1,99.24562699398074,-1.1855991175480085e-5,538,524,33,63148,480,4,63148,480,4,99.24561513798956,80.08183755127436,76.52694616392047,99.2393764143827,99.24566255971838,62668,131.55833333333334
all,record,roman / Numa Pompilius (four disputed sons; mothers unassigned),1,99.24562699398074,0,538,525,33,63149,480,4,63149,480,4,99.24562699398074,80.11977690831955,76.57504621202051,99.23938836767087,99.24567441421904,62669,131.56041666666667
all,record,roman / Numa Pompilius and Lucretia,1,99.24562699398074,0,538,525,33,63149,480,4,63149,480,4,99.24562699398074,80.11977690831955,76.57504621202051,99.23938836767087,99.24567441421904,62669,131.56041666666667
all,record,roman / Numa Pompilius and Tatia,1,99.24562699398074,0.0015597791380201897,538,524,33,63149,479,4,63149,479,4,99.24718677311876,80.27267724593085,76.63917960948724,99.24094795071662,99.2472340960523,62670,131.83507306889354
all,record,roman / Romulus and Hersilia,1,99.24562699398074,0.0015479474749326982,538,524,33,63148,479,4,63148,479,4,99.24717494145567,80.1772573986026,76.59169622867053,99.2409360217504,99.2472222658767,62669,131.83298538622128
all,record,roman / Saturn and Ops,1,99.24562699398074,0.004644134384790277,538,524,33,63146,477,4,63146,477,4,99.25027112836553,80.1772573986026,76.63407808923421,99.24403162179578,99.25031826111557,62669,132.38155136268344
all,record,roman / Venus and Anchises,1,99.24562699398074,-1.1855991175480085e-5,538,524,33,63148,480,4,63148,480,4,99.24561513798956,80.08183755127436,76.52694616392047,99.2393764143827,99.24566255971838,62668,131.55833333333334
all,record,roman / Venus and Mars,1,99.24562699398074,0.0015361154399471388,538,524,33,63147,479,4,63147,479,4,99.24716310942068,80.14545078282653,76.54041417738848,99.24092409240924,99.24721043532925,62668,131.83089770354906
all,record,sassoun / David of Sassoun and Chmshkig Sultan,1,99.24562699398074,0.0015597791380201897,538,524,33,63149,479,4,63149,479,4,99.24718677311876,80.27267724593085,77.08009671707102,99.24094795071662,99.2472340960523,62670,131.83507306889354
all,record,sassoun / David of Sassoun and Khandut,1,99.24562699398074,-1.1855991175480085e-5,538,524,33,63148,480,4,63148,480,4,99.24561513798956,80.08183755127436,76.4740361110104,99.2393764143827,99.24566255971838,62668,131.55833333333334
all,record,sassoun / Dzovinar (miraculous conception),1,99.24562699398074,-2.371235501641422e-5,538,524,33,63147,480,4,63147,480,4,99.24560328162572,80.08183755127436,76.32252095949526,99.23936446071883,99.24565070484512,62667,131.55625
all,record,sassoun / Mher the Elder and Armaghan,1,99.24562699398074,-1.1855991175480085e-5,538,524,33,63148,480,4,63148,480,4,99.24561513798956,80.08183755127436,76.4740361110104,99.2393764143827,99.24566255971838,62668,131.55833333333334
all,record,sassoun / Mher the Elder and Ismil Khatun,1,99.24562699398074,-1.1855991175480085e-5,538,524,33,63148,480,4,63148,480,4,99.24561513798956,80.08183755127436,76.4740361110104,99.2393764143827,99.24566255971838,62668,131.55833333333334
all,record,shahnameh / Bahman (Sasan and Homay; mothers unassigned),1,99.24562699398074,0.0015479474749326982,538,524,33,63148,479,4,63148,479,4,99.24717494145567,80.1772573986026,76.59972929423596,99.2409360217504,99.2472222658767,62669,131.83298538622128
all,record,shahnameh / Bahman and Homay,1,99.24562699398074,-1.1855991175480085e-5,538,524,33,63148,480,4,63148,480,4,99.24561513798956,80.08183755127436,76.57324429890362,99.2393764143827,99.24566255971838,62668,131.55833333333334
all,record,shahnameh / Esfandiyar (four sons; mothers unassigned),1,99.24562699398074,-4.742620077990978e-5,538,524,33,63145,480,4,63145,480,4,99.24557956777996,80.08183755127436,76.56763262662528,99.23934055226391,99.24562699398074,62665,131.55208333333334
all,record,shahnameh / Fereydun and Arnavaz,1,99.24562699398074,-1.1855991175480085e-5,538,524,33,63148,480,4,63148,480,4,99.24561513798956,80.08183755127436,76.57324429890362,99.2393764143827,99.24566255971838,62668,131.55833333333334
all,record,shahnameh / Fereydun and Shahrnaz,1,99.24562699398074,-2.371235501641422e-5,538,524,33,63147,480,4,63147,480,4,99.24560328162572,80.08183755127436,76.57140870516771,99.23936446071883,99.24565070484512,62667,131.55625
all,record,shahnameh / Giv and Banu Goshasp,1,99.24562699398074,-1.1855991175480085e-5,538,524,33,63148,480,4,63148,480,4,99.24561513798956,80.08183755127436,76.57324429890362,99.2393764143827,99.24566255971838,62668,131.55833333333334
all,record,shahnameh / Goshtasp (other named children; mothers unassigned),1,99.24562699398074,0.003060566925867647,538,524,33,63144,478,4,63144,478,4,99.2486875609066,80.13636317831907,76.62110856245415,99.24244805582623,99.24873479395215,62666,132.10041841004184
all,record,shahnameh / Goshtasp and Katayun,1,99.24562699398074,-2.371235501641422e-5,538,524,33,63147,480,4,63147,480,4,99.24560328162572,80.08183755127436,76.57140870516771,99.23936446071883,99.24565070484512,62667,131.55625
all,record,shahnameh / Gudarz (children; mothers unassigned),1,99.24562699398074,6.357912277650257e-4,538,524,33,63071,479,4,63071,479,4,99.2462627852085,80.08425324361178,76.16359222258487,99.24001636403688,99.24631022437612,62592,131.6722338204593
all,record,shahnameh / Jamshid (Shahrnaz and Arnavaz; daughter reading),1,99.24562699398074,0.0031196073048818107,538,524,33,63149,478,4,63149,478,4,99.24874660128562,80.27267724593085,76.62804988330421,99.24250758278198,99.24879382690827,62671,132.11087866108787
all,record,shahnameh / Kay Kavus and mother of Siyavash (unnamed),1,99.24562699398074,-1.1855991175480085e-5,538,524,33,63148,480,4,63148,480,4,99.24561513798956,80.08183755127436,76.57324429890362,99.2393764143827,99.24566255971838,62668,131.55833333333334
all,record,shahnameh / Rostam (Faramarz and Banu Goshasp; mother unassigned),1,99.24562699398074,0.0015479474749326982,538,524,33,63148,479,4,63148,479,4,99.24717494145567,80.1772573986026,76.59972929423596,99.2409360217504,99.2472222658767,62669,131.83298538622128
all,record,shahnameh / Rostam and Tahmineh,1,99.24562699398074,-1.1855991175480085e-5,538,524,33,63148,480,4,63148,480,4,99.24561513798956,80.08183755127436,76.57324429890362,99.2393764143827,99.24566255971838,62668,131.55833333333334
all,record,shahnameh / Sam and wife (unnamed),1,99.24562699398074,-1.1855991175480085e-5,538,524,33,63148,480,4,63148,480,4,99.24561513798956,80.08183755127436,76.57324429890362,99.2393764143827,99.24566255971838,62668,131.55833333333334
all,record,shahnameh / Siyavash and Farangis,1,99.24562699398074,-1.1855991175480085e-5,538,524,33,63148,480,4,63148,480,4,99.24561513798956,80.08183755127436,76.57324429890362,99.2393764143827,99.24566255971838,62668,131.55833333333334
all,record,shahnameh / Zal and Rudabeh,1,99.24562699398074,-2.371235501641422e-5,538,524,33,63147,480,4,63147,480,4,99.24560328162572,80.08183755127436,76.57140870516771,99.23936446071883,99.24565070484512,62667,131.55625
all,record,shiva_purana / Bali (Mahabali) and Ashana,1,99.24562699398074,-0.0011874466873678102,538,524,33,63049,480,4,63049,480,4,99.24443954729337,80.08183755127436,76.22820160288082,99.23819117623913,99.24448711693135,62569,131.35208333333333
all,record,shiva_purana / Brahma (selected creations; no consort),1,99.24562699398074,0.001441445769017946,538,524,33,63139,479,4,63139,479,4,99.24706843974975,80.09918661442494,76.56734786308994,99.24082864417969,99.24711577756122,62660,131.8141962421712
all,record,shiva_purana / Daksha and Prasuti,1,99.24562699398074,0.037448235954016695,538,524,33,63149,456,4,63149,456,4,99.28307522993475,80.27267724593085,76.89106470985719,99.27683189485765,99.28312031316324,62693,138.484649122807
all,record,shiva_purana / Himalaya (Himavan) and Mena,1,99.24562699398074,0.00310779997141708,538,524,33,63148,478,4,63148,478,4,99.24873479395215,80.2090640143787,76.5969236311582,99.24249567813925,99.24878202105924,62670,132.10878661087867
all,record,shiva_purana / Hiranyakashipu and Kayadhu,1,99.24562699398074,0.0015124502541397078,538,524,33,63145,479,4,63145,479,4,99.24713944423488,80.12000549020564,76.57926073236406,99.240900232602,99.24718677311876,62666,131.8267223382046
all,record,shiva_purana / Indra and Shachi,1,99.24562699398074,-3.5569091537013264e-5,538,524,33,63146,480,4,63146,480,4,99.2455914248892,80.08183755127436,76.56924963088147,99.23935250667924,99.24563884959925,62666,131.55416666666667
all,record,shiva_purana / Indra and mother of Jayanti (unnamed),1,99.24562699398074,0.0015597791380201897,538,524,33,63149,479,4,63149,479,4,99.24718677311876,80.27267724593085,76.58684328264111,99.24094795071662,99.2472340960523,62670,131.83507306889354
all,record,shiva_purana / Kashyapa and Aditi,1,99.24562699398074,-1.4229649421793056e-4,538,524,33,63137,480,4,63137,480,4,99.24548469748652,80.08183755127436,76.55086618784048,99.2392449034124,99.2455321356156,62657,131.53541666666666
all,record,shiva_purana / Kashyapa and Diti,1,99.24562699398074,-6.051310721773007e-4,538,524,33,63098,480,4,63098,480,4,99.24502186290856,80.08183755127436,76.44884345423881,99.23877827057973,99.24506935925262,62618,131.45416666666668
all,record,shiva_purana / Prahlada and wife (unnamed),1,99.24562699398074,-1.1855991175480085e-5,538,524,33,63148,480,4,63148,480,4,99.24561513798956,80.08183755127436,76.57313150422345,99.2393764143827,99.24566255971838,62668,131.55833333333334
all,record,shiva_purana / Pulastya and Havirbhu,1,99.24562699398074,-2.371235501641422e-5,538,524,33,63147,480,4,63147,480,4,99.24560328162572,80.08183755127436,76.57119938999188,99.23936446071883,99.24565070484512,62667,131.55625
all,record,shiva_purana / Shiva (other origins),1,99.24562699398074,-2.371235501641422e-5,538,524,33,63147,480,4,63147,480,4,99.24560328162572,80.08183755127436,76.57119938999188,99.23936446071883,99.24565070484512,62667,131.55625
all,record,shiva_purana / Shiva and Mohini,1,99.24562699398074,-1.1855991175480085e-5,538,524,33,63148,480,4,63148,480,4,99.24561513798956,80.08183755127436,76.57313150422345,99.2393764143827,99.24566255971838,62668,131.55833333333334
all,record,shiva_purana / Shiva and Parvati,1,99.24562699398074,0.0030841841910245194,538,524,33,63146,478,4,63146,478,4,99.24871117817176,80.15817342913695,76.59322526245762,99.24247186773118,99.24875840824794,62668,132.10460251046024
all,record,shiva_purana / Virochana and wife (unnamed),1,99.24562699398074,-1.1855991175480085e-5,538,524,33,63148,480,4,63148,480,4,99.24561513798956,80.08183755127436,76.57313150422345,99.2393764143827,99.24566255971838,62668,131.55833333333334
all,record,silappadikaram / Kovalan and Madhavi,1,99.24562699398074,0.0015597791380201897,538,524,32,63149,479,4,63149,479,4,99.24718677311876,80.27267724593085,78.96801640614615,99.24094795071662,99.2472340960523,62670,131.83507306889354
all,record,sundiata / Maghan Kon Fatta and Namandje Kamara,1,99.24562699398074,-1.1855991175480085e-5,538,524,33,63148,480,4,63148,480,4,99.24561513798956,80.08183755127436,76.27201590899021,99.2393764143827,99.24566255971838,62668,131.55833333333334
all,record,sundiata / Maghan Kon Fatta and Sassouma Berete,1,99.24562699398074,0.0015479474749326982,538,524,33,63148,479,4,63148,479,4,99.24717494145567,80.1772573986026,76.57504621202051,99.2409360217504,99.2472222658767,62669,131.83298538622128
all,record,sundiata / Maghan Kon Fatta and Sogolon,1,99.24562699398074,0.00310779997141708,538,524,33,63148,478,4,63148,478,4,99.24873479395215,80.2090640143787,77.08009671707102,99.24249567813925,99.24878202105924,62670,132.10878661087867
all,record,trojan_cycle / Achilles and Deidamia,1,99.24562699398074,-1.1855991175480085e-5,538,524,33,63148,480,4,63148,480,4,99.24561513798956,80.08183755127436,76.5489790891792,99.2393764143827,99.24566255971838,62668,131.55833333333334
all,record,trojan_cycle / Agamemnon and Clytemnestra,1,99.24562699398074,0.004667701500594035,538,524,33,63148,477,4,63148,477,4,99.25029469548133,80.22496732226674,76.79589266942611,99.24405538355153,99.25034182526835,62671,132.38574423480082
all,record,trojan_cycle / Hector and Andromache,1,99.24562699398074,-1.1855991175480085e-5,538,524,33,63148,480,4,63148,480,4,99.24561513798956,80.08183755127436,76.5489790891792,99.2393764143827,99.24566255971838,62668,131.55833333333334
all,record,trojan_cycle / Menelaus and Helen,1,99.24562699398074,0.0015597791380201897,538,524,33,63149,479,4,63149,479,4,99.24718677311876,80.27267724593085,76.6499891901893,99.24094795071662,99.2472340960523,62670,131.83507306889354
all,record,trojan_cycle / Odysseus and Penelope,1,99.24562699398074,-1.1855991175480085e-5,538,524,33,63148,480,4,63148,480,4,99.24561513798956,80.08183755127436,76.5489790891792,99.2393764143827,99.24566255971838,62668,131.55833333333334
all,record,trojan_cycle / Priam and Hecuba,1,99.24562699398074,0.006015932787178713,538,524,33,63130,476,4,63130,476,4,99.25164292676791,80.11502706338852,75.84190838210849,99.24540166640465,99.25168998585129,62654,132.62605042016807
all,source_category,arthurian,4,99.24562699398074,-3.5569091537013264e-5,535,522,32,63146,480,4,63146,480,4,99.2455914248892,80.00552275262024,75.84301640614615,99.23935250667924,99.24563884959925,62666,131.55416666666667
all,source_category,bhagavata_purana,14,99.24562699398074,-12.33448453981994,525,511,32,3081,464,4,3081,464,4,86.9111424541608,79.9991184804979,75.84384857444387,86.81318681318682,86.9258946182023,2617,6.640086206896552
all,source_category,buddhist,5,99.24562699398074,0.006168853171843125,534,520,32,63143,476,4,63143,476,4,99.25179584715258,80.21708245551493,77.09301640614615,99.2455558524433,99.25184288700628,62667,132.6533613445378
all,source_category,celtic,9,99.24562699398074,0.0060982822992770025,530,517,32,63137,476,4,63137,476,4,99.25172527628001,80.02169479729419,76.62426640614615,99.24548469748652,99.25177232500747,62661,132.640756302521
all,source_category,christian_nt,31,99.24562699398074,0.043066058187022804,508,495,32,63093,452,4,63093,452,4,99.28869305216776,80.90529489314315,76.88468307281282,99.28244346881934,99.288737824356,62641,139.5862831858407
all,source_category,dede_korkut,7,99.24562699398074,0.012386305187675362,532,518,32,63141,472,4,63141,472,4,99.25801329916841,80.08439422818745,77.40551640614615,99.25177232500747,99.25805995252841,62669,133.77330508474577
all,source_category,devi_bhagavata_purana,1,99.24562699398074,0.0015597791380201897,538,524,32,63149,479,4,63149,479,4,99.24718677311876,80.27267724593085,78.96801640614615,99.24094795071662,99.2472340960523,62670,131.83507306889354
all,source_category,egyptian,10,99.24562699398074,0.0060982822992770025,529,517,32,63137,476,4,63137,476,4,99.25172527628001,80.10228796299376,76.62426640614615,99.24548469748652,99.25177232500747,62661,132.640756302521
all,source_category,fengshen_yanyi,3,99.24562699398074,-0.0012469171593778583,536,522,32,63044,480,4,63044,480,4,99.24438007682136,80.00552275262024,75.84301640614615,99.23813121773077,99.24442765394787,62564,131.34166666666667
all,source_category,greek,27,99.24562699398074,0.04485189343981233,512,498,32,63113,451,4,63113,451,4,99.29047888742055,80.5444637552768,77.23724717537692,99.28423105965265,99.29052353385352,62662,139.940133037694
all,source_category,hebrew_bible,82,99.24562699398074,0.1825008772609067,457,443,32,62765,361,4,62765,361,4,99.42812787124164,78.51828052501843,76.58233052145431,99.42182797402187,99.4281641058134,62404,173.86426592797784
all,source_category,islam,93,99.24562699398074,0.19055229153049424,446,432,32,62961,357,4,62961,357,4,99.43617928551123,82.06750151538319,77.0789488820304,99.4298979817441,99.43621490161398,62604,176.3613445378151
all,source_category,jain,5,99.24562699398074,0.006588808667203239,534,520,32,63046,475,4,63046,475,4,99.25221580264794,80.37926194269441,75.98769233207209,99.24596615505706,99.25226288862652,62571,132.72842105263157
all,source_category,kalevala,2,99.24562699398074,0.003095992266807457,537,523,32,63147,478,4,63147,478,4,99.24872298624754,80.17122283658591,77.40551640614615,99.24248377312232,99.24877021483914,62669,132.10669456066947
all,source_category,king_gesar,2,99.24562699398074,-2.371235501641422e-5,537,523,32,63147,480,4,63147,480,4,99.24560328162572,80.04375311064581,75.84301640614615,99.23936446071883,99.24565070484512,62667,131.55625
all,source_category,kojiki,6,99.24562699398074,0.012211302821043546,533,519,32,63126,472,2,63126,472,2,99.25783829680178,80.19502159961675,76.64946801904938,99.25471698113208,99.25786163522012,62654,133.7415254237288
all,source_category,koroghlu,1,99.24562699398074,-1.1855991175480085e-5,538,524,32,63148,480,4,63148,480,4,99.24561513798956,80.08183755127436,75.84301640614615,99.2393764143827,99.24566255971838,62668,131.55833333333334
all,source_category,mahabharat,99,99.24562699398074,0.0524378545236317,440,430,32,61678,436,2,61678,436,2,99.29806484850437,78.04562270847036,75.93377548205375,99.29486766694572,99.29808744928843,61242,141.46330275229357
all,source_category,manas,3,99.24562699398074,-3.5569091537013264e-5,536,522,32,63146,480,4,63146,480,4,99.2455914248892,80.00552275262024,75.84301640614615,99.23935250667924,99.24563884959925,62666,131.55416666666667
all,source_category,mesopotamian,6,99.24562699398074,0.0030369481758185657,533,521,32,63142,478,4,63142,478,4,99.24866394215655,80.25505350646405,76.5374608505906,99.24242424242425,99.24871117817176,62664,132.09623430962344
all,source_category,norse,18,99.24562699398074,0.004431963648386272,521,507,32,63128,477,4,63128,477,4,99.25005895762912,79.77557437909488,76.23364140614615,99.24381769875332,99.2501061170589,62651,132.34381551362682
all,source_category,oguzname,1,99.24562699398074,-7.114153743259521e-5,538,524,32,63143,480,4,63143,480,4,99.2455558524433,80.08183755127436,75.84301640614615,99.23931664230594,99.24560328162572,62663,131.54791666666668
all,source_category,panchatantra,1,99.24562699398074,-3.5569091537013264e-5,538,524,32,63146,480,4,63146,480,4,99.2455914248892,80.08183755127436,75.84301640614615,99.23935250667924,99.24563884959925,62666,131.55416666666667
all,source_category,popol_vuh,2,99.24562699398074,-4.742620077990978e-5,537,523,32,63145,480,4,63145,480,4,99.24557956777996,80.04375311064581,75.84301640614615,99.23934055226391,99.24562699398074,62665,131.55208333333334
all,source_category,quran,7,99.24562699398074,0.004443754061895788,532,518,32,63129,477,4,63129,477,4,99.25007074804263,80.23722563101884,76.25062510179833,99.243829586543,99.25011790598963,62652,132.34591194968553
all,source_category,ramayan,35,99.24562699398074,0.01877711020237882,504,490,32,62884,466,4,62884,466,4,99.26440410418311,79.78698157572624,75.99982644198845,99.25813681851186,99.26445054771601,62418,134.94420600858368
all,source_category,roman,19,99.24562699398074,0.01853551918729579,520,509,32,63133,468,4,63133,468,4,99.26416251316803,80.77187205671467,77.18230212043187,99.25791997484474,99.26420878861725,62665,134.89957264957266
all,source_category,sassoun,5,99.24562699398074,0.0015006171033036253,534,520,32,63144,479,4,63144,479,4,99.24712761108404,80.12092860936109,76.36384973947949,99.24088830213589,99.24717494145567,62665,131.82463465553235
all,source_category,shahnameh,16,99.24562699398074,0.009725650855543222,523,509,32,63047,473,4,63047,473,4,99.25535264483628,79.94640496704125,76.04370447954065,99.24910270134123,99.25539953403438,62574,133.29175475687103
all,source_category,shiva_purana,15,99.24562699398074,0.04624929728048244,524,510,32,62958,449,4,62958,449,4,99.29187629126122,80.19341265220655,76.27939028002002,99.28561290627809,99.29192096008579,62509,140.21826280623608
all,source_category,silappadikaram,1,99.24562699398074,0.0015597791380201897,538,524,32,63149,479,4,63149,479,4,99.24718677311876,80.27267724593085,78.96801640614615,99.24094795071662,99.2472340960523,62670,131.83507306889354
all,source_category,sundiata,3,99.24562699398074,0.004644134384790277,536,522,32,63146,477,4,63146,477,4,99.25027112836553,80.22902211405064,77.40551640614615,99.24403162179578,99.25031826111557,62669,132.38155136268344
all,source_category,trojan_cycle,6,99.24562699398074,0.012211302821043546,533,519,32,63126,472,4,63126,472,4,99.25783829680178,80.26064389444237,76.64946801904938,99.25159586176535,99.25788497217069,62654,133.7415254237288
flag_filtered,linked_family,abraham,3,77.64423076923077,-0.08631571131572002,513,499,33,1607,465,4,1607,465,4,77.55791505791505,80.29231077131777,71.7784301829492,77.40847784200385,77.60115606936417,1142,3.455913978494624
flag_filtered,linked_family,david,8,77.64423076923077,-0.1794420368364058,508,494,33,1595,464,4,1595,464,4,77.46478873239437,80.19405480746471,71.76506885687569,77.31459040232671,77.50848279205042,1131,3.4375
flag_filtered,linked_family,jacob,4,77.64423076923077,-0.09222302854378484,512,498,33,1603,464,4,1603,464,4,77.55200774068699,80.28142327143229,71.77718083105049,77.40222114920329,77.59536455818446,1139,3.4547413793103448
flag_filtered,record,arthurian / Arthur and Morgause,1,77.64423076923077,-0.010753135753134302,515,501,33,1614,465,4,1614,465,4,77.63347763347764,80.37098418141231,71.79001661781413,77.48439750360058,77.67642822851656,1149,3.470967741935484
flag_filtered,record,arthurian / Lancelot and Elaine of Corbenic,1,77.64423076923077,-0.010753135753134302,515,501,33,1614,465,4,1614,465,4,77.63347763347764,80.37098418141231,71.79001661781413,77.48439750360058,77.67642822851656,1149,3.470967741935484
flag_filtered,record,arthurian / Lot and Anne (Mordred; Geoffrey),1,77.64423076923077,0,515,502,33,1615,465,4,1615,465,4,77.64423076923077,80.41008580654893,71.79001661781413,77.49520153550864,77.68714011516315,1150,3.4731182795698925
flag_filtered,record,arthurian / Uther Pendragon and Igraine,1,77.64423076923077,-0.010753135753134302,515,501,33,1614,465,4,1614,465,4,77.63347763347764,80.37098418141231,71.79001661781413,77.48439750360058,77.67642822851656,1149,3.470967741935484
flag_filtered,record,bhagavata_purana / Angiras and Shraddha,1,77.64423076923077,0.12818967435649142,515,501,33,1613,461,4,1613,461,4,77.77242044358727,80.50405138034776,71.90101672881426,77.62271414821944,77.81520692974013,1152,3.4989154013015185
flag_filtered,record,bhagavata_purana / Atri and Anasuya,1,77.64423076923077,-0.032290470723310705,515,501,33,1612,465,4,1612,465,4,77.61194029850746,80.37098418141231,71.76863881865856,77.462758289284,77.65497357039885,1147,3.466666666666667
flag_filtered,record,bhagavata_purana / Chyavana and Sukanya,1,77.64423076923077,-0.010753135753134302,515,501,33,1614,465,4,1614,465,4,77.63347763347764,80.37098418141231,71.78306239399244,77.48439750360058,77.67642822851656,1149,3.470967741935484
flag_filtered,record,bhagavata_purana / Devahuti and Kardama,1,77.64423076923077,0.32678372352285123,515,501,33,1614,456,4,1614,456,4,77.97101449275362,80.55062489997519,72.08056690836443,77.82063645130184,78.01350048216008,1158,3.539473684210526
flag_filtered,record,bhagavata_purana / Jamadagni and Renuka,1,77.64423076923077,-0.053869323447642614,515,501,33,1610,465,4,1610,465,4,77.59036144578313,80.37098418141231,71.75348493571283,77.44107744107744,77.63347763347764,1145,3.4623655913978495
flag_filtered,record,bhagavata_purana / Kashyapa and Danu,1,77.64423076923077,-0.43834841628959964,515,501,33,1575,465,4,1575,465,4,77.20588235294117,80.37098418141231,71.26528882035907,77.05479452054794,77.25048923679061,1110,3.3870967741935485
flag_filtered,record,bhagavata_purana / Kashyapa and Vinata,1,77.64423076923077,-0.021516621011329562,515,501,33,1613,465,4,1613,465,4,77.62271414821944,80.37098418141231,71.77593855495559,77.47358309317964,77.6657060518732,1148,3.468817204301075
flag_filtered,record,bhagavata_purana / Manu (Svayambhuva) and Shatarupa,1,77.64423076923077,0.09070898980536413,515,501,33,1613,462,4,1613,462,4,77.73493975903614,80.49074466045423,71.86855973433194,77.58537758537759,77.77777777777777,1151,3.4913419913419914
flag_filtered,record,bhagavata_purana / Marichi and Kala,1,77.64423076923077,-0.021516621011329562,515,501,33,1613,465,4,1613,465,4,77.62271414821944,80.37098418141231,71.77593855495559,77.47358309317964,77.6657060518732,1148,3.468817204301075
flag_filtered,record,bhagavata_purana / Sagara and Keshini,1,77.64423076923077,-0.010753135753134302,515,501,33,1614,465,4,1614,465,4,77.63347763347764,80.37098418141231,71.78306239399244,77.48439750360058,77.67642822851656,1149,3.470967741935484
flag_filtered,record,bhagavata_purana / Uttanapada and Suniti,1,77.64423076923077,-0.010753135753134302,515,501,33,1614,465,4,1614,465,4,77.63347763347764,80.37098418141231,71.78306239399244,77.48439750360058,77.67642822851656,1149,3.470967741935484
flag_filtered,record,bhagavata_purana / Uttanapada and Suruchi,1,77.64423076923077,-0.010753135753134302,515,501,33,1614,465,4,1614,465,4,77.63347763347764,80.37098418141231,71.78306239399244,77.48439750360058,77.67642822851656,1149,3.470967741935484
flag_filtered,record,bhagavata_purana / Vasishtha and Arundhati,1,77.64423076923077,-0.07548981409328803,515,501,33,1608,465,4,1608,465,4,77.56874095513749,80.37098418141231,71.73754383806863,77.41935483870968,77.61194029850746,1143,3.458064516129032
flag_filtered,record,buddhist / Anjana and Yasodhara (Mahavamsa),1,77.64423076923077,0.05326441381353675,515,501,33,1613,463,4,1613,463,4,77.69749518304431,80.47078458061391,71.99203681983434,77.54807692307692,77.74038461538461,1150,3.4838012958963285
flag_filtered,record,buddhist / Siddhartha and Yasodhara,1,77.64423076923077,-0.010753135753134302,515,501,33,1614,465,4,1614,465,4,77.63347763347764,80.37098418141231,71.65533648313401,77.48439750360058,77.67642822851656,1149,3.470967741935484
flag_filtered,record,buddhist / Suddhodana and Mahapajapati Gotami,1,77.64423076923077,0.026606574368841507,515,501,33,1614,464,4,1614,464,4,77.67083734359962,80.47078458061391,71.86577419357171,77.52161383285302,77.7137367915466,1150,3.478448275862069
flag_filtered,record,buddhist / Suddhodana and Maya,1,77.64423076923077,-0.010753135753134302,515,501,33,1614,465,4,1614,465,4,77.63347763347764,80.37098418141231,71.65533648313401,77.48439750360058,77.67642822851656,1149,3.470967741935484
flag_filtered,record,buddhist / Suppabuddha and Amita,1,77.64423076923077,0.026606574368841507,515,501,33,1614,464,4,1614,464,4,77.67083734359962,80.47078458061391,71.86577419357171,77.52161383285302,77.7137367915466,1150,3.478448275862069
flag_filtered,record,celtic / Cú Chulainn and Aífe,1,77.64423076923077,-0.010753135753134302,515,501,33,1614,465,4,1614,465,4,77.63347763347764,80.37098418141231,71.7395115673091,77.48439750360058,77.67642822851656,1149,3.470967741935484
flag_filtered,record,celtic / Dagda (other children; mothers unassigned),1,77.64423076923077,0.05326441381353675,515,501,33,1613,463,4,1613,463,4,77.69749518304431,80.47078458061391,72.04254187033939,77.54807692307692,77.74038461538461,1150,3.4838012958963285
flag_filtered,record,celtic / Dagda and Boann,1,77.64423076923077,-0.010753135753134302,515,501,33,1614,465,4,1614,465,4,77.63347763347764,80.37098418141231,71.7395115673091,77.48439750360058,77.67642822851656,1149,3.470967741935484
flag_filtered,record,celtic / Eochu Gab and mother of Bodb (unnamed),1,77.64423076923077,-0.010753135753134302,515,501,33,1614,465,4,1614,465,4,77.63347763347764,80.37098418141231,71.7395115673091,77.48439750360058,77.67642822851656,1149,3.470967741935484
flag_filtered,record,celtic / Lir and Aobh,1,77.64423076923077,0.005094856973471451,515,501,33,1612,464,4,1612,464,4,77.64932562620425,80.4208843810131,71.79001661781413,77.5,77.6923076923077,1148,3.4741379310344827
flag_filtered,record,celtic / Llŷr and Penarddun,1,77.64423076923077,0.015855894226135092,515,501,33,1613,464,4,1613,464,4,77.66008666345691,80.43751778088003,71.84829167608919,77.5108121095627,77.70302739067756,1149,3.476293103448276
flag_filtered,record,celtic / Lugh and Deichtine,1,77.64423076923077,-0.010753135753134302,515,501,33,1614,465,4,1614,465,4,77.63347763347764,80.37098418141231,71.7395115673091,77.48439750360058,77.67642822851656,1149,3.470967741935484
flag_filtered,record,celtic / Pwyll and Rhiannon,1,77.64423076923077,-0.010753135753134302,515,501,33,1614,465,4,1614,465,4,77.63347763347764,80.37098418141231,71.7395115673091,77.48439750360058,77.67642822851656,1149,3.470967741935484
flag_filtered,record,celtic / Sualtaim and Deichtine (human parentage),1,77.64423076923077,0,515,502,33,1615,465,4,1615,465,4,77.64423076923077,80.41008580654893,71.79001661781413,77.49520153550864,77.68714011516315,1150,3.4731182795698925
flag_filtered,record,christian_nt / Alphaeus and wife,1,77.64423076923077,-0.010753135753134302,515,501,33,1614,465,4,1614,465,4,77.63347763347764,80.37098418141231,71.77784672612617,77.48439750360058,77.67642822851656,1149,3.470967741935484
flag_filtered,record,christian_nt / Aristobulus and Berenice,1,77.64423076923077,0.04251621872103328,515,501,33,1612,463,4,1612,463,4,77.6867469879518,80.45082450077358,71.8028027065496,77.53727753727753,77.72967772967773,1149,3.4816414686825055
flag_filtered,record,christian_nt / Augustine and concubine,1,77.64423076923077,-0.010753135753134302,515,501,33,1614,465,4,1614,465,4,77.63347763347764,80.37098418141231,71.77784672612617,77.48439750360058,77.67642822851656,1149,3.470967741935484
flag_filtered,record,christian_nt / Basil the Elder and Emmelia,1,77.64423076923077,0.13354700854699786,515,501,33,1610,460,4,1610,460,4,77.77777777777777,80.47078458061391,71.85826668606421,77.62777242044359,77.82063645130184,1150,3.5
flag_filtered,record,christian_nt / Clopas and Mary,1,77.64423076923077,-0.021516621011329562,515,501,33,1613,465,4,1613,465,4,77.62271414821944,80.37098418141231,71.76538000781167,77.47358309317964,77.6657060518732,1148,3.468817204301075
flag_filtered,record,christian_nt / Clovis I and Clotilde,1,77.64423076923077,-0.00567655236329756,515,501,33,1611,464,4,1611,464,4,77.63855421686748,80.41090434109294,71.76444444034323,77.4891774891775,77.68157768157768,1147,3.4719827586206895
flag_filtered,record,christian_nt / Clovis I and concubine,1,77.64423076923077,-0.010753135753134302,515,501,33,1614,465,4,1614,465,4,77.63347763347764,80.37098418141231,71.77784672612617,77.48439750360058,77.67642822851656,1149,3.470967741935484
flag_filtered,record,christian_nt / Constantine and Fausta,1,77.64423076923077,0.04251621872103328,515,501,33,1612,463,4,1612,463,4,77.6867469879518,80.45082450077358,71.8028027065496,77.53727753727753,77.72967772967773,1149,3.4816414686825055
flag_filtered,record,christian_nt / Constantine and Minervina,1,77.64423076923077,-0.010753135753134302,515,501,33,1614,465,4,1614,465,4,77.63347763347764,80.37098418141231,71.77784672612617,77.48439750360058,77.67642822851656,1149,3.470967741935484
flag_filtered,record,christian_nt / Constantine and mother of Constantine II (unassigned alternative),1,77.64423076923077,0,515,502,33,1615,465,4,1615,465,4,77.64423076923077,80.41008580654893,71.79001661781413,77.49520153550864,77.68714011516315,1150,3.4731182795698925
flag_filtered,record,christian_nt / Felicity and father of child,1,77.64423076923077,0.037346912346905015,515,501,33,1615,464,4,1615,464,4,77.68157768157768,80.5705849798155,71.81435640119007,77.53240518482957,77.72443590974557,1151,3.480603448275862
flag_filtered,record,christian_nt / Gregory the Elder and Nonna,1,77.64423076923077,0.015855894226135092,515,501,33,1613,464,4,1613,464,4,77.66008666345691,80.43751778088003,71.79001661781413,77.5108121095627,77.70302739067756,1149,3.476293103448276
flag_filtered,record,christian_nt / Herod and Cleopatra of Jerusalem,1,77.64423076923077,-0.021516621011329562,515,501,33,1613,465,4,1613,465,4,77.62271414821944,80.37098418141231,71.76538000781167,77.47358309317964,77.6657060518732,1148,3.468817204301075
flag_filtered,record,christian_nt / Herod and Doris,1,77.64423076923077,-0.010753135753134302,515,501,33,1614,465,4,1614,465,4,77.63347763347764,80.37098418141231,71.77784672612617,77.48439750360058,77.67642822851656,1149,3.470967741935484
flag_filtered,record,christian_nt / Herod and Malthace,1,77.64423076923077,0.015855894226135092,515,501,33,1613,464,4,1613,464,4,77.66008666345691,80.43751778088003,71.79001661781413,77.5108121095627,77.70302739067756,1149,3.476293103448276
flag_filtered,record,christian_nt / Herod and Mariamne I,1,77.64423076923077,0.04251621872103328,515,501,33,1612,463,4,1612,463,4,77.6867469879518,80.45082450077358,71.8028027065496,77.53727753727753,77.72967772967773,1149,3.4816414686825055
flag_filtered,record,christian_nt / Jairus and wife,1,77.64423076923077,0.037346912346905015,515,501,33,1615,464,4,1615,464,4,77.68157768157768,80.5705849798155,71.81435640119007,77.53240518482957,77.72443590974557,1151,3.480603448275862
flag_filtered,record,christian_nt / Joachim and Anne,1,77.64423076923077,0.037346912346905015,515,501,33,1615,464,4,1615,464,4,77.68157768157768,80.5705849798155,71.81435640119007,77.53240518482957,77.72443590974557,1151,3.480603448275862
flag_filtered,record,christian_nt / Leonides and wife,1,77.64423076923077,-0.07548981409328803,515,501,33,1608,465,4,1608,465,4,77.56874095513749,80.37098418141231,71.6981892532595,77.41935483870968,77.61194029850746,1143,3.458064516129032
flag_filtered,record,christian_nt / Lois and husband,1,77.64423076923077,0.037346912346905015,515,501,33,1615,464,4,1615,464,4,77.68157768157768,80.5705849798155,71.81435640119007,77.53240518482957,77.72443590974557,1151,3.480603448275862
flag_filtered,record,christian_nt / Mary and Joseph,1,77.64423076923077,0.020988719432992298,515,501,33,1610,463,4,1610,463,4,77.66521948866377,80.42801298095608,71.77689842287776,77.51564756860857,77.70823302840635,1147,3.4773218142548594
flag_filtered,record,christian_nt / Patricius and Monica,1,77.64423076923077,0.015855894226135092,515,501,33,1613,464,4,1613,464,4,77.66008666345691,80.43751778088003,71.79001661781413,77.5108121095627,77.70302739067756,1149,3.476293103448276
flag_filtered,record,christian_nt / Perpetua and husband,1,77.64423076923077,-0.010753135753134302,515,501,33,1614,465,4,1614,465,4,77.63347763347764,80.37098418141231,71.77784672612617,77.48439750360058,77.67642822851656,1149,3.470967741935484
flag_filtered,record,christian_nt / Peter and wife,1,77.64423076923077,0.037346912346905015,515,501,33,1615,464,4,1615,464,4,77.68157768157768,80.5705849798155,71.81435640119007,77.53240518482957,77.72443590974557,1151,3.480603448275862
flag_filtered,record,christian_nt / Philip the Evangelist and wife,1,77.64423076923077,0.14960352749369576,515,501,33,1615,461,4,1615,461,4,77.79383429672447,80.5705849798155,71.89102671882424,77.64423076923077,77.83653846153847,1154,3.5032537960954446
flag_filtered,record,christian_nt / Simon of Cyrene and wife,1,77.64423076923077,-0.021516621011329562,515,501,33,1613,465,4,1613,465,4,77.62271414821944,80.37098418141231,71.76538000781167,77.47358309317964,77.6657060518732,1148,3.468817204301075
flag_filtered,record,christian_nt / Theodosius I and Flaccilla,1,77.64423076923077,0.015855894226135092,515,501,33,1613,464,4,1613,464,4,77.66008666345691,80.43751778088003,71.79001661781413,77.5108121095627,77.70302739067756,1149,3.476293103448276
flag_filtered,record,christian_nt / Theodosius I and Galla,1,77.64423076923077,0.015855894226135092,515,501,33,1613,464,4,1613,464,4,77.66008666345691,80.43751778088003,71.79001661781413,77.5108121095627,77.70302739067756,1149,3.476293103448276
flag_filtered,record,christian_nt / Timothy's father and Eunice,1,77.64423076923077,-0.010753135753134302,515,501,33,1614,465,4,1614,465,4,77.63347763347764,80.37098418141231,71.77784672612617,77.48439750360058,77.67642822851656,1149,3.470967741935484
flag_filtered,record,christian_nt / Zebedee and Salome,1,77.64423076923077,-0.021516621011329562,515,501,33,1613,465,4,1613,465,4,77.62271414821944,80.37098418141231,71.76538000781167,77.47358309317964,77.6657060518732,1148,3.468817204301075
flag_filtered,record,christian_nt / Zechariah and Elizabeth,1,77.64423076923077,-0.010753135753134302,515,501,33,1614,465,4,1614,465,4,77.63347763347764,80.37098418141231,71.77784672612617,77.48439750360058,77.67642822851656,1149,3.470967741935484
flag_filtered,record,dede_korkut / Begil and wife (unnamed),1,77.64423076923077,-0.010753135753134302,515,501,33,1614,465,4,1614,465,4,77.63347763347764,80.37098418141231,71.68900651680404,77.48439750360058,77.67642822851656,1149,3.470967741935484
flag_filtered,record,dede_korkut / Dirse Khan and wife,1,77.64423076923077,-0.010753135753134302,515,501,33,1614,465,4,1614,465,4,77.63347763347764,80.37098418141231,71.68900651680404,77.48439750360058,77.67642822851656,1149,3.470967741935484
flag_filtered,record,dede_korkut / Kam Bure and wife (unnamed),1,77.64423076923077,0.2515221265221186,515,501,33,1614,458,4,1614,458,4,77.89575289575289,80.54563488001511,72.92638025417777,77.74566473988439,77.93834296724471,1156,3.524017467248908
flag_filtered,record,dede_korkut / Kanli Koja and wife (unnamed),1,77.64423076923077,-0.010753135753134302,515,501,33,1614,465,4,1614,465,4,77.63347763347764,80.37098418141231,71.68900651680404,77.48439750360058,77.67642822851656,1149,3.470967741935484
flag_filtered,record,dede_korkut / Kazilik Koja and wife (unnamed),1,77.64423076923077,-0.010753135753134302,515,501,33,1614,465,4,1614,465,4,77.63347763347764,80.37098418141231,71.68900651680404,77.48439750360058,77.67642822851656,1149,3.470967741935484
flag_filtered,record,dede_korkut / Salur Kazan and Burla Khatun,1,77.64423076923077,-0.010753135753134302,515,501,33,1614,465,4,1614,465,4,77.63347763347764,80.37098418141231,71.68900651680404,77.48439750360058,77.67642822851656,1149,3.470967741935484
flag_filtered,record,dede_korkut / Ushun Koja and wife (unnamed),1,77.64423076923077,0.015855894226135092,515,501,33,1613,464,4,1613,464,4,77.66008666345691,80.43751778088003,71.67346650126402,77.5108121095627,77.70302739067756,1149,3.476293103448276
flag_filtered,record,devi_bhagavata_purana / Kashyapa (mind-born Manasa),1,77.64423076923077,0.037346912346905015,515,501,32,1615,464,4,1615,464,4,77.68157768157768,80.5705849798155,74.03345463712083,77.53240518482957,77.72443590974557,1151,3.480603448275862
flag_filtered,record,egyptian / Amun and Mut,1,77.64423076923077,-0.010753135753134302,515,501,33,1614,465,4,1614,465,4,77.63347763347764,80.37098418141231,71.7395115673091,77.48439750360058,77.67642822851656,1149,3.470967741935484
flag_filtered,record,egyptian / Atum (Re-Atum; self-generated offspring),1,77.64423076923077,0.026606574368841507,515,501,33,1614,464,4,1614,464,4,77.67083734359962,80.47078458061391,71.89824172603925,77.52161383285302,77.7137367915466,1150,3.478448275862069
flag_filtered,record,egyptian / Geb and Nut,1,77.64423076923077,0.05326441381353675,515,501,33,1613,463,4,1613,463,4,77.69749518304431,80.47078458061391,72.04254187033939,77.54807692307692,77.74038461538461,1150,3.4838012958963285
flag_filtered,record,egyptian / Hermes and Nut (Rhea; Plutarch),1,77.64423076923077,0,515,502,33,1615,465,4,1615,465,4,77.64423076923077,80.41008580654893,71.79001661781413,77.49520153550864,77.68714011516315,1150,3.4731182795698925
flag_filtered,record,egyptian / Horus and Isis (four sons),1,77.64423076923077,-0.04307469986660806,515,501,33,1611,465,4,1611,465,4,77.60115606936417,80.37098418141231,71.53749136528889,77.45192307692308,77.64423076923077,1146,3.464516129032258
flag_filtered,record,egyptian / Osiris and Isis,1,77.64423076923077,-0.010753135753134302,515,501,33,1614,465,4,1614,465,4,77.63347763347764,80.37098418141231,71.7395115673091,77.48439750360058,77.67642822851656,1149,3.470967741935484
flag_filtered,record,egyptian / Osiris and Nephthys,1,77.64423076923077,-0.010753135753134302,515,501,33,1614,465,4,1614,465,4,77.63347763347764,80.37098418141231,71.7395115673091,77.48439750360058,77.67642822851656,1149,3.470967741935484
flag_filtered,record,egyptian / Ptah and Sekhmet,1,77.64423076923077,-0.010753135753134302,515,501,33,1614,465,4,1614,465,4,77.63347763347764,80.37098418141231,71.7395115673091,77.48439750360058,77.67642822851656,1149,3.470967741935484
flag_filtered,record,egyptian / Shu and Tefnut,1,77.64423076923077,0.026606574368841507,515,501,33,1614,464,4,1614,464,4,77.67083734359962,80.47078458061391,71.89824172603925,77.52161383285302,77.7137367915466,1150,3.478448275862069
flag_filtered,record,egyptian / Sun and Nut (Rhea; Plutarch),1,77.64423076923077,0,515,502,33,1615,465,4,1615,465,4,77.64423076923077,80.41008580654893,71.79001661781413,77.49520153550864,77.68714011516315,1150,3.4731182795698925
flag_filtered,record,fengshen_yanyi / Ji Chang (Fengshen Yanyi family account),1,77.64423076923077,-1.129079254079258,515,501,33,1515,465,4,1515,465,4,76.51515151515152,80.37098418141231,71.79001661781413,76.36088709677419,76.5625,1050,3.2580645161290325
flag_filtered,record,fengshen_yanyi / King Zhou and Queen Jiang,1,77.64423076923077,-0.021516621011329562,515,501,33,1613,465,4,1613,465,4,77.62271414821944,80.37098418141231,71.79001661781413,77.47358309317964,77.6657060518732,1148,3.468817204301075
flag_filtered,record,fengshen_yanyi / Li Jing and Lady Yin,1,77.64423076923077,-0.032290470723310705,515,501,33,1612,465,4,1612,465,4,77.61194029850746,80.37098418141231,71.79001661781413,77.462758289284,77.65497357039885,1147,3.466666666666667
flag_filtered,record,greek / Aphrodite and Ares,1,77.64423076923077,0.005094856973471451,515,501,33,1612,464,4,1612,464,4,77.64932562620425,80.4208843810131,71.75103920178755,77.5,77.6923076923077,1148,3.4741379310344827
flag_filtered,record,greek / Apollo and Coronis,1,77.64423076923077,-0.010753135753134302,515,501,33,1614,465,4,1614,465,4,77.63347763347764,80.37098418141231,71.76889190918943,77.48439750360058,77.67642822851656,1149,3.470967741935484
flag_filtered,record,greek / Atlas and Pleione,1,77.64423076923077,0.43994920174165486,515,501,33,1614,453,4,1614,453,4,78.08417997097243,80.55523107224602,72.1513219791195,77.9333655239015,78.12650893288267,1161,3.562913907284768
flag_filtered,record,greek / Cronus and Rhea,1,77.64423076923077,0.0799736666419335,515,501,33,1612,462,4,1612,462,4,77.724204435872707,80.47078458061391,71.80661019372975,77.57459095283927,77.76708373435996,1150,3.4891774891774894
flag_filtered,record,greek / Dionysus and Aphrodite,1,77.64423076923077,-0.010753135753134302,515,501,33,1614,465,4,1614,465,4,77.63347763347764,80.37098418141231,71.76889190918943,77.48439750360058,77.67642822851656,1149,3.470967741935484
flag_filtered,record,greek / Hephaestus and Aglaia,1,77.64423076923077,0.14960352749369576,515,501,33,1615,461,4,1615,461,4,77.79383429672447,80.5705849798155,71.90007049835982,77.64423076923077,77.83653846153847,1154,3.5032537960954446
flag_filtered,record,greek / Hera (parthenogenesis),1,77.64423076923077,-0.010753135753134302,515,501,33,1614,465,4,1614,465,4,77.63347763347764,80.37098418141231,71.76889190918943,77.48439750360058,77.67642822851656,1149,3.470967741935484
flag_filtered,record,greek / Heracles and Auge,1,77.64423076923077,-0.010753135753134302,515,501,33,1614,465,4,1614,465,4,77.63347763347764,80.37098418141231,71.76889190918943,77.48439750360058,77.67642822851656,1149,3.470967741935484
flag_filtered,record,greek / Heracles and Deianeira,1,77.64423076923077,-0.04307469986660806,515,501,33,1611,465,4,1611,465,4,77.60115606936417,80.37098418141231,71.70136210293012,77.45192307692308,77.64423076923077,1146,3.464516129032258
flag_filtered,record,greek / Hermes and Aphrodite,1,77.64423076923077,-0.010753135753134302,515,501,33,1614,465,4,1614,465,4,77.63347763347764,80.37098418141231,71.76889190918943,77.48439750360058,77.67642822851656,1149,3.470967741935484
flag_filtered,record,greek / Hermes and daughter of Dryops (unnamed),1,77.64423076923077,-0.010753135753134302,515,501,33,1614,465,4,1614,465,4,77.63347763347764,80.37098418141231,71.76889190918943,77.48439750360058,77.67642822851656,1149,3.470967741935484
flag_filtered,record,greek / Jason and Medea,1,77.64423076923077,-0.010753135753134302,515,501,33,1614,465,4,1614,465,4,77.63347763347764,80.37098418141231,71.76889190918943,77.48439750360058,77.67642822851656,1149,3.470967741935484
flag_filtered,record,greek / Orpheus and mother (unnamed),1,77.64423076923077,-0.010753135753134302,515,501,33,1614,465,4,1614,465,4,77.63347763347764,80.37098418141231,71.76889190918943,77.48439750360058,77.67642822851656,1149,3.470967741935484
flag_filtered,record,greek / Paris and Helen,1,77.64423076923077,0.037346912346905015,515,501,33,1615,464,4,1615,464,4,77.68157768157768,80.5705849798155,71.81624039403792,77.53240518482957,77.72443590974557,1151,3.480603448275862
flag_filtered,record,greek / Perseus and Andromeda,1,77.64423076923077,-0.027250547330140762,515,501,33,1609,464,4,1609,464,4,77.61698022190063,80.39949858118419,71.67909305861471,77.46750120365913,77.66008666345691,1145,3.4676724137931036
flag_filtered,record,greek / Poseidon and Amphitrite,1,77.64423076923077,-0.010753135753134302,515,501,33,1614,465,4,1614,465,4,77.63347763347764,80.37098418141231,71.76889190918943,77.48439750360058,77.67642822851656,1149,3.470967741935484
flag_filtered,record,greek / Prometheus and Pronoia,1,77.64423076923077,-0.010753135753134302,515,501,33,1614,465,4,1614,465,4,77.63347763347764,80.37098418141231,71.76889190918943,77.48439750360058,77.67642822851656,1149,3.470967741935484
flag_filtered,record,greek / Styx and Pallas,1,77.64423076923077,0.05326441381353675,515,501,33,1613,463,4,1613,463,4,77.69749518304431,80.47078458061391,71.80071630064496,77.54807692307692,77.74038461538461,1150,3.4838012958963285
flag_filtered,record,greek / Theseus and Hippolyta,1,77.64423076923077,-0.010753135753134302,515,501,33,1614,465,4,1614,465,4,77.63347763347764,80.37098418141231,71.76889190918943,77.48439750360058,77.67642822851656,1149,3.470967741935484
flag_filtered,record,greek / Zeus and Alcmene,1,77.64423076923077,-0.010753135753134302,515,501,33,1614,465,4,1614,465,4,77.63347763347764,80.37098418141231,71.76889190918943,77.48439750360058,77.67642822851656,1149,3.470967741935484
flag_filtered,record,greek / Zeus and Danae,1,77.64423076923077,-0.010753135753134302,515,501,33,1614,465,4,1614,465,4,77.63347763347764,80.37098418141231,71.76889190918943,77.48439750360058,77.67642822851656,1149,3.470967741935484
flag_filtered,record,greek / Zeus and Demeter,1,77.64423076923077,0.037346912346905015,515,501,33,1615,464,4,1615,464,4,77.68157768157768,80.5705849798155,71.81624039403792,77.53240518482957,77.72443590974557,1151,3.480603448275862
flag_filtered,record,greek / Zeus and Hera,1,77.64423076923077,0.06400225917558089,515,501,33,1614,463,4,1614,463,4,77.70823302840635,80.50405138034776,71.82234987595385,77.55886592984142,77.75108121095627,1151,3.485961123110151
flag_filtered,record,greek / Zeus and Leto,1,77.64423076923077,0.026606574368841507,515,501,33,1614,464,4,1614,464,4,77.67083734359962,80.47078458061391,71.79519662299414,77.52161383285302,77.7137367915466,1150,3.478448275862069
flag_filtered,record,greek / Zeus and Maia,1,77.64423076923077,-0.010753135753134302,515,501,33,1614,465,4,1614,465,4,77.63347763347764,80.37098418141231,71.76889190918943,77.48439750360058,77.67642822851656,1149,3.470967741935484
flag_filtered,record,greek / Zeus and Persephone,1,77.64423076923077,0.037346912346905015,515,501,33,1615,464,4,1615,464,4,77.68157768157768,80.5705849798155,71.81624039403792,77.53240518482957,77.72443590974557,1151,3.480603448275862
flag_filtered,record,greek / Zeus and Semele,1,77.64423076923077,-0.010753135753134302,515,501,33,1614,465,4,1614,465,4,77.63347763347764,80.37098418141231,71.76889190918943,77.48439750360058,77.67642822851656,1149,3.470967741935484
flag_filtered,record,hebrew_bible / Aaron and Elisheba,1,77.64423076923077,-0.04307469986660806,515,501,33,1611,465,4,1611,465,4,77.60115606936417,80.37098418141231,71.78426983899836,77.45192307692308,77.64423076923077,1146,3.464516129032258
flag_filtered,record,hebrew_bible / Abdon and wife (unnamed),1,77.64423076923077,-0.43834841628959964,515,501,33,1575,465,4,1575,465,4,77.20588235294117,80.37098418141231,71.72808049191622,77.05479452054794,77.25048923679061,1110,3.3870967741935485
flag_filtered,record,hebrew_bible / Abraham and Hagar,1,77.64423076923077,-0.010753135753134302,515,501,33,1614,465,4,1614,465,4,77.63347763347764,80.37098418141231,71.78858850893512,77.48439750360058,77.67642822851656,1149,3.470967741935484
flag_filtered,record,hebrew_bible / Abraham and Keturah,1,77.64423076923077,-0.06467435650175446,515,501,33,1609,465,4,1609,465,4,77.57955641272902,80.37098418141231,71.78136176078473,77.43022136669875,77.62271414821944,1144,3.460215053763441
flag_filtered,record,hebrew_bible / Abraham and Sarah,1,77.64423076923077,-0.010753135753134302,515,501,33,1614,465,4,1614,465,4,77.63347763347764,80.37098418141231,71.78858850893512,77.48439750360058,77.67642822851656,1149,3.470967741935484
flag_filtered,record,hebrew_bible / Adam and Eve,1,77.64423076923077,-0.032290470723310705,515,501,33,1612,465,4,1612,465,4,77.61194029850746,80.37098418141231,71.78571515387053,77.462758289284,77.65497357039885,1147,3.466666666666667
flag_filtered,record,hebrew_bible / Ahab and Jezebel,1,77.64423076923077,0.015855894226135092,515,501,33,1613,464,4,1613,464,4,77.66008666345691,80.43751778088003,71.79177575993113,77.5108121095627,77.70302739067756,1149,3.476293103448276
flag_filtered,record,hebrew_bible / Amon and Jedidah,1,77.64423076923077,-0.010753135753134302,515,501,33,1614,465,4,1614,465,4,77.63347763347764,80.37098418141231,71.78858850893512,77.48439750360058,77.67642822851656,1149,3.470967741935484
flag_filtered,record,hebrew_bible / Amram and Jochebed,1,77.64423076923077,0.015855894226135092,515,501,33,1613,464,4,1613,464,4,77.66008666345691,80.43751778088003,71.79177575993113,77.5108121095627,77.70302739067756,1149,3.476293103448276
flag_filtered,record,hebrew_bible / Asher and wife (unnamed),1,77.64423076923077,-0.00567655236329756,515,501,33,1611,464,4,1611,464,4,77.63855421686748,80.41090434109294,71.78890366549277,77.4891774891775,77.68157768157768,1147,3.4719827586206895
flag_filtered,record,hebrew_bible / Benjamin and wife (unnamed),1,77.64423076923077,-0.10799888517280465,515,501,33,1605,465,4,1605,465,4,77.53623188405797,80.37098418141231,71.77547481949226,77.38669238187079,77.57955641272902,1140,3.4516129032258065
flag_filtered,record,hebrew_bible / Boaz and Ruth,1,77.64423076923077,-0.010753135753134302,515,501,33,1614,465,4,1614,465,4,77.63347763347764,80.37098418141231,71.78858850893512,77.48439750360058,77.67642822851656,1149,3.470967741935484
flag_filtered,record,hebrew_bible / Caleb son of Jephunneh (mothers unassigned),1,77.64423076923077,0.005094856973471451,515,501,33,1612,464,4,1612,464,4,77.64932562620425,80.4208843810131,71.79034259056209,77.5,77.6923076923077,1148,3.4741379310344827
flag_filtered,record,hebrew_bible / Dan and wife (unnamed),1,77.64423076923077,-0.010753135753134302,515,501,33,1614,465,4,1614,465,4,77.63347763347764,80.37098418141231,71.78858850893512,77.48439750360058,77.67642822851656,1149,3.470967741935484
flag_filtered,record,hebrew_bible / David (other wives in Jerusalem),1,77.64423076923077,-0.09715206329161674,515,501,33,1606,465,4,1606,465,4,77.54707870593916,80.37098418141231,71.77695549247929,77.39759036144578,77.59036144578313,1141,3.453763440860215
flag_filtered,record,hebrew_bible / David and Abigail,1,77.64423076923077,-0.010753135753134302,515,501,33,1614,465,4,1614,465,4,77.63347763347764,80.37098418141231,71.78858850893512,77.48439750360058,77.67642822851656,1149,3.470967741935484
flag_filtered,record,hebrew_bible / David and Abital,1,77.64423076923077,-0.010753135753134302,515,501,33,1614,465,4,1614,465,4,77.63347763347764,80.37098418141231,71.78858850893512,77.48439750360058,77.67642822851656,1149,3.470967741935484
flag_filtered,record,hebrew_bible / David and Ahinoam,1,77.64423076923077,-0.010753135753134302,515,501,33,1614,465,4,1614,465,4,77.63347763347764,80.37098418141231,71.78858850893512,77.48439750360058,77.67642822851656,1149,3.470967741935484
flag_filtered,record,hebrew_bible / David and Bathsheba,1,77.64423076923077,-0.053869323447642614,515,501,33,1610,465,4,1610,465,4,77.59036144578313,80.37098418141231,71.78281871964879,77.44107744107744,77.63347763347764,1145,3.4623655913978495
flag_filtered,record,hebrew_bible / David and Eglah,1,77.64423076923077,-0.010753135753134302,515,501,33,1614,465,4,1614,465,4,77.63347763347764,80.37098418141231,71.78858850893512,77.48439750360058,77.67642822851656,1149,3.470967741935484
flag_filtered,record,hebrew_bible / David and Haggith,1,77.64423076923077,-0.010753135753134302,515,501,33,1614,465,4,1614,465,4,77.63347763347764,80.37098418141231,71.78858850893512,77.48439750360058,77.67642822851656,1149,3.470967741935484
flag_filtered,record,hebrew_bible / David and Maacah,1,77.64423076923077,0.026606574368841507,515,501,33,1614,464,4,1614,464,4,77.67083734359962,80.47078458061391,71.79320320806517,77.52161383285302,77.7137367915466,1150,3.478448275862069
flag_filtered,record,hebrew_bible / Eleazar and wife (unnamed),1,77.64423076923077,-0.010753135753134302,515,501,33,1614,465,4,1614,465,4,77.63347763347764,80.37098418141231,71.78858850893512,77.48439750360058,77.67642822851656,1149,3.470967741935484
flag_filtered,record,hebrew_bible / Eli and wife (unnamed),1,77.64423076923077,-0.021516621011329562,515,501,33,1613,465,4,1613,465,4,77.62271414821944,80.37098418141231,71.78715469902265,77.47358309317964,77.6657060518732,1148,3.468817204301075
flag_filtered,record,hebrew_bible / Elimelech and Naomi,1,77.64423076923077,-0.021516621011329562,515,501,33,1613,465,4,1613,465,4,77.62271414821944,80.37098418141231,71.78715469902265,77.47358309317964,77.6657060518732,1148,3.468817204301075
flag_filtered,record,hebrew_bible / Elkanah and Hannah,1,77.64423076923077,0.03175765892737559,515,501,33,1611,463,4,1611,463,4,77.67598842815815,80.43751778088003,71.7935561391763,77.5264677574591,77.71896053897979,1148,3.4794816414686824
flag_filtered,record,hebrew_bible / Enoch and wife (unnamed),1,77.64423076923077,-0.010753135753134302,515,501,33,1614,465,4,1614,465,4,77.63347763347764,80.37098418141231,71.78858850893512,77.48439750360058,77.67642822851656,1149,3.470967741935484
flag_filtered,record,hebrew_bible / Esau and Adah bint Elon,1,77.64423076923077,-0.010753135753134302,515,501,33,1614,465,4,1614,465,4,77.63347763347764,80.37098418141231,71.78858850893512,77.48439750360058,77.67642822851656,1149,3.470967741935484
flag_filtered,record,hebrew_bible / Esau and Basemath bint Ishmael,1,77.64423076923077,-0.010753135753134302,515,501,33,1614,465,4,1614,465,4,77.63347763347764,80.37098418141231,71.78858850893512,77.48439750360058,77.67642822851656,1149,3.470967741935484
flag_filtered,record,hebrew_bible / Esau and Oholibamah,1,77.64423076923077,-0.032290470723310705,515,501,33,1612,465,4,1612,465,4,77.61194029850746,80.37098418141231,71.78571515387053,77.462758289284,77.65497357039885,1147,3.466666666666667
flag_filtered,record,hebrew_bible / Gad and wife (unnamed),1,77.64423076923077,-0.07548981409328803,515,501,33,1608,465,4,1608,465,4,77.56874095513749,80.37098418141231,71.77989892708656,77.41935483870968,77.61194029850746,1143,3.458064516129032
flag_filtered,record,hebrew_bible / Gideon (many wives),1,77.64423076923077,-0.7785591274397348,515,501,33,1545,465,4,1545,465,4,76.86567164179104,80.37098418141231,71.67411882102708,76.71300893743793,76.91161866931479,1080,3.3225806451612905
flag_filtered,record,hebrew_bible / Gideon and concubine at Shechem (unnamed),1,77.64423076923077,-0.010753135753134302,515,501,33,1614,465,4,1614,465,4,77.63347763347764,80.37098418141231,71.78858850893512,77.48439750360058,77.67642822851656,1149,3.470967741935484
flag_filtered,record,hebrew_bible / Ham and wife (unnamed),1,77.64423076923077,-0.04307469986660806,515,501,33,1611,465,4,1611,465,4,77.60115606936417,80.37098418141231,71.78426983899836,77.45192307692308,77.64423076923077,1146,3.464516129032258
flag_filtered,record,hebrew_bible / Haran and wife (unnamed),1,77.64423076923077,0.06400225917558089,515,501,33,1614,463,4,1614,463,4,77.70823302840635,80.50405138034778,71.79783636599174,77.55886592984142,77.75108121095627,1151,3.485961123110151
flag_filtered,record,hebrew_bible / Hezekiah and Hephzibah,1,77.64423076923077,-0.010753135753134302,515,501,33,1614,465,4,1614,465,4,77.63347763347764,80.37098418141231,71.78858850893512,77.48439750360058,77.67642822851656,1149,3.470967741935484
flag_filtered,record,hebrew_bible / Hosea and Gomer,1,77.64423076923077,0.015855894226135092,515,501,33,1613,464,4,1613,464,4,77.66008666345691,80.43751778088003,71.79177575993113,77.5108121095627,77.70302739067756,1149,3.476293103448276
flag_filtered,record,hebrew_bible / Ibzan of Bethlehem and wives,1,77.64423076923077,0.8211157654226895,515,501,33,1585,435,4,1585,435,4,78.46534653465346,80.47078458061391,71.89813050375766,78.31027667984189,78.50790513833992,1150,3.6436781609195403
flag_filtered,record,hebrew_bible / Isaac and Rebekah,1,77.64423076923077,-0.021516621011329562,515,501,33,1613,465,4,1613,465,4,77.62271414821944,80.37098418141231,71.78715469902265,77.47358309317964,77.6657060518732,1148,3.468817204301075
flag_filtered,record,hebrew_bible / Isaiah and the prophetess,1,77.64423076923077,-0.021516621011329562,515,501,33,1613,465,4,1613,465,4,77.62271414821944,80.37098418141231,71.78715469902265,77.47358309317964,77.6657060518732,1148,3.468817204301075
flag_filtered,record,hebrew_bible / Ishmael and wife (unnamed),1,77.64423076923077,-0.09222302854378484,515,501,33,1603,464,4,1603,464,4,77.55200774068699,80.38633808898177,71.77718083105049,77.40222114920329,77.59536455818446,1139,3.4547413793103448
flag_filtered,record,hebrew_bible / Issachar and wife (unnamed),1,77.64423076923077,-0.04307469986660806,515,501,33,1611,465,4,1611,465,4,77.60115606936417,80.37098418141231,71.78426983899836,77.45192307692308,77.64423076923077,1146,3.464516129032258
flag_filtered,record,hebrew_bible / Jacob and Bilhah,1,77.64423076923077,-0.021516621011329562,515,501,33,1613,465,4,1613,465,4,77.62271414821944,80.37098418141231,71.78715469902265,77.47358309317964,77.6657060518732,1148,3.468817204301075
flag_filtered,record,hebrew_bible / Jacob and Leah,1,77.64423076923077,-0.027250547330140762,515,501,33,1609,464,4,1609,464,4,77.61698022190063,80.39949858118419,71.78600840900249,77.46750120365913,77.66008666345691,1145,3.4676724137931036
flag_filtered,record,hebrew_bible / Jacob and Rachel,1,77.64423076923077,-0.021516621011329562,515,501,33,1613,465,4,1613,465,4,77.62271414821944,80.37098418141231,71.78715469902265,77.47358309317964,77.6657060518732,1148,3.468817204301075
flag_filtered,record,hebrew_bible / Jacob and Zilpah,1,77.64423076923077,-0.021516621011329562,515,501,33,1613,465,4,1613,465,4,77.62271414821944,80.37098418141231,71.78715469902265,77.47358309317964,77.6657060518732,1148,3.468817204301075
flag_filtered,record,hebrew_bible / Japheth and wife (unnamed),1,77.64423076923077,-0.07548981409328803,515,501,33,1608,465,4,1608,465,4,77.56874095513749,80.37098418141231,71.77989892708656,77.41935483870968,77.61194029850746,1143,3.458064516129032
flag_filtered,record,hebrew_bible / Jehoshaphat and wife (unnamed),1,77.64423076923077,-0.07548981409328803,515,501,33,1608,465,4,1608,465,4,77.56874095513749,80.37098418141231,71.77989892708656,77.41935483870968,77.61194029850746,1143,3.458064516129032
flag_filtered,record,hebrew_bible / Jephthah and wife (unnamed),1,77.64423076923077,0.037346912346905015,515,501,33,1615,464,4,1615,464,4,77.68157768157768,80.5705849798155,71.79462496915484,77.53240518482957,77.72443590974557,1151,3.480603448275862
flag_filtered,record,hebrew_bible / Jesse and wife (unnamed),1,77.64423076923077,-5.803588010309113e-4,515,501,33,1608,463,4,1608,463,4,77.64365041042974,80.4153399143908,71.78922392580036,77.49397590361446,77.6867469879518,1145,3.473002159827214
flag_filtered,record,hebrew_bible / Job and wife (unnamed),1,77.64423076923077,0.03692865105908538,515,501,33,1608,462,4,1608,462,4,77.68115942028986,80.43086442093326,71.7939147973643,77.53134040501446,77.724204435872707,1146,3.4805194805194803
flag_filtered,record,hebrew_bible / Jonathan (son of Saul),1,77.64423076923077,-0.010753135753134302,515,501,33,1614,465,4,1614,465,4,77.63347763347764,80.37098418141231,71.78858850893512,77.48439750360058,77.67642822851656,1149,3.470967741935484
flag_filtered,record,hebrew_bible / Joseph and Asenath,1,77.64423076923077,-0.021516621011329562,515,501,33,1613,465,4,1613,465,4,77.62271414821944,80.37098418141231,71.78715469902265,77.47358309317964,77.6657060518732,1148,3.468817204301075
flag_filtered,record,hebrew_bible / Josiah and Hamutal,1,77.64423076923077,-0.021516621011329562,515,501,33,1613,465,4,1613,465,4,77.62271414821944,80.37098418141231,71.78715469902265,77.47358309317964,77.6657060518732,1148,3.468817204301075
flag_filtered,record,hebrew_bible / Josiah and Zebidah,1,77.64423076923077,-0.010753135753134302,515,501,33,1614,465,4,1614,465,4,77.63347763347764,80.37098418141231,71.78858850893512,77.48439750360058,77.67642822851656,1149,3.470967741935484
flag_filtered,record,hebrew_bible / Josiah and mother of Johanan (unnamed),1,77.64423076923077,-0.010753135753134302,515,501,33,1614,465,4,1614,465,4,77.63347763347764,80.37098418141231,71.78858850893512,77.48439750360058,77.67642822851656,1149,3.470967741935484
flag_filtered,record,hebrew_bible / Judah (first wife),1,77.64423076923077,-0.032290470723310705,515,501,33,1612,465,4,1612,465,4,77.61194029850746,80.37098418141231,71.78571515387053,77.462758289284,77.65497357039885,1147,3.466666666666667
flag_filtered,record,hebrew_bible / Judah and Tamar,1,77.64423076923077,-0.021516621011329562,515,501,33,1613,465,4,1613,465,4,77.62271414821944,80.37098418141231,71.78715469902265,77.47358309317964,77.6657060518732,1148,3.468817204301075
flag_filtered,record,hebrew_bible / Kohath and wife (unnamed),1,77.64423076923077,-0.04307469986660806,515,501,33,1611,465,4,1611,465,4,77.60115606936417,80.37098418141231,71.78426983899836,77.45192307692308,77.64423076923077,1146,3.464516129032258
flag_filtered,record,hebrew_bible / Lamech (Cainite) and Adah,1,77.64423076923077,-0.021516621011329562,515,501,33,1613,465,4,1613,465,4,77.62271414821944,80.37098418141231,71.78715469902265,77.47358309317964,77.6657060518732,1148,3.468817204301075
flag_filtered,record,hebrew_bible / Lamech (Cainite) and Zillah,1,77.64423076923077,0.026606574368841507,515,501,33,1614,464,4,1614,464,4,77.67083734359962,80.47078458061391,71.79320320806517,77.52161383285302,77.7137367915466,1150,3.478448275862069
flag_filtered,record,hebrew_bible / Lamech (Sethite) and wife (unnamed),1,77.64423076923077,-0.010753135753134302,515,501,33,1614,465,4,1614,465,4,77.63347763347764,80.37098418141231,71.78858850893512,77.48439750360058,77.67642822851656,1149,3.470967741935484
flag_filtered,record,hebrew_bible / Levi and wife (unnamed),1,77.64423076923077,0.005094856973471451,515,501,33,1612,464,4,1612,464,4,77.64932562620425,80.4208843810131,71.79034259056209,77.5,77.6923076923077,1148,3.4741379310344827
flag_filtered,record,hebrew_bible / Lot and wife (unnamed),1,77.64423076923077,0.14960352749369576,515,501,33,1615,461,4,1615,461,4,77.79383429672447,80.5705849798155,71.8085608452533,77.64423076923077,77.83653846153847,1154,3.5032537960954446
flag_filtered,record,hebrew_bible / Manasseh and Meshullemeth,1,77.64423076923077,-0.010753135753134302,515,501,33,1614,465,4,1614,465,4,77.63347763347764,80.37098418141231,71.78858850893512,77.48439750360058,77.67642822851656,1149,3.470967741935484
flag_filtered,record,hebrew_bible / Manoah and wife (unnamed),1,77.64423076923077,-0.010753135753134302,515,501,33,1614,465,4,1614,465,4,77.63347763347764,80.37098418141231,71.78858850893512,77.48439750360058,77.67642822851656,1149,3.470967741935484
flag_filtered,record,hebrew_bible / Methuselah and wife (unnamed),1,77.64423076923077,-0.010753135753134302,515,501,33,1614,465,4,1614,465,4,77.63347763347764,80.37098418141231,71.78858850893512,77.48439750360058,77.67642822851656,1149,3.470967741935484
flag_filtered,record,hebrew_bible / Moses and Zipporah,1,77.64423076923077,-0.021516621011329562,515,501,33,1613,465,4,1613,465,4,77.62271414821944,80.37098418141231,71.78715469902265,77.47358309317964,77.6657060518732,1148,3.468817204301075
flag_filtered,record,hebrew_bible / Naphtali and wife (unnamed),1,77.64423076923077,-0.04307469986660806,515,501,33,1611,465,4,1611,465,4,77.60115606936417,80.37098418141231,71.78426983899836,77.45192307692308,77.64423076923077,1146,3.464516129032258
flag_filtered,record,hebrew_bible / Noah and Naamah,1,77.64423076923077,-0.032290470723310705,515,501,33,1612,465,4,1612,465,4,77.61194029850746,80.37098418141231,71.78571515387053,77.462758289284,77.65497357039885,1147,3.466666666666667
flag_filtered,record,hebrew_bible / Rehoboam (wives and concubines; aggregate),1,77.64423076923077,2.0244439295644128,515,501,33,1587,405,4,1587,405,4,79.66867469879519,80.50707563486904,72.07611310932873,79.50901803607215,79.70941883767534,1182,3.9185185185185185
flag_filtered,record,hebrew_bible / Reuben and wife (unnamed),1,77.64423076923077,-0.04307469986660806,515,501,33,1611,465,4,1611,465,4,77.60115606936417,80.37098418141231,71.78426983899836,77.45192307692308,77.64423076923077,1146,3.464516129032258
flag_filtered,record,hebrew_bible / Samuel and wife (unnamed),1,77.64423076923077,-0.021516621011329562,515,501,33,1613,465,4,1613,465,4,77.62271414821944,80.37098418141231,71.78715469902265,77.47358309317964,77.6657060518732,1148,3.468817204301075
flag_filtered,record,hebrew_bible / Saul and Ahinoam,1,77.64423076923077,0.03175765892737559,515,501,33,1611,463,4,1611,463,4,77.67598842815815,80.43751778088003,71.7935561391763,77.5264677574591,77.71896053897979,1148,3.4794816414686824
flag_filtered,record,hebrew_bible / Saul and Rizpah,1,77.64423076923077,-0.021516621011329562,515,501,33,1613,465,4,1613,465,4,77.62271414821944,80.37098418141231,71.78715469902265,77.47358309317964,77.6657060518732,1148,3.468817204301075
flag_filtered,record,hebrew_bible / Seth and wife (unnamed),1,77.64423076923077,-0.010753135753134302,515,501,33,1614,465,4,1614,465,4,77.63347763347764,80.37098418141231,71.78858850893512,77.48439750360058,77.67642822851656,1149,3.470967741935484
flag_filtered,record,hebrew_bible / Shem and wife (unnamed),1,77.64423076923077,-0.053869323447642614,515,501,33,1610,465,4,1610,465,4,77.59036144578313,80.37098418141231,71.78281871964879,77.44107744107744,77.63347763347764,1145,3.4623655913978495
flag_filtered,record,hebrew_bible / Simeon and wife (unnamed),1,77.64423076923077,-0.06467435650175446,515,501,33,1609,465,4,1609,465,4,77.57955641272902,80.37098418141231,71.78136176078473,77.43022136669875,77.62271414821944,1144,3.460215053763441
flag_filtered,record,hebrew_bible / Solomon (daughters; mothers unassigned),1,77.64423076923077,0.07472976974901258,515,501,33,1615,463,4,1615,463,4,77.71896053897979,80.5705849798155,71.7992517171077,77.56964457252641,77.76176753121999,1152,3.488120950323974
flag_filtered,record,hebrew_bible / Solomon and Naamah,1,77.64423076923077,-0.010753135753134302,515,501,33,1614,465,4,1614,465,4,77.63347763347764,80.37098418141231,71.78858850893512,77.48439750360058,77.67642822851656,1149,3.470967741935484
flag_filtered,record,hebrew_bible / Terah (mothers not jointly identified),1,77.64423076923077,0.005094856973471451,515,501,33,1612,464,4,1612,464,4,77.64932562620425,80.4208843810131,71.79034259056209,77.5,77.6923076923077,1148,3.4741379310344827
flag_filtered,record,hebrew_bible / Zebulun and wife (unnamed),1,77.64423076923077,-0.032290470723310705,515,501,33,1612,465,4,1612,465,4,77.61194029850746,80.37098418141231,71.78571515387053,77.462758289284,77.65497357039885,1147,3.466666666666667
flag_filtered,record,islam / Abbas and Lubaba bint al-Harith,1,77.64423076923077,-0.027250547330140762,515,501,33,1609,464,4,1609,464,4,77.61698022190063,80.39949858118419,71.7723881414786,77.46750120365913,77.66008666345691,1145,3.4676724137931036
flag_filtered,record,islam / Abbas and Musliyah,1,77.64423076923077,-0.021516621011329562,515,501,33,1613,465,4,1613,465,4,77.62271414821944,80.37098418141231,71.78225946586194,77.47358309317964,77.6657060518732,1148,3.468817204301075
flag_filtered,record,islam / Abd Manaf and Atikah bint Murrah,1,77.64423076923077,0.19256305018014075,515,501,33,1612,459,4,1612,459,4,77.83679381941091,80.50405138034778,71.8145050230866,77.6867469879518,77.87951807228916,1153,3.5119825708061003
flag_filtered,record,islam / Abd Manaf and Rayta,1,77.64423076923077,-0.010753135753134302,515,501,33,1614,465,4,1614,465,4,77.63347763347764,80.37098418141231,71.78615055337345,77.48439750360058,77.67642822851656,1149,3.470967741935484
flag_filtered,record,islam / Abd Manaf and Waqidah,1,77.64423076923077,-0.010753135753134302,515,501,33,1614,465,4,1614,465,4,77.63347763347764,80.37098418141231,71.78615055337345,77.48439750360058,77.67642822851656,1149,3.470967741935484
flag_filtered,record,islam / Abd al-Muttalib and Fatimah bint Amr,1,77.64423076923077,0.1549970299970198,515,501,33,1612,460,4,1612,460,4,77.7992277992278,80.4957346804143,71.80837858262798,77.64932562620425,77.84200385356455,1152,3.5043478260869567
flag_filtered,record,islam / Abd al-Muttalib and Hala bint Uhayb,1,77.64423076923077,0.005094856973471451,515,501,33,1612,464,4,1612,464,4,77.64932562620425,80.4208843810131,71.78427193743578,77.5,77.6923076923077,1148,3.4741379310344827
flag_filtered,record,islam / Abd al-Muttalib and Lubna bint Hajir,1,77.64423076923077,-0.010753135753134302,515,501,33,1614,465,4,1614,465,4,77.63347763347764,80.37098418141231,71.78615055337345,77.48439750360058,77.67642822851656,1149,3.470967741935484
flag_filtered,record,islam / Abd al-Muttalib and Nutaylah bint Janab,1,77.64423076923077,-0.021516621011329562,515,501,33,1613,465,4,1613,465,4,77.62271414821944,80.37098418141231,71.78225946586194,77.47358309317964,77.6657060518732,1148,3.468817204301075
flag_filtered,record,islam / Abd al-Muttalib and Samra bint Jundub,1,77.64423076923077,-0.010753135753134302,515,501,33,1614,465,4,1614,465,4,77.63347763347764,80.37098418141231,71.78615055337345,77.48439750360058,77.67642822851656,1149,3.470967741935484
flag_filtered,record,islam / Abd al-Rahman ibn Awf and Sahla bint Suhayl,1,77.64423076923077,-0.010753135753134302,515,501,33,1614,465,4,1614,465,4,77.63347763347764,80.37098418141231,71.78615055337345,77.48439750360058,77.67642822851656,1149,3.470967741935484
flag_filtered,record,islam / Abd al-Rahman ibn Awf and Tumadur,1,77.64423076923077,-0.010753135753134302,515,501,33,1614,465,4,1614,465,4,77.63347763347764,80.37098418141231,71.78615055337345,77.48439750360058,77.67642822851656,1149,3.470967741935484
flag_filtered,record,islam / Abd al-Rahman ibn Awf and Umm Kulthum bint Uqba,1,77.64423076923077,-0.04307469986660806,515,501,33,1611,465,4,1611,465,4,77.60115606936417,80.37098418141231,71.774401243526,77.45192307692308,77.64423076923077,1146,3.464516129032258
flag_filtered,record,islam / Abd al-Rahman ibn Awf and Umm Kulthum bint Utba,1,77.64423076923077,-0.010753135753134302,515,501,33,1614,465,4,1614,465,4,77.63347763347764,80.37098418141231,71.78615055337345,77.48439750360058,77.67642822851656,1149,3.470967741935484
flag_filtered,record,islam / Abdullah ibn Abd al-Muttalib and Aminah,1,77.64423076923077,-0.010753135753134302,515,501,33,1614,465,4,1614,465,4,77.63347763347764,80.37098418141231,71.78615055337345,77.48439750360058,77.67642822851656,1149,3.470967741935484
flag_filtered,record,islam / Abu Bakr and Asma bint Umays,1,77.64423076923077,-0.010753135753134302,515,501,33,1614,465,4,1614,465,4,77.63347763347764,80.37098418141231,71.78615055337345,77.48439750360058,77.67642822851656,1149,3.470967741935484
flag_filtered,record,islam / Abu Bakr and Habibah bint Kharijah,1,77.64423076923077,0.037346912346905015,515,501,33,1615,464,4,1615,464,4,77.68157768157768,80.5705849798155,71.79592572443894,77.53240518482957,77.72443590974557,1151,3.480603448275862
flag_filtered,record,islam / Abu Bakr and Qutaylah,1,77.64423076923077,0.026606574368841507,515,501,33,1614,464,4,1614,464,4,77.67083734359962,80.47078458061391,71.79206627178525,77.52161383285302,77.7137367915466,1150,3.478448275862069
flag_filtered,record,islam / Abu Bakr and Umm Ruman,1,77.64423076923077,0.026606574368841507,515,501,33,1614,464,4,1614,464,4,77.67083734359962,80.47078458061391,71.79206627178525,77.52161383285302,77.7137367915466,1150,3.478448275862069
flag_filtered,record,islam / Abu Sufyan and Hind bint Utbah,1,77.64423076923077,0.05326441381353675,515,501,33,1613,463,4,1613,463,4,77.69749518304431,80.47078458061391,71.79414263134557,77.54807692307692,77.74038461538461,1150,3.4838012958963285
flag_filtered,record,islam / Abu Sufyan and Safiyyah bint Abi al-As,1,77.64423076923077,0.06400225917558089,515,501,33,1614,463,4,1614,463,4,77.70823302840635,80.50405138034778,71.79802040395298,77.55886592984142,77.75108121095627,1151,3.485961123110151
flag_filtered,record,islam / Abu Sufyan and Zaynab bint Nawfal,1,77.64423076923077,-0.010753135753134302,515,501,33,1614,465,4,1614,465,4,77.63347763347764,80.37098418141231,71.78615055337345,77.48439750360058,77.67642822851656,1149,3.470967741935484
flag_filtered,record,islam / Abu Talib and Fatimah bint Asad,1,77.64423076923077,0.06922798619613957,515,501,33,1611,462,4,1611,462,4,77.71345875542691,80.45652738072796,71.79232434562533,77.56379393355802,77.7563793933558,1149,3.487012987012987
flag_filtered,record,islam / Abu Talib and Illah,1,77.64423076923077,-0.010753135753134302,515,501,33,1614,465,4,1614,465,4,77.63347763347764,80.37098418141231,71.78615055337345,77.48439750360058,77.67642822851656,1149,3.470967741935484
flag_filtered,record,islam / Ali (daughters by unnamed mothers),1,77.64423076923077,0.4883284954039624,515,501,33,1615,452,4,1615,452,4,78.13255926463474,80.5705849798155,71.86992836176697,77.98165137614679,78.17479478512796,1163,3.5730088495575223
flag_filtered,record,islam / Ali Zayn al-Abidin (remaining mothers; al-Mufid),1,77.64423076923077,0.042119666393617194,515,501,33,1605,461,4,1605,461,4,77.68635043562439,80.42801298095608,71.77433477420674,77.53623188405797,77.72946859903382,1144,3.4815618221258133
flag_filtered,record,islam / Ali Zayn al-Abidin and Umm Abdullah bint al-Hasan,1,77.64423076923077,-0.010753135753134302,515,501,33,1614,465,4,1614,465,4,77.63347763347764,80.37098418141231,71.78615055337345,77.48439750360058,77.67642822851656,1149,3.470967741935484
flag_filtered,record,islam / Ali al-Hadi (other children; mothers unassigned),1,77.64423076923077,0.005094856973471451,515,501,33,1612,464,4,1612,464,4,77.64932562620425,80.4208843810131,71.78427193743578,77.5,77.6923076923077,1148,3.4741379310344827
flag_filtered,record,islam / Ali al-Hadi and Hadith,1,77.64423076923077,-0.010753135753134302,515,501,33,1614,465,4,1614,465,4,77.63347763347764,80.37098418141231,71.78615055337345,77.48439750360058,77.67642822851656,1149,3.470967741935484
flag_filtered,record,islam / Ali al-Ridha and Sabikah,1,77.64423076923077,-0.010753135753134302,515,501,33,1614,465,4,1614,465,4,77.63347763347764,80.37098418141231,71.78615055337345,77.48439750360058,77.67642822851656,1149,3.470967741935484
flag_filtered,record,islam / Ali and Amamah bint Abi al-As,1,77.64423076923077,-0.010753135753134302,515,501,33,1614,465,4,1614,465,4,77.63347763347764,80.37098418141231,71.78615055337345,77.48439750360058,77.67642822851656,1149,3.470967741935484
flag_filtered,record,islam / Ali and Asma bint Umays,1,77.64423076923077,-0.021516621011329562,515,501,33,1613,465,4,1613,465,4,77.62271414821944,80.37098418141231,71.78225946586194,77.47358309317964,77.6657060518732,1148,3.468817204301075
flag_filtered,record,islam / Ali and Fatimah,1,77.64423076923077,0.04251621872103328,515,501,33,1612,463,4,1612,463,4,77.6867469879518,80.45082450077358,71.79023951381915,77.53727753727753,77.72967772967773,1149,3.4816414686825055
flag_filtered,record,islam / Ali and Khawlah bint Ja'far,1,77.64423076923077,-0.010753135753134302,515,501,33,1614,465,4,1614,465,4,77.63347763347764,80.37098418141231,71.78615055337345,77.48439750360058,77.67642822851656,1149,3.470967741935484
flag_filtered,record,islam / Ali and Layla bint Mas'ud,1,77.64423076923077,-0.021516621011329562,515,501,33,1613,465,4,1613,465,4,77.62271414821944,80.37098418141231,71.78225946586194,77.47358309317964,77.6657060518732,1148,3.468817204301075
flag_filtered,record,islam / Ali and Mahyat bint Imru' al-Qays,1,77.64423076923077,0.037346912346905015,515,501,33,1615,464,4,1615,464,4,77.68157768157768,80.5705849798155,71.79592572443894,77.53240518482957,77.72443590974557,1151,3.480603448275862
flag_filtered,record,islam / Ali and Umm Habib bint Rabi'ah,1,77.64423076923077,0.026606574368841507,515,501,33,1614,464,4,1614,464,4,77.67083734359962,80.47078458061391,71.79206627178525,77.52161383285302,77.7137367915466,1150,3.478448275862069
flag_filtered,record,islam / Ali and Umm Sa'id bint Urwah,1,77.64423076923077,0.07472976974901258,515,501,33,1615,463,4,1615,463,4,77.71896053897979,80.5705849798155,71.80187307770856,77.56964457252641,77.76176753121999,1152,3.488120950323974
flag_filtered,record,islam / Ali and Umm ul-Banin,1,77.64423076923077,-0.04307469986660806,515,501,33,1611,465,4,1611,465,4,77.60115606936417,80.37098418141231,71.774401243526,77.45192307692308,77.64423076923077,1146,3.464516129032258
flag_filtered,record,islam / Hamza and Khawla bint Qays,1,77.64423076923077,-0.010753135753134302,515,501,33,1614,465,4,1614,465,4,77.63347763347764,80.37098418141231,71.78615055337345,77.48439750360058,77.67642822851656,1149,3.470967741935484
flag_filtered,record,islam / Hamza and Salma bint Umays,1,77.64423076923077,0.037346912346905015,515,501,33,1615,464,4,1615,464,4,77.68157768157768,80.5705849798155,71.79592572443894,77.53240518482957,77.72443590974557,1151,3.480603448275862
flag_filtered,record,islam / Hamza and daughter of al-Milla ibn Malik,1,77.64423076923077,-0.021516621011329562,515,501,33,1613,465,4,1613,465,4,77.62271414821944,80.37098418141231,71.78225946586194,77.47358309317964,77.6657060518732,1148,3.468817204301075
flag_filtered,record,islam / Harb and Safiyyah bint Hazn,1,77.64423076923077,0.06400225917558089,515,501,33,1614,463,4,1614,463,4,77.70823302840635,80.50405138034778,71.79802040395298,77.55886592984142,77.75108121095627,1151,3.485961123110151
flag_filtered,record,islam / Hasan al-Askari and Narjis,1,77.64423076923077,-0.010753135753134302,515,501,33,1614,465,4,1614,465,4,77.63347763347764,80.37098418141231,71.78615055337345,77.48439750360058,77.67642822851656,1149,3.470967741935484
flag_filtered,record,islam / Hasan ibn Ali (remaining mothers; al-Mufid),1,77.64423076923077,0.10673448173447753,515,501,33,1611,461,4,1611,461,4,77.75096525096525,80.47078458061391,71.79837758252798,77.60115606936417,77.79383429672447,1150,3.4945770065075923
flag_filtered,record,islam / Hasan ibn Ali and Khawla bint Manzur,1,77.64423076923077,-0.010753135753134302,515,501,33,1614,465,4,1614,465,4,77.63347763347764,80.37098418141231,71.78615055337345,77.48439750360058,77.67642822851656,1149,3.470967741935484
flag_filtered,record,islam / Hasan ibn Ali and Umm Bashir,1,77.64423076923077,0.06400225917558089,515,501,33,1614,463,4,1614,463,4,77.70823302840635,80.50405138034778,71.79802040395298,77.55886592984142,77.75108121095627,1151,3.485961123110151
flag_filtered,record,islam / Hasan ibn Ali and Umm Ishaq,1,77.64423076923077,0.015855894226135092,515,501,33,1613,464,4,1613,464,4,77.66008666345691,80.43751778088003,71.78818175775069,77.5108121095627,77.70302739067756,1149,3.476293103448276
flag_filtered,record,islam / Hashim and Salma bint Amr,1,77.64423076923077,0.026606574368841507,515,501,33,1614,464,4,1614,464,4,77.67083734359962,80.47078458061391,71.79206627178525,77.52161383285302,77.7137367915466,1150,3.478448275862069
flag_filtered,record,islam / Husayn ibn Ali and Layla,1,77.64423076923077,-0.010753135753134302,515,501,33,1614,465,4,1614,465,4,77.63347763347764,80.37098418141231,71.78615055337345,77.48439750360058,77.67642822851656,1149,3.470967741935484
flag_filtered,record,islam / Husayn ibn Ali and Rabab,1,77.64423076923077,0.026606574368841507,515,501,33,1614,464,4,1614,464,4,77.67083734359962,80.47078458061391,71.79206627178525,77.52161383285302,77.7137367915466,1150,3.478448275862069
flag_filtered,record,islam / Husayn ibn Ali and Shahrbanu,1,77.64423076923077,-0.010753135753134302,515,501,33,1614,465,4,1614,465,4,77.63347763347764,80.37098418141231,71.78615055337345,77.48439750360058,77.67642822851656,1149,3.470967741935484
flag_filtered,record,islam / Husayn ibn Ali and Umm Ishaq,1,77.64423076923077,0.037346912346905015,515,501,33,1615,464,4,1615,464,4,77.68157768157768,80.5705849798155,71.79592572443894,77.53240518482957,77.72443590974557,1151,3.480603448275862
flag_filtered,record,islam / Husayn ibn Ali and woman of Qudaa,1,77.64423076923077,-0.010753135753134302,515,501,33,1614,465,4,1614,465,4,77.63347763347764,80.37098418141231,71.78615055337345,77.48439750360058,77.67642822851656,1149,3.470967741935484
flag_filtered,record,islam / Ja'far al-Sadiq (remaining mothers; al-Mufid),1,77.64423076923077,0.05326441381353675,515,501,33,1613,463,4,1613,463,4,77.69749518304431,80.47078458061391,71.79414263134557,77.54807692307692,77.74038461538461,1150,3.4838012958963285
flag_filtered,record,islam / Ja'far al-Sadiq and Fatimah bint al-Husayn II,1,77.64423076923077,0.015855894226135092,515,501,33,1613,464,4,1613,464,4,77.66008666345691,80.43751778088003,71.78818175775069,77.5108121095627,77.70302739067756,1149,3.476293103448276
flag_filtered,record,islam / Ja'far al-Sadiq and mother of Musa (unnamed),1,77.64423076923077,-0.032290470723310705,515,501,33,1612,465,4,1612,465,4,77.61194029850746,80.37098418141231,71.77834311154841,77.462758289284,77.65497357039885,1147,3.466666666666667
flag_filtered,record,islam / Ja'far and Asma bint Umays,1,77.64423076923077,-0.032290470723310705,515,501,33,1612,465,4,1612,465,4,77.61194029850746,80.37098418141231,71.77834311154841,77.462758289284,77.65497357039885,1147,3.466666666666667
flag_filtered,record,islam / Khalid ibn al-Walid (Ibn Hazm enumeration),1,77.64423076923077,-0.04307469986660806,515,501,33,1611,465,4,1611,465,4,77.60115606936417,80.37098418141231,71.774401243526,77.45192307692308,77.64423076923077,1146,3.464516129032258
flag_filtered,record,islam / Mohammed and Khadijah,1,77.64423076923077,0.12818967435649142,515,501,33,1613,461,4,1613,461,4,77.77242044358727,80.50405138034778,71.8061816416224,77.62271414821944,77.81520692974013,1152,3.4989154013015185
flag_filtered,record,islam / Mohammed and Maria al-Qibtiyya,1,77.64423076923077,-0.010753135753134302,515,501,33,1614,465,4,1614,465,4,77.63347763347764,80.37098418141231,71.78615055337345,77.48439750360058,77.67642822851656,1149,3.470967741935484
flag_filtered,record,islam / Mu'awiya and Fakhitah bint Qarazah,1,77.64423076923077,0.026606574368841507,515,501,33,1614,464,4,1614,464,4,77.67083734359962,80.47078458061391,71.79206627178525,77.52161383285302,77.7137367915466,1150,3.478448275862069
flag_filtered,record,islam / Mu'awiya and Maysun bint Bahdal,1,77.64423076923077,-0.010753135753134302,515,501,33,1614,465,4,1614,465,4,77.63347763347764,80.37098418141231,71.78615055337345,77.48439750360058,77.67642822851656,1149,3.470967741935484
flag_filtered,record,islam / Muhammad al-Baqir (remaining mothers; al-Mufid),1,77.64423076923077,0.06400225917558089,515,501,33,1614,463,4,1614,463,4,77.70823302840635,80.50405138034778,71.79802040395298,77.55886592984142,77.75108121095627,1151,3.485961123110151
flag_filtered,record,islam / Muhammad al-Baqir and Umm Farwa,1,77.64423076923077,-0.021516621011329562,515,501,33,1613,465,4,1613,465,4,77.62271414821944,80.37098418141231,71.78225946586194,77.47358309317964,77.6657060518732,1148,3.468817204301075
flag_filtered,record,islam / Muhammad al-Baqir and Umm Hakim bint Asid,1,77.64423076923077,-0.021516621011329562,515,501,33,1613,465,4,1613,465,4,77.62271414821944,80.37098418141231,71.78225946586194,77.47358309317964,77.6657060518732,1148,3.468817204301075
flag_filtered,record,islam / Muhammad al-Jawad (other children; mothers unassigned),1,77.64423076923077,0.06400225917558089,515,501,33,1614,463,4,1614,463,4,77.70823302840635,80.50405138034778,71.79802040395298,77.55886592984142,77.75108121095627,1151,3.485961123110151
flag_filtered,record,islam / Muhammad al-Jawad and Summana,1,77.64423076923077,-0.010753135753134302,515,501,33,1614,465,4,1614,465,4,77.63347763347764,80.37098418141231,71.78615055337345,77.48439750360058,77.67642822851656,1149,3.470967741935484
flag_filtered,record,islam / Musa al-Kadhim (remaining mothers; al-Mufid),1,77.64423076923077,0.5358083697124698,515,501,33,1598,446,4,1598,446,4,78.18003913894324,80.4763290472362,71.84249108478728,78.02734375,78.22265625,1152,3.5829596412556053
flag_filtered,record,islam / Musa al-Kadhim and Umm al-Banin,1,77.64423076923077,-0.010753135753134302,515,501,33,1614,465,4,1614,465,4,77.63347763347764,80.37098418141231,71.78615055337345,77.48439750360058,77.67642822851656,1149,3.470967741935484
flag_filtered,record,islam / Sa'd ibn Abi Waqqas (remaining mothers; Ibn Sa'd),1,77.64423076923077,0.07472976974901258,515,501,33,1615,463,4,1615,463,4,77.71896053897979,80.5705849798155,71.80187307770856,77.56964457252641,77.76176753121999,1152,3.488120950323974
flag_filtered,record,islam / Sa'd ibn Abi Waqqas and Khawla bint Amr,1,77.64423076923077,-0.010753135753134302,515,501,33,1614,465,4,1614,465,4,77.63347763347764,80.37098418141231,71.78615055337345,77.48439750360058,77.67642822851656,1149,3.470967741935484
flag_filtered,record,islam / Sa'd ibn Abi Waqqas and Mawiyya bint Qays,1,77.64423076923077,0.09070898980536413,515,501,33,1613,462,4,1613,462,4,77.73493975903614,80.49074466045423,71.80014246489856,77.58537758537759,77.77777777777777,1151,3.4913419913419914
flag_filtered,record,islam / Sa'd ibn Abi Waqqas and Salma bint Khasafa,1,77.64423076923077,0.0799736666419335,515,501,33,1612,462,4,1612,462,4,77.724204435872707,80.47078458061391,71.79624622185092,77.57459095283927,77.76708373435996,1150,3.4891774891774894
flag_filtered,record,islam / Sa'd ibn Abi Waqqas and Salma of Taghlib,1,77.64423076923077,-0.010753135753134302,515,501,33,1614,465,4,1614,465,4,77.63347763347764,80.37098418141231,71.78615055337345,77.48439750360058,77.67642822851656,1149,3.470967741935484
flag_filtered,record,islam / Sa'd ibn Abi Waqqas and Tayba bint Amir,1,77.64423076923077,-0.010753135753134302,515,501,33,1614,465,4,1614,465,4,77.63347763347764,80.37098418141231,71.78615055337345,77.48439750360058,77.67642822851656,1149,3.470967741935484
flag_filtered,record,islam / Sa'd ibn Abi Waqqas and Umm Amir bint Amr,1,77.64423076923077,0.005094856973471451,515,501,33,1612,464,4,1612,464,4,77.64932562620425,80.4208843810131,71.78427193743578,77.5,77.6923076923077,1148,3.4741379310344827
flag_filtered,record,islam / Sa'd ibn Abi Waqqas and Umm Hakim bint Qariz,1,77.64423076923077,0.026606574368841507,515,501,33,1614,464,4,1614,464,4,77.67083734359962,80.47078458061391,71.79206627178525,77.52161383285302,77.7137367915466,1150,3.478448275862069
flag_filtered,record,islam / Sa'd ibn Abi Waqqas and Umm Hilal bint Rabi,1,77.64423076923077,0.015855894226135092,515,501,33,1613,464,4,1613,464,4,77.66008666345691,80.43751778088003,71.78818175775069,77.5108121095627,77.70302739067756,1149,3.476293103448276
flag_filtered,record,islam / Sa'd ibn Abi Waqqas and Umm Hujayr,1,77.64423076923077,0.026606574368841507,515,501,33,1614,464,4,1614,464,4,77.67083734359962,80.47078458061391,71.79206627178525,77.52161383285302,77.7137367915466,1150,3.478448275862069
flag_filtered,record,islam / Sa'd ibn Abi Waqqas and Zabd,1,77.64423076923077,0.1657065197224341,515,501,33,1613,460,4,1613,460,4,77.80993728895321,80.51355618027173,71.81226054977206,77.66008666345691,77.85267212325469,1153,3.506521739130435
flag_filtered,record,islam / Sa'd ibn Abi Waqqas and daughter of Shihab ibn Abdullah,1,77.64423076923077,0.026606574368841507,515,501,33,1614,464,4,1614,464,4,77.67083734359962,80.47078458061391,71.79206627178525,77.52161383285302,77.7137367915466,1150,3.478448275862069
flag_filtered,record,islam / Talha ibn Ubaydullah and Hamnah bint Jahsh,1,77.64423076923077,-0.021516621011329562,515,501,33,1613,465,4,1613,465,4,77.62271414821944,80.37098418141231,71.78225946586194,77.47358309317964,77.6657060518732,1148,3.468817204301075
flag_filtered,record,islam / Talut (wife unnamed),1,77.64423076923077,-0.10308846526174875,515,501,33,1602,464,4,1602,464,4,77.54114230396902,80.38524138129824,71.74372565268852,77.3913043478261,77.58454106280193,1138,3.4525862068965516
flag_filtered,record,islam / Umar and Atikah bint Zayd,1,77.64423076923077,-0.010753135753134302,515,501,33,1614,465,4,1614,465,4,77.63347763347764,80.37098418141231,71.78615055337345,77.48439750360058,77.67642822851656,1149,3.470967741935484
flag_filtered,record,islam / Umar and Umm Kulthum bint Ali,1,77.64423076923077,0.026606574368841507,515,501,33,1614,464,4,1614,464,4,77.67083734359962,80.47078458061391,71.79206627178525,77.52161383285302,77.7137367915466,1150,3.478448275862069
flag_filtered,record,islam / Umar and Zaynab bint Mazun,1,77.64423076923077,0.015855894226135092,515,501,33,1613,464,4,1613,464,4,77.66008666345691,80.43751778088003,71.78818175775069,77.5108121095627,77.70302739067756,1149,3.476293103448276
flag_filtered,record,islam / Umayya and Ama bint Abi Hamhama,1,77.64423076923077,-0.01645834878718233,515,501,33,1610,464,4,1610,464,4,77.62777242044359,80.40425098114618,71.77637538230795,77.47834456207892,77.67083734359962,1146,3.4698275862068964
flag_filtered,record,islam / Umayya and Amina bint Aban,1,77.64423076923077,0.06922798619613957,515,501,33,1611,462,4,1611,462,4,77.71345875542691,80.45652738072796,71.79232434562533,77.56379393355802,77.7563793933558,1149,3.487012987012987
flag_filtered,record,islam / Uthman and Fatimah bint al-Walid,1,77.64423076923077,0.015855894226135092,515,501,33,1613,464,4,1613,464,4,77.66008666345691,80.43751778088003,71.78818175775069,77.5108121095627,77.70302739067756,1149,3.476293103448276
flag_filtered,record,islam / Uthman and Ramlah bint Shaybah,1,77.64423076923077,0.11214862412502669,515,501,33,1615,462,4,1615,462,4,77.7563793933558,80.5705849798155,71.80785905015526,77.60691975012014,77.79913503123498,1153,3.4956709956709955
flag_filtered,record,islam / Uthman and Ruqayyah bint Muhammad,1,77.64423076923077,-0.010753135753134302,515,501,33,1614,465,4,1614,465,4,77.63347763347764,80.37098418141231,71.78615055337345,77.48439750360058,77.67642822851656,1149,3.470967741935484
flag_filtered,record,islam / Zubayr ibn al-Awwam and Asma bint Abi Bakr,1,77.64423076923077,0.06922798619613957,515,501,33,1611,462,4,1611,462,4,77.71345875542691,80.45652738072796,71.79232434562533,77.56379393355802,77.7563793933558,1149,3.487012987012987
flag_filtered,record,jain / Mahavira (24th Tirthankara) and Yashoda,1,77.64423076923077,0.037346912346905015,515,501,33,1615,464,4,1615,464,4,77.68157768157768,80.5705849798155,72.00646683426436,77.53240518482957,77.72443590974557,1151,3.480603448275862
flag_filtered,record,jain / Nabhi and Marudevi,1,77.64423076923077,0.026606574368841507,515,501,33,1614,464,4,1614,464,4,77.67083734359962,80.47078458061391,71.79001661781413,77.52161383285302,77.7137367915466,1150,3.478448275862069
flag_filtered,record,jain / Rishabhanatha and Sunanda,1,77.64423076923077,0.026606574368841507,515,501,33,1614,464,4,1614,464,4,77.67083734359962,80.47078458061391,71.79001661781413,77.52161383285302,77.7137367915466,1150,3.478448275862069
flag_filtered,record,jain / Siddhartha and Trishala,1,77.64423076923077,0.015855894226135092,515,501,33,1613,464,4,1613,464,4,77.66008666345691,80.43751778088003,71.48698631478383,77.5108121095627,77.70302739067756,1149,3.476293103448276
flag_filtered,record,kalevala / Ilmatar (Water-Mother),1,77.64423076923077,-0.010753135753134302,515,501,33,1614,465,4,1614,465,4,77.63347763347764,80.37098418141231,71.28496611276363,77.48439750360058,77.67642822851656,1149,3.470967741935484
flag_filtered,record,kalevala / Louhi (children in Runo 38; father unassigned),1,77.64423076923077,0.06400225917558089,515,501,33,1614,463,4,1614,463,4,77.70823302840635,80.50405138034778,73.30516813296565,77.55886592984142,77.75108121095627,1151,3.485961123110151
flag_filtered,record,king_gesar / Senglon Gyalpo and Lhakar Dronma,1,77.64423076923077,-0.010753135753134302,515,501,33,1614,465,4,1614,465,4,77.63347763347764,80.37098418141231,71.79001661781413,77.48439750360058,77.67642822851656,1149,3.470967741935484
flag_filtered,record,king_gesar / Senglon Gyalpo and mother of Gyatsa (unnamed),1,77.64423076923077,-0.010753135753134302,515,501,33,1614,465,4,1614,465,4,77.63347763347764,80.37098418141231,71.79001661781413,77.48439750360058,77.67642822851656,1149,3.470967741935484
flag_filtered,record,kojiki / Amaterasu (ukehi claimed offspring),1,77.64423076923077,-0.053869323447642614,515,501,33,1610,465,4,1610,465,4,77.59036144578313,80.37098418141231,71.6396293706527,77.44107744107744,77.63347763347764,1145,3.4623655913978495
flag_filtered,record,kojiki / Izanagi (Three Precious Children),1,77.64423076923077,0.015855894226135092,515,501,33,1613,464,4,1613,464,4,77.66008666345691,80.43751778088003,71.81445454547787,77.5108121095627,77.70302739067756,1149,3.476293103448276
flag_filtered,record,kojiki / Izanagi and Izanami (direct deity births),1,77.64423076923077,0.02049791293977421,515,501,33,1603,461,2,1603,461,2,77.66472868217055,80.4208843810131,71.76394949497282,77.58954501452081,77.68635043562439,1142,3.477223427331887
flag_filtered,record,kojiki / Ninigi and Konohanasakuya-hime,1,77.64423076923077,-0.032290470723310705,515,501,33,1612,465,4,1612,465,4,77.61194029850746,80.37098418141231,71.70622943725276,77.462758289284,77.65497357039885,1147,3.466666666666667
flag_filtered,record,kojiki / Susanoo (ukehi claimed offspring),1,77.64423076923077,0.11214862412502669,515,501,33,1615,462,4,1615,462,4,77.7563793933558,80.5705849798155,72.03090476192808,77.60691975012014,77.79913503123498,1153,3.4956709956709955
flag_filtered,record,kojiki / Susanoo and Kushinadahime,1,77.64423076923077,-0.010753135753134302,515,501,33,1614,465,4,1614,465,4,77.63347763347764,80.37098418141231,71.76394949497282,77.48439750360058,77.67642822851656,1149,3.470967741935484
flag_filtered,record,koroghlu / Koroghlu and Nigar,1,77.64423076923077,-0.010753135753134302,515,501,32,1614,465,4,1614,465,4,77.63347763347764,80.37098418141231,70.90845463712083,77.48439750360058,77.67642822851656,1149,3.470967741935484
flag_filtered,record,mahabharat / Abhimanyu and Uttara,1,77.64423076923077,-0.010753135753134302,515,501,33,1614,465,4,1614,465,4,77.63347763347764,80.37098418141231,71.78871334175048,77.48439750360058,77.67642822851656,1149,3.470967741935484
flag_filtered,record,mahabharat / Adhiratha and Radha,1,77.64423076923077,-0.010753135753134302,515,501,33,1614,465,4,1614,465,4,77.63347763347764,80.37098418141231,71.78871334175048,77.48439750360058,77.67642822851656,1149,3.470967741935484
flag_filtered,record,mahabharat / Agni and Svaha,1,77.64423076923077,-0.032290470723310705,515,501,33,1612,465,4,1612,465,4,77.61194029850746,80.37098418141231,71.78608156492515,77.462758289284,77.65497357039885,1147,3.466666666666667
flag_filtered,record,mahabharat / Agni and mother of Agneyi (unnamed),1,77.64423076923077,0.037346912346905015,515,501,33,1615,464,4,1615,464,4,77.68157768157768,80.5705849798155,71.798425851463,77.53240518482957,77.72443590974557,1151,3.480603448275862
flag_filtered,record,mahabharat / Angiras and Subha,1,77.64423076923077,0.2891347546707266,515,501,33,1614,457,4,1614,457,4,77.9333655239015,80.54840711332626,71.85772327918147,77.78313253012048,77.97590361445783,1157,3.5317286652078774
flag_filtered,record,mahabharat / Aniruddha and Rocana,1,77.64423076923077,-0.010753135753134302,515,501,33,1614,465,4,1614,465,4,77.63347763347764,80.37098418141231,71.78871334175048,77.48439750360058,77.67642822851656,1149,3.470967741935484
flag_filtered,record,mahabharat / Aniruddha and Subhadra (Wilson account),1,77.64423076923077,0,515,502,33,1615,465,4,1615,465,4,77.64423076923077,80.41008580654893,71.79001661781413,77.49520153550864,77.68714011516315,1150,3.4731182795698925
flag_filtered,record,mahabharat / Arjuna and Chitrangada,1,77.64423076923077,-0.010753135753134302,515,501,33,1614,465,4,1614,465,4,77.63347763347764,80.37098418141231,71.78871334175048,77.48439750360058,77.67642822851656,1149,3.470967741935484
flag_filtered,record,mahabharat / Arjuna and Draupadi,1,77.64423076923077,-0.010753135753134302,515,501,33,1614,465,4,1614,465,4,77.63347763347764,80.37098418141231,71.78871334175048,77.48439750360058,77.67642822851656,1149,3.470967741935484
flag_filtered,record,mahabharat / Arjuna and Subhadra,1,77.64423076923077,-0.010753135753134302,515,501,33,1614,465,4,1614,465,4,77.63347763347764,80.37098418141231,71.78871334175048,77.48439750360058,77.67642822851656,1149,3.470967741935484
flag_filtered,record,mahabharat / Arjuna and Ulupi,1,77.64423076923077,-0.010753135753134302,515,501,33,1614,465,4,1614,465,4,77.63347763347764,80.37098418141231,71.78871334175048,77.48439750360058,77.67642822851656,1149,3.470967741935484
flag_filtered,record,mahabharat / Bahlika and wife (unnamed),1,77.64423076923077,0.026606574368841507,515,501,33,1614,464,4,1614,464,4,77.67083734359962,80.47078458061391,71.79714542413754,77.52161383285302,77.7137367915466,1150,3.478448275862069
flag_filtered,record,mahabharat / Balarama and Revati,1,77.64423076923077,-0.021516621011329562,515,501,33,1613,465,4,1613,465,4,77.62271414821944,80.37098418141231,71.78740168449026,77.47358309317964,77.6657060518732,1148,3.468817204301075
flag_filtered,record,mahabharat / Bhagadatta and wife (unnamed),1,77.64423076923077,-0.010753135753134302,515,501,33,1614,465,4,1614,465,4,77.63347763347764,80.37098418141231,71.78871334175048,77.48439750360058,77.67642822851656,1149,3.470967741935484
flag_filtered,record,mahabharat / Bharadvaja (Drona; vessel birth),1,77.64423076923077,-0.010753135753134302,515,501,33,1614,465,4,1614,465,4,77.63347763347764,80.37098418141231,71.78871334175048,77.48439750360058,77.67642822851656,1149,3.470967741935484
flag_filtered,record,"mahabharat / Bharadvaja and wife (unnamed, other tradition)",1,77.64423076923077,-0.010753135753134302,515,501,33,1614,465,4,1614,465,4,77.63347763347764,80.37098418141231,71.78871334175048,77.48439750360058,77.67642822851656,1149,3.470967741935484
flag_filtered,record,mahabharat / Bharata (sons; mothers unassigned),1,77.64423076923077,-0.10799888517280465,515,501,33,1605,465,4,1605,465,4,77.53623188405797,80.37098418141231,71.77659674547547,77.38669238187079,77.57955641272902,1140,3.4516129032258065
flag_filtered,record,mahabharat / Bhima and Draupadi,1,77.64423076923077,-0.010753135753134302,515,501,33,1614,465,4,1614,465,4,77.63347763347764,80.37098418141231,71.78871334175048,77.48439750360058,77.67642822851656,1149,3.470967741935484
flag_filtered,record,mahabharat / Bhima and Hidimbi,1,77.64423076923077,-0.010753135753134302,515,501,33,1614,465,4,1614,465,4,77.63347763347764,80.37098418141231,71.78871334175048,77.48439750360058,77.67642822851656,1149,3.470967741935484
flag_filtered,record,mahabharat / Bhima and Valandhara,1,77.64423076923077,-0.010753135753134302,515,501,33,1614,465,4,1614,465,4,77.63347763347764,80.37098418141231,71.78871334175048,77.48439750360058,77.67642822851656,1149,3.470967741935484
flag_filtered,record,mahabharat / Bhrigu and Puloma,1,77.64423076923077,-0.010753135753134302,515,501,33,1614,465,4,1614,465,4,77.63347763347764,80.37098418141231,71.78871334175048,77.48439750360058,77.67642822851656,1149,3.470967741935484
flag_filtered,record,mahabharat / Bhrigu and mother of Shukra (unnamed),1,77.64423076923077,-0.010753135753134302,515,501,33,1614,465,4,1614,465,4,77.63347763347764,80.37098418141231,71.78871334175048,77.48439750360058,77.67642822851656,1149,3.470967741935484
flag_filtered,record,mahabharat / Brihaspati and Mamataa,1,77.64423076923077,-0.010753135753134302,515,501,33,1614,465,4,1614,465,4,77.63347763347764,80.37098418141231,71.78871334175048,77.48439750360058,77.67642822851656,1149,3.470967741935484
flag_filtered,record,mahabharat / Brihaspati and mother of Kacha (unnamed),1,77.64423076923077,-0.010753135753134302,515,501,33,1614,465,4,1614,465,4,77.63347763347764,80.37098418141231,71.78871334175048,77.48439750360058,77.67642822851656,1149,3.470967741935484
flag_filtered,record,mahabharat / Budha and Ila,1,77.64423076923077,-0.010753135753134302,515,501,33,1614,465,4,1614,465,4,77.63347763347764,80.37098418141231,71.78871334175048,77.48439750360058,77.67642822851656,1149,3.470967741935484
flag_filtered,record,mahabharat / Chandra and Tara,1,77.64423076923077,-0.010753135753134302,515,501,33,1614,465,4,1614,465,4,77.63347763347764,80.37098418141231,71.78871334175048,77.48439750360058,77.67642822851656,1149,3.470967741935484
flag_filtered,record,mahabharat / Chandra and mother of Varchas (unnamed),1,77.64423076923077,-0.010753135753134302,515,501,33,1614,465,4,1614,465,4,77.63347763347764,80.37098418141231,71.78871334175048,77.48439750360058,77.67642822851656,1149,3.470967741935484
flag_filtered,record,mahabharat / Devaka and mother of children (unassigned),1,77.64423076923077,0.21947150239803648,515,501,33,1611,458,4,1611,458,4,77.86370227162881,80.49800287130525,71.84544468987255,77.71345875542691,77.9064158224795,1153,3.517467248908297
flag_filtered,record,mahabharat / Devaki and Vasudev,1,77.64423076923077,-0.07548981409328803,515,501,33,1608,465,4,1608,465,4,77.56874095513749,80.37098418141231,71.78071480434018,77.41935483870968,77.61194029850746,1143,3.458064516129032
flag_filtered,record,mahabharat / Dhrishtadyumna and wife (unnamed),1,77.64423076923077,-0.04307469986660806,515,501,33,1611,465,4,1611,465,4,77.60115606936417,80.37098418141231,71.78475290089683,77.45192307692308,77.64423076923077,1146,3.464516129032258
flag_filtered,record,mahabharat / Dhritarashtra and Vaisya mother (unnamed),1,77.64423076923077,-0.010753135753134302,515,501,33,1614,465,4,1614,465,4,77.63347763347764,80.37098418141231,71.78871334175048,77.48439750360058,77.67642822851656,1149,3.470967741935484
flag_filtered,record,mahabharat / Drona and Kripi,1,77.64423076923077,-0.010753135753134302,515,501,33,1614,465,4,1614,465,4,77.63347763347764,80.37098418141231,71.78871334175048,77.48439750360058,77.67642822851656,1149,3.470967741935484
flag_filtered,record,mahabharat / Drupad (children; mothers unassigned),1,77.64423076923077,-0.07052366434918156,515,501,33,1605,464,4,1605,464,4,77.57370710488159,80.38912970853987,71.78523999390627,77.42402315484804,77.61698022190063,1141,3.459051724137931
flag_filtered,record,mahabharat / Duryodhana and mother of children (unassigned),1,77.64423076923077,0.026606574368841507,515,501,33,1614,464,4,1614,464,4,77.67083734359962,80.47078458061391,71.79714542413754,77.52161383285302,77.7137367915466,1150,3.478448275862069
flag_filtered,record,mahabharat / Dushasan and wife (unnamed),1,77.64423076923077,-0.010753135753134302,515,501,33,1614,465,4,1614,465,4,77.63347763347764,80.37098418141231,71.78871334175048,77.48439750360058,77.67642822851656,1149,3.470967741935484
flag_filtered,record,mahabharat / Dushyanta and Shakuntla,1,77.64423076923077,-0.010753135753134302,515,501,33,1614,465,4,1614,465,4,77.63347763347764,80.37098418141231,71.78871334175048,77.48439750360058,77.67642822851656,1149,3.470967741935484
flag_filtered,record,mahabharat / Ekalavya and wife (unnamed),1,77.64423076923077,-0.010753135753134302,515,501,33,1614,465,4,1614,465,4,77.63347763347764,80.37098418141231,71.78871334175048,77.48439750360058,77.67642822851656,1149,3.470967741935484
flag_filtered,record,mahabharat / Ghatotkacha and Kamakatankata,1,77.64423076923077,-0.010753135753134302,515,501,33,1614,465,4,1614,465,4,77.63347763347764,80.37098418141231,71.78871334175048,77.48439750360058,77.67642822851656,1149,3.470967741935484
flag_filtered,record,mahabharat / Ghatotkacha and mothers of sons (unassigned),1,77.64423076923077,-0.021516621011329562,515,501,33,1613,465,4,1613,465,4,77.62271414821944,80.37098418141231,71.78740168449026,77.47358309317964,77.6657060518732,1148,3.468817204301075
flag_filtered,record,mahabharat / Janamejaya and Vapusthama,1,77.64423076923077,-0.021516621011329562,515,501,33,1613,465,4,1613,465,4,77.62271414821944,80.37098418141231,71.78740168449026,77.47358309317964,77.6657060518732,1148,3.468817204301075
flag_filtered,record,mahabharat / Jarasandha and wife (unnamed),1,77.64423076923077,0.05326441381353675,515,501,33,1613,463,4,1613,463,4,77.69749518304431,80.47078458061391,71.80436651274346,77.54807692307692,77.74038461538461,1150,3.4838012958963285
flag_filtered,record,mahabharat / Jaratkaru and Manasa,1,77.64423076923077,-0.010753135753134302,515,501,33,1614,465,4,1614,465,4,77.63347763347764,80.37098418141231,71.78871334175048,77.48439750360058,77.67642822851656,1149,3.470967741935484
flag_filtered,record,mahabharat / Jayadratha and Dushala,1,77.64423076923077,-0.010753135753134302,515,501,33,1614,465,4,1614,465,4,77.63347763347764,80.37098418141231,71.78871334175048,77.48439750360058,77.67642822851656,1149,3.470967741935484
flag_filtered,record,mahabharat / Karna (sons; mothers unassigned),1,77.64423076923077,-0.06467435650175446,515,501,33,1609,465,4,1609,465,4,77.57955641272902,80.37098418141231,71.78206960546505,77.43022136669875,77.62271414821944,1144,3.460215053763441
flag_filtered,record,mahabharat / Krishna and Bhadra,1,77.64423076923077,-0.10799888517280465,515,501,33,1605,465,4,1605,465,4,77.53623188405797,80.37098418141231,71.77659674547547,77.38669238187079,77.57955641272902,1140,3.4516129032258065
flag_filtered,record,mahabharat / Krishna and Jambavati,1,77.64423076923077,-0.10799888517280465,515,501,33,1605,465,4,1605,465,4,77.53623188405797,80.37098418141231,71.77659674547547,77.38669238187079,77.57955641272902,1140,3.4516129032258065
flag_filtered,record,mahabharat / Krishna and Kalindi,1,77.64423076923077,-0.10799888517280465,515,501,33,1605,465,4,1605,465,4,77.53623188405797,80.37098418141231,71.77659674547547,77.38669238187079,77.57955641272902,1140,3.4516129032258065
flag_filtered,record,mahabharat / Krishna and Lakshmana,1,77.64423076923077,-0.10799888517280465,515,501,33,1605,465,4,1605,465,4,77.53623188405797,80.37098418141231,71.77659674547547,77.38669238187079,77.57955641272902,1140,3.4516129032258065
flag_filtered,record,mahabharat / Krishna and Mitravinda,1,77.64423076923077,-0.10799888517280465,515,501,33,1605,465,4,1605,465,4,77.53623188405797,80.37098418141231,71.77659674547547,77.38669238187079,77.57955641272902,1140,3.4516129032258065
flag_filtered,record,mahabharat / Krishna and Rukmini,1,77.64423076923077,-0.07052366434918156,515,501,33,1605,464,4,1605,464,4,77.57370710488159,80.38912970853987,71.78523999390627,77.42402315484804,77.61698022190063,1141,3.459051724137931
flag_filtered,record,mahabharat / Krishna and Satya (Nagnajiti),1,77.64423076923077,-0.10799888517280465,515,501,33,1605,465,4,1605,465,4,77.53623188405797,80.37098418141231,71.77659674547547,77.38669238187079,77.57955641272902,1140,3.4516129032258065
flag_filtered,record,mahabharat / Krishna and Satyabhama,1,77.64423076923077,-0.10799888517280465,515,501,33,1605,465,4,1605,465,4,77.53623188405797,80.37098418141231,71.77659674547547,77.38669238187079,77.57955641272902,1140,3.4516129032258065
flag_filtered,record,mahabharat / Kunti (via divine mantras; no mortal father),1,77.64423076923077,-0.032290470723310705,515,501,33,1612,465,4,1612,465,4,77.61194029850746,80.37098418141231,71.78608156492515,77.462758289284,77.65497357039885,1147,3.466666666666667
flag_filtered,record,mahabharat / Madri (via Ashwini Kumaras),1,77.64423076923077,-0.021516621011329562,515,501,33,1613,465,4,1613,465,4,77.62271414821944,80.37098418141231,71.78740168449026,77.47358309317964,77.6657060518732,1148,3.468817204301075
flag_filtered,record,mahabharat / Mrityu and mother of Sunitha (unnamed),1,77.64423076923077,0.037346912346905015,515,501,33,1615,464,4,1615,464,4,77.68157768157768,80.5705849798155,71.798425851463,77.53240518482957,77.72443590974557,1151,3.480603448275862
flag_filtered,record,mahabharat / Nahusa and mother of sons (unassigned),1,77.64423076923077,-0.06467435650175446,515,501,33,1609,465,4,1609,465,4,77.57955641272902,80.37098418141231,71.78206960546505,77.43022136669875,77.62271414821944,1144,3.460215053763441
flag_filtered,record,mahabharat / Nakula and Draupadi,1,77.64423076923077,-0.010753135753134302,515,501,33,1614,465,4,1614,465,4,77.63347763347764,80.37098418141231,71.78871334175048,77.48439750360058,77.67642822851656,1149,3.470967741935484
flag_filtered,record,mahabharat / Nakula and Karenumati,1,77.64423076923077,-0.010753135753134302,515,501,33,1614,465,4,1614,465,4,77.63347763347764,80.37098418141231,71.78871334175048,77.48439750360058,77.67642822851656,1149,3.470967741935484
flag_filtered,record,mahabharat / Nala and Damayanti,1,77.64423076923077,0.026606574368841507,515,501,33,1614,464,4,1614,464,4,77.67083734359962,80.47078458061391,71.79714542413754,77.52161383285302,77.7137367915466,1150,3.478448275862069
flag_filtered,record,mahabharat / Narakasura and wife (unnamed),1,77.64423076923077,-0.010753135753134302,515,501,33,1614,465,4,1614,465,4,77.63347763347764,80.37098418141231,71.78871334175048,77.48439750360058,77.67642822851656,1149,3.470967741935484
flag_filtered,record,mahabharat / Parasara and Satyavati,1,77.64423076923077,-0.010753135753134302,515,501,33,1614,465,4,1614,465,4,77.63347763347764,80.37098418141231,71.78871334175048,77.48439750360058,77.67642822851656,1149,3.470967741935484
flag_filtered,record,mahabharat / Parikshit and Madravati,1,77.64423076923077,-0.010753135753134302,515,501,33,1614,465,4,1614,465,4,77.63347763347764,80.37098418141231,71.78871334175048,77.48439750360058,77.67642822851656,1149,3.470967741935484
flag_filtered,record,mahabharat / Pradyumna and Rukmavati,1,77.64423076923077,-0.010753135753134302,515,501,33,1614,465,4,1614,465,4,77.63347763347764,80.37098418141231,71.78871334175048,77.48439750360058,77.67642822851656,1149,3.470967741935484
flag_filtered,record,mahabharat / Pururavas and Urvashi,1,77.64423076923077,-0.06467435650175446,515,501,33,1609,465,4,1609,465,4,77.57955641272902,80.37098418141231,71.78206960546505,77.43022136669875,77.62271414821944,1144,3.460215053763441
flag_filtered,record,mahabharat / Sahadeva and Draupadi,1,77.64423076923077,-0.010753135753134302,515,501,33,1614,465,4,1614,465,4,77.63347763347764,80.37098418141231,71.78871334175048,77.48439750360058,77.67642822851656,1149,3.470967741935484
flag_filtered,record,mahabharat / Sahadeva and Vijaya,1,77.64423076923077,-0.010753135753134302,515,501,33,1614,465,4,1614,465,4,77.63347763347764,80.37098418141231,71.78871334175048,77.48439750360058,77.67642822851656,1149,3.470967741935484
flag_filtered,record,mahabharat / Samvarana and Tapati,1,77.64423076923077,-0.010753135753134302,515,501,33,1614,465,4,1614,465,4,77.63347763347764,80.37098418141231,71.78871334175048,77.48439750360058,77.67642822851656,1149,3.470967741935484
flag_filtered,record,mahabharat / Shakuni and mother of Uluka (unnamed),1,77.64423076923077,-0.010753135753134302,515,501,33,1614,465,4,1614,465,4,77.63347763347764,80.37098418141231,71.78871334175048,77.48439750360058,77.67642822851656,1149,3.470967741935484
flag_filtered,record,mahabharat / Shalya and mothers of sons (unassigned),1,77.64423076923077,-0.021516621011329562,515,501,33,1613,465,4,1613,465,4,77.62271414821944,80.37098418141231,71.78740168449026,77.47358309317964,77.6657060518732,1148,3.468817204301075
flag_filtered,record,mahabharat / Shantanu and Ganga,1,77.64423076923077,-0.08631571131572002,515,501,33,1607,465,4,1607,465,4,77.55791505791505,80.37098418141231,71.7793511192735,77.40847784200385,77.60115606936417,1142,3.455913978494624
flag_filtered,record,mahabharat / Shantanu and Satyavati,1,77.64423076923077,-0.021516621011329562,515,501,33,1613,465,4,1613,465,4,77.62271414821944,80.37098418141231,71.78740168449026,77.47358309317964,77.6657060518732,1148,3.468817204301075
flag_filtered,record,mahabharat / Shikhandi and wife (unnamed),1,77.64423076923077,-0.010753135753134302,515,501,33,1614,465,4,1614,465,4,77.63347763347764,80.37098418141231,71.78871334175048,77.48439750360058,77.67642822851656,1149,3.470967741935484
flag_filtered,record,mahabharat / Shishupala and wife (unnamed),1,77.64423076923077,0.005094856973471451,515,501,33,1612,464,4,1612,464,4,77.64932562620425,80.4208843810131,71.79455970682014,77.5,77.6923076923077,1148,3.4741379310344827
flag_filtered,record,mahabharat / Shukra and Gau,1,77.64423076923077,-0.04307469986660806,515,501,33,1611,465,4,1611,465,4,77.60115606936417,80.37098418141231,71.78475290089683,77.45192307692308,77.64423076923077,1146,3.464516129032258
flag_filtered,record,mahabharat / Shukra and Jayanti,1,77.64423076923077,0.037346912346905015,515,501,33,1615,464,4,1615,464,4,77.68157768157768,80.5705849798155,71.798425851463,77.53240518482957,77.72443590974557,1151,3.480603448275862
flag_filtered,record,mahabharat / Shukra and Urjasvati (alternate account),1,77.64423076923077,0,515,502,33,1615,465,4,1615,465,4,77.64423076923077,80.41008580654893,71.79001661781413,77.49520153550864,77.68714011516315,1150,3.4731182795698925
flag_filtered,record,mahabharat / Shukra and mother of sons (Adi account),1,77.64423076923077,0,515,502,33,1615,465,4,1615,465,4,77.64423076923077,80.41008580654893,71.79001661781413,77.49520153550864,77.68714011516315,1150,3.4731182795698925
flag_filtered,record,mahabharat / Shurasena and Marisha,1,77.64423076923077,0.07974017507915221,515,501,33,1605,460,4,1605,460,4,77.72397094430993,80.43751778088003,71.82039307141679,77.57370710488159,77.7670372160464,1145,3.489130434782609
flag_filtered,record,mahabharat / Subala and mother of children (unassigned),1,77.64423076923077,-0.059689706428841305,515,501,33,1606,464,4,1606,464,4,77.58454106280193,80.39094426125263,71.78659774557548,77.43490838958535,77.62777242044359,1142,3.461206896551724
flag_filtered,record,mahabharat / Surya and Chhaya,1,77.64423076923077,0.015855894226135092,515,501,33,1613,464,4,1613,464,4,77.66008666345691,80.43751778088003,71.79585673599065,77.5108121095627,77.70302739067756,1149,3.476293103448276
flag_filtered,record,mahabharat / Surya and Kunti,1,77.64423076923077,-0.010753135753134302,515,501,33,1614,465,4,1614,465,4,77.63347763347764,80.37098418141231,71.78871334175048,77.48439750360058,77.67642822851656,1149,3.470967741935484
flag_filtered,record,mahabharat / Surya and Sanjna,1,77.64423076923077,-0.01645834878718233,515,501,33,1610,464,4,1610,464,4,77.62777242044359,80.40425098114618,71.79194029937483,77.47834456207892,77.67083734359962,1146,3.4698275862068964
flag_filtered,record,mahabharat / Ugrasen and mother of children (unassigned),1,77.64423076923077,0.09052237694541532,515,501,33,1606,460,4,1606,460,4,77.73475314617619,80.44227018084203,71.82165141816682,77.58454106280193,77.77777777777777,1146,3.491304347826087
flag_filtered,record,mahabharat / Uparicharira (five sons; mothers unassigned),1,77.64423076923077,-0.053869323447642614,515,501,33,1610,465,4,1610,465,4,77.59036144578313,80.37098418141231,71.78341560918003,77.44107744107744,77.63347763347764,1145,3.4623655913978495
flag_filtered,record,mahabharat / Uparicharira and Adrika,1,77.64423076923077,0.026606574368841507,515,501,33,1614,464,4,1614,464,4,77.67083734359962,80.47078458061391,71.79714542413754,77.52161383285302,77.7137367915466,1150,3.478448275862069
flag_filtered,record,mahabharat / Vasudev and Rohini,1,77.64423076923077,-0.04307469986660806,515,501,33,1611,465,4,1611,465,4,77.60115606936417,80.37098418141231,71.78475290089683,77.45192307692308,77.64423076923077,1146,3.464516129032258
flag_filtered,record,mahabharat / Vidura and daughter of Devaka (unnamed),1,77.64423076923077,0,515,502,33,1615,465,2,1615,465,2,77.64423076923077,80.41008580654893,71.79001661781413,77.56964457252641,77.6657060518732,1150,3.4731182795698925
flag_filtered,record,mahabharat / Virata and mothers of children (unassigned),1,77.64423076923077,-0.00567655236329756,515,501,33,1611,464,4,1611,464,4,77.63855421686748,80.41090434109294,71.7932542553823,77.4891774891775,77.68157768157768,1147,3.4719827586206895
flag_filtered,record,mahabharat / Vyasa and Ambalika,1,77.64423076923077,-0.010753135753134302,515,501,33,1614,465,4,1614,465,4,77.63347763347764,80.37098418141231,71.78871334175048,77.48439750360058,77.67642822851656,1149,3.470967741935484
flag_filtered,record,mahabharat / Vyasa and Ambika,1,77.64423076923077,-0.010753135753134302,515,501,33,1614,465,4,1614,465,4,77.63347763347764,80.37098418141231,71.78871334175048,77.48439750360058,77.67642822851656,1149,3.470967741935484
flag_filtered,record,mahabharat / Vyasa and maid (unnamed),1,77.64423076923077,-0.010753135753134302,515,501,33,1614,465,4,1614,465,4,77.63347763347764,80.37098418141231,71.78871334175048,77.48439750360058,77.67642822851656,1149,3.470967741935484
flag_filtered,record,mahabharat / Yayati and Devayani,1,77.64423076923077,-0.021516621011329562,515,501,33,1613,465,4,1613,465,4,77.62271414821944,80.37098418141231,71.78740168449026,77.47358309317964,77.6657060518732,1148,3.468817204301075
flag_filtered,record,mahabharat / Yayati and Sharmishtha,1,77.64423076923077,-0.032290470723310705,515,501,33,1612,465,4,1612,465,4,77.61194029850746,80.37098418141231,71.78608156492515,77.462758289284,77.65497357039885,1147,3.466666666666667
flag_filtered,record,mahabharat / Yayati and mother of Madhavi (unnamed),1,77.64423076923077,0.037346912346905015,515,501,33,1615,464,4,1615,464,4,77.68157768157768,80.5705849798155,71.798425851463,77.53240518482957,77.72443590974557,1151,3.480603448275862
flag_filtered,record,mahabharat / Yudhishthira and Devika,1,77.64423076923077,-0.010753135753134302,515,501,33,1614,465,4,1614,465,4,77.63347763347764,80.37098418141231,71.78871334175048,77.48439750360058,77.67642822851656,1149,3.470967741935484
flag_filtered,record,mahabharat / Yudhishthira and Draupadi,1,77.64423076923077,-0.010753135753134302,515,501,33,1614,465,4,1614,465,4,77.63347763347764,80.37098418141231,71.78871334175048,77.48439750360058,77.67642822851656,1149,3.470967741935484
flag_filtered,record,manas / Jakyp and Chiyirdi (Manas birth account),1,77.64423076923077,-0.010753135753134302,515,501,33,1614,465,4,1614,465,4,77.63347763347764,80.37098418141231,71.79001661781413,77.48439750360058,77.67642822851656,1149,3.470967741935484
flag_filtered,record,manas / Manas and Kanykei,1,77.64423076923077,-0.010753135753134302,515,501,33,1614,465,4,1614,465,4,77.63347763347764,80.37098418141231,71.79001661781413,77.48439750360058,77.67642822851656,1149,3.470967741935484
flag_filtered,record,manas / Semetei and Aychurok,1,77.64423076923077,-0.010753135753134302,515,501,33,1614,465,4,1614,465,4,77.63347763347764,80.37098418141231,71.79001661781413,77.48439750360058,77.67642822851656,1149,3.470967741935484
flag_filtered,record,mesopotamian / Anu (Enlil and Enki; mothers unassigned),1,77.64423076923077,-0.021516621011329562,515,501,33,1613,465,4,1613,465,4,77.62271414821944,80.37098418141231,71.59761642541395,77.47358309317964,77.6657060518732,1148,3.468817204301075
flag_filtered,record,mesopotamian / Enki and Damgalnunna (Enbilulu account),1,77.64423076923077,0,515,502,33,1615,465,4,1615,465,4,77.64423076923077,80.41008580654893,71.79001661781413,77.49520153550864,77.68714011516315,1150,3.4731182795698925
flag_filtered,record,mesopotamian / Enki and Ninhursag,1,77.64423076923077,0.037346912346905015,515,501,33,1615,464,4,1615,464,4,77.68157768157768,80.5705849798155,72.08462941242693,77.53240518482957,77.72443590974557,1151,3.480603448275862
flag_filtered,record,mesopotamian / Enlil and Ninlil,1,77.64423076923077,-0.04307469986660806,515,501,33,1611,465,4,1611,465,4,77.60115606936417,80.37098418141231,71.2512960790936,77.45192307692308,77.64423076923077,1146,3.464516129032258
flag_filtered,record,mesopotamian / Namma (Enki maternal account),1,77.64423076923077,0,515,502,33,1615,465,4,1615,465,4,77.64423076923077,80.41008580654893,71.79001661781413,77.49520153550864,77.68714011516315,1150,3.4731182795698925
flag_filtered,record,mesopotamian / Nanna and Ningal,1,77.64423076923077,0.026606574368841507,515,501,33,1614,464,4,1614,464,4,77.67083734359962,80.47078458061391,72.03051685831439,77.52161383285302,77.7137367915466,1150,3.478448275862069
flag_filtered,record,norse / Baldr and Nanna,1,77.64423076923077,-0.010753135753134302,515,501,33,1614,465,4,1614,465,4,77.63347763347764,80.37098418141231,71.77354757960597,77.48439750360058,77.67642822851656,1149,3.470967741935484
flag_filtered,record,norse / Borr and Bestla,1,77.64423076923077,-0.032290470723310705,515,501,33,1612,465,4,1612,465,4,77.61194029850746,80.37098418141231,71.73590406370158,77.462758289284,77.65497357039885,1147,3.466666666666667
flag_filtered,record,norse / Freyr and Gerdr,1,77.64423076923077,-0.010753135753134302,515,501,33,1614,465,4,1614,465,4,77.63347763347764,80.37098418141231,71.77354757960597,77.48439750360058,77.67642822851656,1149,3.470967741935484
flag_filtered,record,norse / Loki (as mare) and Svadilfari,1,77.64423076923077,-0.010753135753134302,515,501,33,1614,465,4,1614,465,4,77.63347763347764,80.37098418141231,71.77354757960597,77.48439750360058,77.67642822851656,1149,3.470967741935484
flag_filtered,record,norse / Loki and Angrboda,1,77.64423076923077,0.015855894226135092,515,501,33,1613,464,4,1613,464,4,77.66008666345691,80.43751778088003,71.88020420800173,77.5108121095627,77.70302739067756,1149,3.476293103448276
flag_filtered,record,norse / Loki and Sigyn,1,77.64423076923077,-0.010753135753134302,515,501,33,1614,465,4,1614,465,4,77.63347763347764,80.37098418141231,71.77354757960597,77.48439750360058,77.67642822851656,1149,3.470967741935484
flag_filtered,record,norse / Loki and mother of Vali (unassigned),1,77.64423076923077,-0.010753135753134302,515,501,33,1614,465,4,1614,465,4,77.63347763347764,80.37098418141231,71.77354757960597,77.48439750360058,77.67642822851656,1149,3.470967741935484
flag_filtered,record,norse / Njord and his unnamed sister,1,77.64423076923077,0.026606574368841507,515,501,33,1614,464,4,1614,464,4,77.67083734359962,80.47078458061391,71.89332240293811,77.52161383285302,77.7137367915466,1150,3.478448275862069
flag_filtered,record,norse / Odin (other sons; mothers unassigned),1,77.64423076923077,-0.021516621011329562,515,501,33,1613,465,4,1613,465,4,77.62271414821944,80.37098418141231,71.75558135610615,77.47358309317964,77.6657060518732,1148,3.468817204301075
flag_filtered,record,norse / Odin and Frigg,1,77.64423076923077,-0.010753135753134302,515,501,33,1614,465,4,1614,465,4,77.63347763347764,80.37098418141231,71.77354757960597,77.48439750360058,77.67642822851656,1149,3.470967741935484
flag_filtered,record,norse / Odin and Gridr,1,77.64423076923077,-0.010753135753134302,515,501,33,1614,465,4,1614,465,4,77.63347763347764,80.37098418141231,71.77354757960597,77.48439750360058,77.67642822851656,1149,3.470967741935484
flag_filtered,record,norse / Odin and Gunnlod,1,77.64423076923077,-0.010753135753134302,515,501,33,1614,465,4,1614,465,4,77.63347763347764,80.37098418141231,71.77354757960597,77.48439750360058,77.67642822851656,1149,3.470967741935484
flag_filtered,record,norse / Odin and Jord,1,77.64423076923077,-0.010753135753134302,515,501,33,1614,465,4,1614,465,4,77.63347763347764,80.37098418141231,71.77354757960597,77.48439750360058,77.67642822851656,1149,3.470967741935484
flag_filtered,record,norse / Odin and Rindr,1,77.64423076923077,-0.010753135753134302,515,501,33,1614,465,4,1614,465,4,77.63347763347764,80.37098418141231,71.77354757960597,77.48439750360058,77.67642822851656,1149,3.470967741935484
flag_filtered,record,norse / Sif and father of Ullr (unnamed),1,77.64423076923077,-0.010753135753134302,515,501,33,1614,465,4,1614,465,4,77.63347763347764,80.37098418141231,71.77354757960597,77.48439750360058,77.67642822851656,1149,3.470967741935484
flag_filtered,record,norse / Thor and Jarnsaxa,1,77.64423076923077,-0.010753135753134302,515,501,33,1614,465,4,1614,465,4,77.63347763347764,80.37098418141231,71.77354757960597,77.48439750360058,77.67642822851656,1149,3.470967741935484
flag_filtered,record,norse / Thor and Sif,1,77.64423076923077,0.037346912346905015,515,501,33,1615,464,4,1615,464,4,77.68157768157768,80.5705849798155,71.90529988527132,77.53240518482957,77.72443590974557,1151,3.480603448275862
flag_filtered,record,norse / Thor and mother of Modi (unassigned),1,77.64423076923077,-0.010753135753134302,515,501,33,1614,465,4,1614,465,4,77.63347763347764,80.37098418141231,71.77354757960597,77.48439750360058,77.67642822851656,1149,3.470967741935484
flag_filtered,record,oguzname / Oghuz Khan (six sons; mothers unassigned),1,77.64423076923077,-0.06467435650175446,515,501,32,1609,465,4,1609,465,4,77.57955641272902,80.37098418141231,70.90845463712083,77.43022136669875,77.62271414821944,1144,3.460215053763441
flag_filtered,record,panchatantra / King Amarashakti (three sons; mothers unassigned),1,77.64423076923077,-0.032290470723310705,515,501,32,1612,465,4,1612,465,4,77.61194029850746,80.37098418141231,70.90845463712083,77.462758289284,77.65497357039885,1147,3.466666666666667
flag_filtered,record,popol_vuh / Hun Hunahpu and Xbaquiyalo,1,77.64423076923077,-0.021516621011329562,515,501,33,1613,465,4,1613,465,4,77.62271414821944,80.37098418141231,71.79001661781413,77.47358309317964,77.6657060518732,1148,3.468817204301075
flag_filtered,record,popol_vuh / Hun Hunahpu and Xquic,1,77.64423076923077,-0.021516621011329562,515,501,33,1613,465,4,1613,465,4,77.62271414821944,80.37098418141231,71.79001661781413,77.47358309317964,77.6657060518732,1148,3.468817204301075
flag_filtered,record,quran / Imran and Hannah,1,77.64423076923077,0.037346912346905015,515,501,32,1615,464,4,1615,464,4,77.68157768157768,80.5705849798155,74.03345463712083,77.53240518482957,77.72443590974557,1151,3.480603448275862
flag_filtered,record,ramayan / Agastya and Lopamudra,1,77.64423076923077,-0.010753135753134302,515,501,33,1614,465,4,1614,465,4,77.63347763347764,80.37098418141231,71.78216318530318,77.48439750360058,77.67642822851656,1149,3.470967741935484
flag_filtered,record,ramayan / Angad and wife (unnamed),1,77.64423076923077,-0.010753135753134302,515,501,33,1614,465,4,1614,465,4,77.63347763347764,80.37098418141231,71.78216318530318,77.48439750360058,77.67642822851656,1149,3.470967741935484
flag_filtered,record,ramayan / Aruna and Shyeni,1,77.64423076923077,-0.021516621011329562,515,501,33,1613,465,4,1613,465,4,77.62271414821944,80.37098418141231,71.77409160188913,77.47358309317964,77.6657060518732,1148,3.468817204301075
flag_filtered,record,ramayan / Bharat and Mandavi,1,77.64423076923077,-0.021516621011329562,515,501,33,1613,465,4,1613,465,4,77.62271414821944,80.37098418141231,71.77409160188913,77.47358309317964,77.6657060518732,1148,3.468817204301075
flag_filtered,record,ramayan / Dasharatha and Kaikeyi,1,77.64423076923077,-0.010753135753134302,515,501,33,1614,465,4,1614,465,4,77.63347763347764,80.37098418141231,71.78216318530318,77.48439750360058,77.67642822851656,1149,3.470967741935484
flag_filtered,record,ramayan / Dasharatha and Kausalya,1,77.64423076923077,0.026606574368841507,515,501,33,1614,464,4,1614,464,4,77.67083734359962,80.47078458061391,71.81617914397667,77.52161383285302,77.7137367915466,1150,3.478448275862069
flag_filtered,record,ramayan / Dasharatha and Sumitra,1,77.64423076923077,-0.021516621011329562,515,501,33,1613,465,4,1613,465,4,77.62271414821944,80.37098418141231,71.77409160188913,77.47358309317964,77.6657060518732,1148,3.468817204301075
flag_filtered,record,ramayan / Gautama and Ahalya,1,77.64423076923077,-0.010753135753134302,515,501,33,1614,465,4,1614,465,4,77.63347763347764,80.37098418141231,71.78216318530318,77.48439750360058,77.67642822851656,1149,3.470967741935484
flag_filtered,record,ramayan / Jambavan (children; mothers unassigned),1,77.64423076923077,0.026606574368841507,515,501,33,1614,464,4,1614,464,4,77.67083734359962,80.47078458061391,71.81617914397667,77.52161383285302,77.7137367915466,1150,3.478448275862069
flag_filtered,record,ramayan / Janak and Sunayana,1,77.64423076923077,0.07472976974901258,515,501,33,1615,463,4,1615,463,4,77.71896053897979,80.5705849798155,71.85826668606421,77.56964457252641,77.76176753121999,1152,3.488120950323974
flag_filtered,record,ramayan / Kesari and Anjana,1,77.64423076923077,-0.010753135753134302,515,501,33,1614,465,4,1614,465,4,77.63347763347764,80.37098418141231,71.78216318530318,77.48439750360058,77.67642822851656,1149,3.470967741935484
flag_filtered,record,ramayan / Kuber and Charvi,1,77.64423076923077,0.015855894226135092,515,501,33,1613,464,4,1613,464,4,77.66008666345691,80.43751778088003,71.80847297429867,77.5108121095627,77.70302739067756,1149,3.476293103448276
flag_filtered,record,ramayan / Kumbhakarna and Karkati,1,77.64423076923077,-0.010753135753134302,515,501,33,1614,465,4,1614,465,4,77.63347763347764,80.37098418141231,71.78216318530318,77.48439750360058,77.67642822851656,1149,3.470967741935484
flag_filtered,record,ramayan / Kumbhakarna and Vajrajwala,1,77.64423076923077,-0.021516621011329562,515,501,33,1613,465,4,1613,465,4,77.62271414821944,80.37098418141231,71.77409160188913,77.47358309317964,77.6657060518732,1148,3.468817204301075
flag_filtered,record,ramayan / Kush and Kumudvati,1,77.64423076923077,-0.010753135753134302,515,501,33,1614,465,4,1614,465,4,77.63347763347764,80.37098418141231,71.78216318530318,77.48439750360058,77.67642822851656,1149,3.470967741935484
flag_filtered,record,ramayan / Lakshman and Urmila,1,77.64423076923077,-0.021516621011329562,515,501,33,1613,465,4,1613,465,4,77.62271414821944,80.37098418141231,71.77409160188913,77.47358309317964,77.6657060518732,1148,3.468817204301075
flag_filtered,record,ramayan / Malyavan and Sundari,1,77.64423076923077,-0.03805316305316353,515,501,33,1608,464,4,1608,464,4,77.60617760617761,80.3959342812127,71.76643932150957,77.45664739884393,77.64932562620425,1144,3.4655172413793105
flag_filtered,record,ramayan / Mayasura and Hema,1,77.64423076923077,0.015855894226135092,515,501,33,1613,464,4,1613,464,4,77.66008666345691,80.43751778088003,71.80847297429867,77.5108121095627,77.70302739067756,1149,3.476293103448276
flag_filtered,record,ramayan / Prahasta and wife (unnamed),1,77.64423076923077,-0.010753135753134302,515,501,33,1614,465,4,1614,465,4,77.63347763347764,80.37098418141231,71.78216318530318,77.48439750360058,77.67642822851656,1149,3.470967741935484
flag_filtered,record,ramayan / Ram and Sita,1,77.64423076923077,-0.021516621011329562,515,501,33,1613,465,4,1613,465,4,77.62271414821944,80.37098418141231,71.77409160188913,77.47358309317964,77.6657060518732,1148,3.468817204301075
flag_filtered,record,ramayan / Ravana (sons with mothers unassigned),1,77.64423076923077,-0.04307469986660806,515,501,33,1611,465,4,1611,465,4,77.60115606936417,80.37098418141231,71.75725658505411,77.45192307692308,77.64423076923077,1146,3.464516129032258
flag_filtered,record,ramayan / Ravana and Dhanyamalini,1,77.64423076923077,-0.010753135753134302,515,501,33,1614,465,4,1614,465,4,77.63347763347764,80.37098418141231,71.78216318530318,77.48439750360058,77.67642822851656,1149,3.470967741935484
flag_filtered,record,ramayan / Ravana and Mandodari,1,77.64423076923077,-0.010753135753134302,515,501,33,1614,465,4,1614,465,4,77.63347763347764,80.37098418141231,71.78216318530318,77.48439750360058,77.67642822851656,1149,3.470967741935484
flag_filtered,record,ramayan / Sampati and wife (unnamed),1,77.64423076923077,-0.010753135753134302,515,501,33,1614,465,4,1614,465,4,77.63347763347764,80.37098418141231,71.78216318530318,77.48439750360058,77.67642822851656,1149,3.470967741935484
flag_filtered,record,ramayan / Shatrughana and Shrutakriti,1,77.64423076923077,-0.021516621011329562,515,501,33,1613,465,4,1613,465,4,77.62271414821944,80.37098418141231,71.77409160188913,77.47358309317964,77.6657060518732,1148,3.468817204301075
flag_filtered,record,ramayan / Sumali and Ketumati,1,77.64423076923077,0.042119666393617194,515,501,33,1605,461,4,1605,461,4,77.68635043562439,80.42801298095608,71.85826668606421,77.53623188405797,77.72946859903382,1144,3.4815618221258133
flag_filtered,record,ramayan / Sunda and Tataka,1,77.64423076923077,-0.021516621011329562,515,501,33,1613,465,4,1613,465,4,77.62271414821944,80.37098418141231,71.77409160188913,77.47358309317964,77.6657060518732,1148,3.468817204301075
flag_filtered,record,ramayan / Vali and Tara,1,77.64423076923077,-0.010753135753134302,515,501,33,1614,465,4,1614,465,4,77.63347763347764,80.37098418141231,71.78216318530318,77.48439750360058,77.67642822851656,1149,3.470967741935484
flag_filtered,record,ramayan / Vibhishana and Sarama,1,77.64423076923077,0.037346912346905015,515,501,33,1615,464,4,1615,464,4,77.68157768157768,80.5705849798155,71.823674185718275,77.53240518482957,77.72443590974557,1151,3.480603448275862
flag_filtered,record,ramayan / Vidyutkesha and Salakatankata,1,77.64423076923077,-0.010753135753134302,515,501,33,1614,465,4,1614,465,4,77.63347763347764,80.37098418141231,71.78216318530318,77.48439750360058,77.67642822851656,1149,3.470967741935484
flag_filtered,record,ramayan / Vishrava and Ilavida,1,77.64423076923077,-0.010753135753134302,515,501,33,1614,465,4,1614,465,4,77.63347763347764,80.37098418141231,71.78216318530318,77.48439750360058,77.67642822851656,1149,3.470967741935484
flag_filtered,record,ramayan / Vishrava and Kaikesi,1,77.64423076923077,0.005094856973471451,515,501,33,1612,464,4,1612,464,4,77.64932562620425,80.4208843810131,71.80054662834415,77.5,77.6923076923077,1148,3.4741379310344827
flag_filtered,record,ramayan / Vishwamitra and Menaka,1,77.64423076923077,0.037346912346905015,515,501,33,1615,464,4,1615,464,4,77.68157768157768,80.5705849798155,71.823674185718275,77.53240518482957,77.72443590974557,1151,3.480603448275862
flag_filtered,record,roman / Aeneas and Creusa,1,77.64423076923077,-0.010753135753134302,515,501,33,1614,465,4,1614,465,4,77.63347763347764,80.37098418141231,71.68179150958903,77.48439750360058,77.67642822851656,1149,3.470967741935484
flag_filtered,record,roman / Aeneas and Lavinia,1,77.64423076923077,-0.010753135753134302,515,501,33,1614,465,4,1614,465,4,77.63347763347764,80.37098418141231,71.68179150958903,77.48439750360058,77.67642822851656,1149,3.470967741935484
flag_filtered,record,roman / Ascanius and mother of Silvius (unnamed),1,77.64423076923077,0,515,502,33,1615,465,4,1615,465,4,77.64423076923077,80.41008580654893,71.79001661781413,77.49520153550864,77.68714011516315,1150,3.4731182795698925
flag_filtered,record,roman / Mars and Rhea Silvia,1,77.64423076923077,-0.021516621011329562,515,501,33,1613,465,4,1613,465,4,77.62271414821944,80.37098418141231,71.53749136528889,77.47358309317964,77.6657060518732,1148,3.468817204301075
flag_filtered,record,roman / Numa Pompilius (four disputed sons; mothers unassigned),1,77.64423076923077,0,515,502,33,1615,465,4,1615,465,4,77.64423076923077,80.41008580654893,71.79001661781413,77.49520153550864,77.68714011516315,1150,3.4731182795698925
flag_filtered,record,roman / Numa Pompilius and Lucretia,1,77.64423076923077,0,515,502,33,1615,465,4,1615,465,4,77.64423076923077,80.41008580654893,71.79001661781413,77.49520153550864,77.68714011516315,1150,3.4731182795698925
flag_filtered,record,roman / Numa Pompilius and Tatia,1,77.64423076923077,0.037346912346905015,515,501,33,1615,464,4,1615,464,4,77.68157768157768,80.5705849798155,72.11469194248946,77.53240518482957,77.72443590974557,1151,3.480603448275862
flag_filtered,record,roman / Romulus and Hersilia,1,77.64423076923077,0.026606574368841507,515,501,33,1614,464,4,1614,464,4,77.67083734359962,80.47078458061391,72.04254187033939,77.52161383285302,77.7137367915466,1150,3.478448275862069
flag_filtered,record,roman / Venus and Anchises,1,77.64423076923077,-0.010753135753134302,515,501,33,1614,465,4,1614,465,4,77.63347763347764,80.37098418141231,71.68179150958903,77.48439750360058,77.67642822851656,1149,3.470967741935484
flag_filtered,record,sassoun / David of Sassoun and Chmshkig Sultan,1,77.64423076923077,0.037346912346905015,515,501,33,1615,464,4,1615,464,4,77.68157768157768,80.5705849798155,72.29506712286464,77.53240518482957,77.72443590974557,1151,3.480603448275862
flag_filtered,record,sassoun / David of Sassoun and Khandut,1,77.64423076923077,-0.010753135753134302,515,501,33,1614,465,4,1614,465,4,77.63347763347764,80.37098418141231,71.68900651680404,77.48439750360058,77.67642822851656,1149,3.470967741935484
flag_filtered,record,sassoun / Dzovinar (miraculous conception),1,77.64423076923077,-0.021516621011329562,515,501,33,1613,465,4,1613,465,4,77.62271414821944,80.37098418141231,71.53749136528889,77.47358309317964,77.6657060518732,1148,3.468817204301075
flag_filtered,record,sassoun / Mher the Elder and Armaghan,1,77.64423076923077,-0.010753135753134302,515,501,33,1614,465,4,1614,465,4,77.63347763347764,80.37098418141231,71.68900651680404,77.48439750360058,77.67642822851656,1149,3.470967741935484
flag_filtered,record,sassoun / Mher the Elder and Ismil Khatun,1,77.64423076923077,-0.010753135753134302,515,501,33,1614,465,4,1614,465,4,77.63347763347764,80.37098418141231,71.68900651680404,77.48439750360058,77.67642822851656,1149,3.470967741935484
flag_filtered,record,shahnameh / Bahman (Sasan and Homay; mothers unassigned),1,77.64423076923077,0.026606574368841507,515,501,33,1614,464,4,1614,464,4,77.67083734359962,80.47078458061391,71.81469970002959,77.52161383285302,77.7137367915466,1150,3.478448275862069
flag_filtered,record,shahnameh / Bahman and Homay,1,77.64423076923077,-0.010753135753134302,515,501,33,1614,465,4,1614,465,4,77.63347763347764,80.37098418141231,71.78821470469724,77.48439750360058,77.67642822851656,1149,3.470967741935484
flag_filtered,record,shahnameh / Esfandiyar (four sons; mothers unassigned),1,77.64423076923077,-0.04307469986660806,515,501,33,1611,465,4,1611,465,4,77.60115606936417,80.37098418141231,71.7826030324189,77.45192307692308,77.64423076923077,1146,3.464516129032258
flag_filtered,record,shahnameh / Fereydun and Arnavaz,1,77.64423076923077,-0.010753135753134302,515,501,33,1614,465,4,1614,465,4,77.63347763347764,80.37098418141231,71.78821470469724,77.48439750360058,77.67642822851656,1149,3.470967741935484
flag_filtered,record,shahnameh / Fereydun and Shahrnaz,1,77.64423076923077,-0.021516621011329562,515,501,33,1613,465,4,1613,465,4,77.62271414821944,80.37098418141231,71.78637911096133,77.47358309317964,77.6657060518732,1148,3.468817204301075
flag_filtered,record,shahnameh / Giv and Banu Goshasp,1,77.64423076923077,-0.010753135753134302,515,501,33,1614,465,4,1614,465,4,77.63347763347764,80.37098418141231,71.78821470469724,77.48439750360058,77.67642822851656,1149,3.470967741935484
flag_filtered,record,shahnameh / Goshtasp (other named children; mothers unassigned),1,77.64423076923077,0.020988719432992298,515,501,33,1610,463,4,1610,463,4,77.66521948866377,80.42801298095608,71.83607896824778,77.51564756860857,77.70823302840635,1147,3.4773218142548594
flag_filtered,record,shahnameh / Goshtasp and Katayun,1,77.64423076923077,-0.021516621011329562,515,501,33,1613,465,4,1613,465,4,77.62271414821944,80.37098418141231,71.78637911096133,77.47358309317964,77.6657060518732,1148,3.468817204301075
flag_filtered,record,shahnameh / Gudarz (children; mothers unassigned),1,77.64423076923077,-0.8326365663322264,515,501,33,1537,464,4,1537,464,4,76.81159420289855,80.37351077379716,71.3785626283785,76.65835411471322,76.85785536159601,1073,3.3125
flag_filtered,record,shahnameh / Jamshid (Shahrnaz and Arnavaz; daughter reading),1,77.64423076923077,0.07472976974901258,515,501,33,1615,463,4,1615,463,4,77.71896053897979,80.5705849798155,71.84302028909784,77.56964457252641,77.76176753121999,1152,3.488120950323974
flag_filtered,record,shahnameh / Kay Kavus and mother of Siyavash (unnamed),1,77.64423076923077,-0.010753135753134302,515,501,33,1614,465,4,1614,465,4,77.63347763347764,80.37098418141231,71.78821470469724,77.48439750360058,77.67642822851656,1149,3.470967741935484
flag_filtered,record,shahnameh / Rostam (Faramarz and Banu Goshasp; mother unassigned),1,77.64423076923077,0.026606574368841507,515,501,33,1614,464,4,1614,464,4,77.67083734359962,80.47078458061391,71.81469970002959,77.52161383285302,77.7137367915466,1150,3.478448275862069
flag_filtered,record,shahnameh / Rostam and Tahmineh,1,77.64423076923077,-0.010753135753134302,515,501,33,1614,465,4,1614,465,4,77.63347763347764,80.37098418141231,71.78821470469724,77.48439750360058,77.67642822851656,1149,3.470967741935484
flag_filtered,record,shahnameh / Sam and wife (unnamed),1,77.64423076923077,-0.010753135753134302,515,501,33,1614,465,4,1614,465,4,77.63347763347764,80.37098418141231,71.78821470469724,77.48439750360058,77.67642822851656,1149,3.470967741935484
flag_filtered,record,shahnameh / Siyavash and Farangis,1,77.64423076923077,-0.010753135753134302,515,501,33,1614,465,4,1614,465,4,77.63347763347764,80.37098418141231,71.78821470469724,77.48439750360058,77.67642822851656,1149,3.470967741935484
flag_filtered,record,shahnameh / Zal and Rudabeh,1,77.64423076923077,-0.021516621011329562,515,501,33,1613,465,4,1613,465,4,77.62271414821944,80.37098418141231,71.78637911096133,77.47358309317964,77.6657060518732,1148,3.468817204301075
flag_filtered,record,shiva_purana / Bali (Mahabali) and Ashana,1,77.64423076923077,-1.129079254079258,515,501,33,1515,465,4,1515,465,4,76.51515151515152,80.37098418141231,71.44317200867445,76.36088709677419,76.5625,1050,3.2580645161290325
flag_filtered,record,shiva_purana / Brahma (selected creations; no consort),1,77.64423076923077,-0.07052366434918156,515,501,33,1605,464,4,1605,464,4,77.57370710488159,80.38912970853987,71.78231826888356,77.42402315484804,77.61698022190063,1141,3.459051724137931
flag_filtered,record,shiva_purana / Daksha and Prasuti,1,77.64423076923077,0.9063528883567784,515,501,33,1615,441,4,1615,441,4,78.55058365758755,80.5705849798155,72.10603511565081,78.39805825242719,78.59223300970874,1174,3.6621315192743764
flag_filtered,record,shiva_purana / Himalaya (Himavan) and Mena,1,77.64423076923077,0.06400225917558089,515,501,33,1614,463,4,1614,463,4,77.70823302840635,80.50405138034778,71.81189403695183,77.55886592984142,77.75108121095627,1151,3.485961123110151
flag_filtered,record,shiva_purana / Hiranyakashipu and Kayadhu,1,77.64423076923077,-0.00567655236329756,515,501,33,1611,464,4,1611,464,4,77.63855421686748,80.41090434109294,71.79423113815768,77.4891774891775,77.68157768157768,1147,3.4719827586206895
flag_filtered,record,shiva_purana / Indra and Shachi,1,77.64423076923077,-0.032290470723310705,515,501,33,1612,465,4,1612,465,4,77.61194029850746,80.37098418141231,71.7842200366751,77.462758289284,77.65497357039885,1147,3.466666666666667
flag_filtered,record,shiva_purana / Indra and mother of Jayanti (unnamed),1,77.64423076923077,0.037346912346905015,515,501,33,1615,464,4,1615,464,4,77.68157768157768,80.5705849798155,71.80181368843473,77.53240518482957,77.72443590974557,1151,3.480603448275862
flag_filtered,record,shiva_purana / Kashyapa and Aditi,1,77.64423076923077,-0.12972399940485957,515,501,33,1603,465,4,1603,465,4,77.51450676982591,80.37098418141231,71.76583659363412,77.36486486486487,77.55791505791505,1138,3.447311827956989
flag_filtered,record,shiva_purana / Kashyapa and Diti,1,77.64423076923077,-0.561924214277596,515,501,33,1564,465,4,1564,465,4,77.08230655495318,80.37098418141231,71.66381386003243,76.93064436792916,77.12739793408755,1099,3.3634408602150536
flag_filtered,record,shiva_purana / Prahlada and wife (unnamed),1,77.64423076923077,-0.010753135753134302,515,501,33,1614,465,4,1614,465,4,77.63347763347764,80.37098418141231,71.78810191001708,77.48439750360058,77.67642822851656,1149,3.470967741935484
flag_filtered,record,shiva_purana / Pulastya and Havirbhu,1,77.64423076923077,-0.021516621011329562,515,501,33,1613,465,4,1613,465,4,77.62271414821944,80.37098418141231,71.7861697957855,77.47358309317964,77.6657060518732,1148,3.468817204301075
flag_filtered,record,shiva_purana / Shiva (other origins),1,77.64423076923077,-0.021516621011329562,515,501,33,1613,465,4,1613,465,4,77.62271414821944,80.37098418141231,71.7861697957855,77.47358309317964,77.6657060518732,1148,3.468817204301075
flag_filtered,record,shiva_purana / Shiva and Mohini,1,77.64423076923077,-0.010753135753134302,515,501,33,1614,465,4,1614,465,4,77.63347763347764,80.37098418141231,71.78810191001708,77.48439750360058,77.67642822851656,1149,3.470967741935484
flag_filtered,record,shiva_purana / Shiva and Parvati,1,77.64423076923077,0.04251621872103328,515,501,33,1612,463,4,1612,463,4,77.6867469879518,80.45082450077358,71.80819566825126,77.53727753727753,77.72967772967773,1149,3.4816414686825055
flag_filtered,record,shiva_purana / Virochana and wife (unnamed),1,77.64423076923077,-0.010753135753134302,515,501,33,1614,465,4,1614,465,4,77.63347763347764,80.37098418141231,71.78810191001708,77.48439750360058,77.67642822851656,1149,3.470967741935484
flag_filtered,record,silappadikaram / Kovalan and Madhavi,1,77.64423076923077,0.037346912346905015,515,501,32,1615,464,4,1615,464,4,77.68157768157768,80.5705849798155,74.03345463712083,77.53240518482957,77.72443590974557,1151,3.480603448275862
flag_filtered,record,sundiata / Maghan Kon Fatta and Namandje Kamara,1,77.64423076923077,-0.010753135753134302,515,501,33,1614,465,4,1614,465,4,77.63347763347764,80.37098418141231,71.48698631478383,77.48439750360058,77.67642822851656,1149,3.470967741935484
flag_filtered,record,sundiata / Maghan Kon Fatta and Sassouma Berete,1,77.64423076923077,0.026606574368841507,515,501,33,1614,464,4,1614,464,4,77.67083734359962,80.47078458061391,71.79001661781413,77.52161383285302,77.7137367915466,1150,3.478448275862069
flag_filtered,record,sundiata / Maghan Kon Fatta and Sogolon,1,77.64423076923077,0.06400225917558089,515,501,33,1614,463,4,1614,463,4,77.70823302840635,80.50405138034778,72.29506712286464,77.55886592984142,77.75108121095627,1151,3.485961123110151
flag_filtered,record,trojan_cycle / Achilles and Deidamia,1,77.64423076923077,-0.010753135753134302,515,501,33,1614,465,4,1614,465,4,77.63347763347764,80.37098418141231,71.76394949497282,77.48439750360058,77.67642822851656,1149,3.470967741935484
flag_filtered,record,trojan_cycle / Agamemnon and Clytemnestra,1,77.64423076923077,0.10143397065361626,515,501,33,1614,462,4,1614,462,4,77.74566473988439,80.52068478021471,72.01086307521973,77.59615384615384,77.78846153846153,1152,3.4935064935064934
flag_filtered,record,trojan_cycle / Hector and Andromache,1,77.64423076923077,-0.010753135753134302,515,501,33,1614,465,4,1614,465,4,77.63347763347764,80.37098418141231,71.76394949497282,77.48439750360058,77.67642822851656,1149,3.470967741935484
flag_filtered,record,trojan_cycle / Menelaus and Helen,1,77.64423076923077,0.037346912346905015,515,501,33,1615,464,4,1615,464,4,77.68157768157768,80.5705849798155,71.86495959598292,77.53240518482957,77.72443590974557,1151,3.480603448275862
flag_filtered,record,trojan_cycle / Odysseus and Penelope,1,77.64423076923077,-0.010753135753134302,515,501,33,1614,465,4,1614,465,4,77.63347763347764,80.37098418141231,71.76394949497282,77.48439750360058,77.67642822851656,1149,3.470967741935484
flag_filtered,record,trojan_cycle / Priam and Hecuba,1,77.64423076923077,-0.0555093302419607,515,501,33,1596,461,4,1596,461,4,77.58872143898881,80.4056973637433,71.05687878790212,77.43813682678312,77.63221737020864,1135,3.462039045553145
flag_filtered,source_category,arthurian,4,77.64423076923077,-0.032290470723310705,512,499,32,1612,465,4,1612,465,4,77.61194029850746,80.29231077131777,70.90845463712083,77.462758289284,77.65497357039885,1147,3.466666666666667
flag_filtered,source_category,bhagavata_purana,13,77.64423076923077,-0.1392207491906987,503,489,32,1547,449,4,1547,449,4,77.50501002004007,80.33237165962012,71.50369273235893,77.35,77.55,1098,3.44543429844098
flag_filtered,source_category,buddhist,5,77.64423076923077,0.08523782980304873,511,497,32,1609,461,4,1609,461,4,77.72946859903382,80.51481504001522,72.15845463712083,77.57955641272902,77.77242044358727,1148,3.490238611713666
flag_filtered,source_category,celtic,9,77.64423076923077,0.02049791293977421,507,494,32,1603,461,4,1603,461,4,77.66472868217055,80.31213847817995,71.68970463712083,77.51450676982591,77.70793036750483,1142,3.477223427331887
flag_filtered,source_category,christian_nt,31,77.64423076923077,0.4619816556189278,485,472,32,1559,437,4,1559,437,4,78.1062124248497,81.25233298755437,71.9501213037875,77.95,78.15,1122,3.5675057208237986
flag_filtered,source_category,dede_korkut,7,77.64423076923077,0.21429636255217588,509,495,32,1607,457,4,1607,457,4,77.85852713178295,80.37716446105232,72.47095463712083,77.70793036750483,77.90135396518376,1150,3.516411378555799
flag_filtered,source_category,devi_bhagavata_purana,1,77.64423076923077,0.037346912346905015,515,501,32,1615,464,4,1615,464,4,77.68157768157768,80.5705849798155,74.03345463712083,77.53240518482957,77.72443590974557,1151,3.480603448275862
flag_filtered,source_category,egyptian,10,77.64423076923077,0.02049791293977421,506,494,32,1603,461,4,1603,461,4,77.66472868217055,80.39648395726229,71.68970463712083,77.51450676982591,77.70793036750483,1142,3.477223427331887
flag_filtered,source_category,fengshen_yanyi,3,77.64423076923077,-1.1885345666991327,513,499,32,1510,465,4,1510,465,4,76.45569620253164,80.29231077131777,70.90845463712083,76.30116220313289,76.5032844871147,1045,3.247311827956989
flag_filtered,source_category,greek,27,77.64423076923077,0.71805210918113,489,475,32,1579,436,4,1579,436,4,78.3622828784119,80.8718382066266,72.3026854063516,78.20703318474493,78.40515106488361,1143,3.621559633027523
flag_filtered,source_category,hebrew_bible,82,77.64423076923077,0.41537607921564756,434,420,32,1231,346,4,1231,346,4,78.05960684844642,78.7775677871499,71.64776875242899,77.86211258697027,78.11511701454775,885,3.5578034682080926
flag_filtered,source_category,islam,93,77.64423076923077,3.02281275818585,423,409,32,1427,342,4,1427,342,4,80.66704352741662,82.53335171800818,72.14438711300508,80.48505358150028,80.71065989847716,1085,4.1725146198830405
flag_filtered,source_category,jain,4,77.64423076923077,0.10673448173447753,512,498,32,1611,461,4,1611,461,4,77.75096525096525,80.72127792815441,72.47095463712083,77.60115606936417,77.79383429672447,1150,3.4945770065075923
flag_filtered,source_category,kalevala,2,77.64423076923077,0.05326441381353675,514,500,32,1613,463,4,1613,463,4,77.69749518304431,80.46505948310848,72.47095463712083,77.54807692307692,77.74038461538461,1150,3.4838012958963285
flag_filtered,source_category,king_gesar,2,77.64423076923077,-0.021516621011329562,514,500,32,1613,465,4,1613,465,4,77.62271414821944,80.33172614977514,70.90845463712083,77.47358309317964,77.6657060518732,1148,3.468817204301075
flag_filtered,source_category,kojiki,6,77.64423076923077,0.05220651725043979,510,496,32,1592,457,2,1592,457,2,77.69643728648121,80.49233146818729,71.71490625002406,77.62067284251584,77.71818625060946,1135,3.483588621444201
flag_filtered,source_category,koroghlu,1,77.64423076923077,-0.010753135753134302,515,501,32,1614,465,4,1614,465,4,77.63347763347764,80.37098418141231,70.90845463712083,77.48439750360058,77.67642822851656,1149,3.470967741935484
flag_filtered,source_category,mahabharat,96,77.64423076923077,-1.5831102259370624,420,410,32,1344,423,2,1344,423,2,76.06112054329371,78.4405311332738,71.32778371060326,75.97512719050312,76.08818541548898,921,3.1773049645390072
flag_filtered,source_category,manas,3,77.64423076923077,-0.032290470723310705,513,499,32,1612,465,4,1612,465,4,77.61194029850746,80.29231077131777,70.90845463712083,77.462758289284,77.65497357039885,1147,3.466666666666667
flag_filtered,source_category,mesopotamian,6,77.64423076923077,-5.803588010309113e-4,510,498,32,1608,463,4,1608,463,4,77.64365041042974,80.5539419174449,71.60289908156527,77.49397590361446,77.6867469879518,1145,3.473002159827214
flag_filtered,source_category,norse,18,77.64423076923077,-0.11504788985334358,498,484,32,1594,462,4,1594,462,4,77.52918287937743,80.06032315748119,71.29907963712083,77.37864077669903,77.57281553398059,1132,3.45021645021645
flag_filtered,source_category,oguzname,1,77.64423076923077,-0.06467435650175446,515,501,32,1609,465,4,1609,465,4,77.57955641272902,80.37098418141231,70.90845463712083,77.43022136669875,77.62271414821944,1144,3.460215053763441
flag_filtered,source_category,panchatantra,1,77.64423076923077,-0.032290470723310705,515,501,32,1612,465,4,1612,465,4,77.61194029850746,80.37098418141231,70.90845463712083,77.462758289284,77.65497357039885,1147,3.466666666666667
flag_filtered,source_category,popol_vuh,2,77.64423076923077,-0.04307469986660806,514,500,32,1611,465,4,1611,465,4,77.60115606936417,80.33172614977514,70.90845463712083,77.45192307692308,77.64423076923077,1146,3.464516129032258
flag_filtered,source_category,quran,1,77.64423076923077,0.037346912346905015,515,501,32,1615,464,4,1615,464,4,77.68157768157768,80.5705849798155,74.03345463712083,77.53240518482957,77.72443590974557,1151,3.480603448275862
flag_filtered,source_category,ramayan,33,77.64423076923077,-0.12678311220186345,483,469,32,1555,451,4,1555,451,4,77.51744765702891,80.16759311327434,71.49967085333705,77.363184079602,77.56218905472637,1104,3.4478935698447892
flag_filtered,source_category,roman,9,77.64423076923077,0.010209385209378752,507,496,32,1609,463,4,1609,463,4,77.65444015444015,80.47553039291849,71.68970463712083,77.504816955684,77.69749518304431,1146,3.475161987041037
flag_filtered,source_category,sassoun,5,77.64423076923077,-0.01645834878718233,511,497,32,1610,464,4,1610,464,4,77.62777242044359,80.41421141828485,71.42928797045417,77.47834456207892,77.67083734359962,1146,3.4698275862068964
flag_filtered,source_category,shahnameh,16,77.64423076923077,-0.881166334933468,500,486,32,1513,458,4,1513,458,4,76.7630644342973,80.23806651490494,71.10914271051533,76.60759493670886,76.81012658227849,1055,3.3034934497816595
flag_filtered,source_category,shiva_purana,15,77.64423076923077,-1.0026807154094541,501,487,32,1424,434,4,1424,434,4,76.64155005382132,80.49614096641713,71.3448285109947,76.47690655209452,76.69172932330827,990,3.28110599078341
flag_filtered,source_category,silappadikaram,1,77.64423076923077,0.037346912346905015,515,501,32,1615,464,4,1615,464,4,77.68157768157768,80.5705849798155,74.03345463712083,77.53240518482957,77.72443590974557,1151,3.480603448275862
flag_filtered,source_category,sundiata,3,77.64423076923077,0.0799736666419335,513,499,32,1612,462,4,1612,462,4,77.724204435872707,80.5261117065215,72.47095463712083,77.57459095283927,77.76708373435996,1150,3.4891774891774894
flag_filtered,source_category,trojan_cycle,6,77.64423076923077,0.05220651725043979,510,496,32,1592,457,4,1592,457,4,77.69643728648121,80.56099673232943,71.71490625002406,77.54505601558695,77.73989283974672,1135,3.483588621444201
