version,specification,label,rows,sexed_rows,source_categories,sons,daughters,unknown_sex,weighted_sons,weighted_daughters,weighted_unknown_sex,male_pct,equal_record_pct,equal_category_pct,unknown_all_daughters_pct,unknown_all_sons_pct,extra_daughters_for_parity,daughters_multiplier_for_parity
current,all,All records,539,525,33,63149.0,480.0,4.0,63149.0,480.0,4.0,99.24562699398074,80.11977690831955,76.57504621202051,99.23938836767087,99.24567441421904,62669.0,131.56041666666667
current,flag_filtered,Exclude extreme-count and cross-tradition flags,516,502,33,1615.0,465.0,4.0,1615.0,465.0,4.0,77.64423076923077,80.41008580654893,71.79001661781413,77.49520153550864,77.68714011516315,1150.0,3.4731182795698925
current,direct_filtered,"Flag-filtered, couple or unnamed-spouse rows",469,456,29,1180.0,303.0,4.0,1180.0,303.0,4.0,79.56844234659474,81.71634998508569,73.9844509531126,79.35440484196369,79.62340282447882,877.0,3.8943894389438944
current,historical_filtered,"Flag-filtered, historical label only",104,103,2,201.0,127.0,0.0,201.0,127.0,0.0,61.28048780487805,71.87432578209277,64.66417910447761,61.28048780487805,61.28048780487805,74.0,1.5826771653543308
current,without_alternatives,"Flag-filtered, omit all alternative-target rows",404,403,32,1081.0,328.0,4.0,1081.0,328.0,4.0,76.72107877927608,81.94101321892884,74.03256881107832,76.5038924274593,76.7869780608634,753.0,3.2957317073170733
current,min_sexed_2,"Flag-filtered, at least 2 sex-specified children",271,271,26,1413.0,436.0,2.0,1413.0,436.0,2.0,76.41968631692806,74.41277887412386,72.94939020192513,76.33711507293354,76.44516477579687,977.0,3.2408256880733943
current,min_sexed_5,"Flag-filtered, at least 5 sex-specified children",93,93,14,1059.0,309.0,2.0,1059.0,309.0,2.0,77.41228070175438,74.81214775864767,73.65794424299057,77.2992700729927,77.44525547445255,750.0,3.4271844660194173
current,max_total_5,At most 5 recorded children per row,453,439,32,631.0,185.0,2.0,631.0,185.0,2.0,77.32843137254902,80.77069096431283,73.56233969068876,77.13936430317848,77.38386308068459,446.0,3.4108108108108106
current,max_total_10,At most 10 recorded children per row,505,491,33,937.0,280.0,2.0,937.0,280.0,2.0,76.99260476581759,80.2540167458701,72.41739943562746,76.86628383921247,77.03035274815423,657.0,3.3464285714285715
current,max_total_20,At most 20 recorded children per row,520,506,33,1072.0,339.0,4.0,1072.0,339.0,4.0,75.97448618001417,79.95154110272686,72.59714246254995,75.75971731448763,76.04240282685512,733.0,3.162241887905605
current,max_total_50,At most 50 recorded children per row,525,511,33,1188.0,386.0,4.0,1188.0,386.0,4.0,75.47649301143584,79.81469807407866,72.98110760135835,75.2851711026616,75.53865652724969,802.0,3.077720207253886
current,max_total_100,At most 100 recorded children per row,534,520,33,1844.0,478.0,4.0,1844.0,478.0,4.0,79.41429801894918,79.93242899016839,75.58827998629239,79.27773000859845,79.44969905417025,1366.0,3.8577405857740588
current,max_total_200,At most 200 recorded children per row,537,523,33,2149.0,480.0,4.0,2149.0,480.0,4.0,81.74210726511981,80.04375311064582,75.82776171040119,81.61792631978732,81.76984428408659,1669.0,4.477083333333334
current,cap_total_10,"All records, contribution capped at 10",539,525,33,63149.0,480.0,4.0,1201.982732131221,353.90615675766804,3.111111111111111,77.25376411612504,80.11977690831955,74.34670941024571,77.09959795581918,77.299156077122,,
current,cap_total_20,"All records, contribution capped at 20",539,525,33,63149.0,480.0,4.0,1393.4806157775931,397.5193842224068,4.0,77.80461282956968,80.11977690831955,74.90256135621807,77.63123207674613,77.85407330237287,,
current,cap_total_50,"All records, contribution capped at 50",539,525,33,63149.0,480.0,4.0,1826.7860805067849,447.21391949321514,4.0,80.33360072589203,80.11977690831955,75.7544980877178,80.19254084753226,80.368133472642,,
current,cap_total_200,"All records, contribution capped at 200",539,525,33,63149.0,480.0,4.0,2549.0,480.0,4.0,84.15318586992407,80.11977690831955,76.30666048001513,84.04220243982856,84.17408506429278,,
aeneas_livy_lavinia,all,All records,539,525,33,63149.0,480.0,4.0,63149.0,480.0,4.0,99.24562699398074,80.11977690831955,76.57504621202051,99.23938836767087,99.24567441421904,62669.0,131.56041666666667
aeneas_livy_lavinia,flag_filtered,Exclude extreme-count and cross-tradition flags,516,502,33,1615.0,465.0,4.0,1615.0,465.0,4.0,77.64423076923077,80.41008580654893,71.79001661781413,77.49520153550864,77.68714011516315,1150.0,3.4731182795698925
aeneas_livy_lavinia,direct_filtered,"Flag-filtered, couple or unnamed-spouse rows",469,456,29,1180.0,303.0,4.0,1180.0,303.0,4.0,79.56844234659474,81.71634998508569,73.9844509531126,79.35440484196369,79.62340282447882,877.0,3.8943894389438944
aeneas_livy_lavinia,historical_filtered,"Flag-filtered, historical label only",104,103,2,201.0,127.0,0.0,201.0,127.0,0.0,61.28048780487805,71.87432578209277,64.66417910447761,61.28048780487805,61.28048780487805,74.0,1.5826771653543308
aeneas_livy_lavinia,without_alternatives,"Flag-filtered, omit all alternative-target rows",404,403,32,1081.0,328.0,4.0,1081.0,328.0,4.0,76.72107877927608,81.94101321892884,74.03256881107832,76.5038924274593,76.7869780608634,753.0,3.2957317073170733
aeneas_livy_lavinia,min_sexed_2,"Flag-filtered, at least 2 sex-specified children",271,271,26,1413.0,436.0,2.0,1413.0,436.0,2.0,76.41968631692806,74.41277887412386,72.94939020192513,76.33711507293354,76.44516477579687,977.0,3.2408256880733943
aeneas_livy_lavinia,min_sexed_5,"Flag-filtered, at least 5 sex-specified children",93,93,14,1059.0,309.0,2.0,1059.0,309.0,2.0,77.41228070175438,74.81214775864767,73.65794424299057,77.2992700729927,77.44525547445255,750.0,3.4271844660194173
aeneas_livy_lavinia,max_total_5,At most 5 recorded children per row,453,439,32,631.0,185.0,2.0,631.0,185.0,2.0,77.32843137254902,80.77069096431283,73.56233969068876,77.13936430317848,77.38386308068459,446.0,3.4108108108108106
aeneas_livy_lavinia,max_total_10,At most 10 recorded children per row,505,491,33,937.0,280.0,2.0,937.0,280.0,2.0,76.99260476581759,80.2540167458701,72.41739943562746,76.86628383921247,77.03035274815423,657.0,3.3464285714285715
aeneas_livy_lavinia,max_total_20,At most 20 recorded children per row,520,506,33,1072.0,339.0,4.0,1072.0,339.0,4.0,75.97448618001417,79.95154110272686,72.59714246254995,75.75971731448763,76.04240282685512,733.0,3.162241887905605
aeneas_livy_lavinia,max_total_50,At most 50 recorded children per row,525,511,33,1188.0,386.0,4.0,1188.0,386.0,4.0,75.47649301143584,79.81469807407866,72.98110760135835,75.2851711026616,75.53865652724969,802.0,3.077720207253886
aeneas_livy_lavinia,max_total_100,At most 100 recorded children per row,534,520,33,1844.0,478.0,4.0,1844.0,478.0,4.0,79.41429801894918,79.93242899016839,75.58827998629239,79.27773000859845,79.44969905417025,1366.0,3.8577405857740588
aeneas_livy_lavinia,max_total_200,At most 200 recorded children per row,537,523,33,2149.0,480.0,4.0,2149.0,480.0,4.0,81.74210726511981,80.04375311064582,75.82776171040119,81.61792631978732,81.76984428408659,1669.0,4.477083333333334
aeneas_livy_lavinia,cap_total_10,"All records, contribution capped at 10",539,525,33,63149.0,480.0,4.0,1201.982732131221,353.90615675766804,3.111111111111111,77.25376411612504,80.11977690831955,74.34670941024571,77.09959795581918,77.299156077122,,
aeneas_livy_lavinia,cap_total_20,"All records, contribution capped at 20",539,525,33,63149.0,480.0,4.0,1393.4806157775931,397.5193842224068,4.0,77.80461282956968,80.11977690831955,74.90256135621807,77.63123207674613,77.85407330237287,,
aeneas_livy_lavinia,cap_total_50,"All records, contribution capped at 50",539,525,33,63149.0,480.0,4.0,1826.7860805067849,447.21391949321514,4.0,80.33360072589203,80.11977690831955,75.7544980877178,80.19254084753226,80.368133472642,,
aeneas_livy_lavinia,cap_total_200,"All records, contribution capped at 200",539,525,33,63149.0,480.0,4.0,2549.0,480.0,4.0,84.15318586992407,80.11977690831955,76.30666048001513,84.04220243982856,84.17408506429278,,
ali_irshad_27,all,All records,539,523,33,63146.0,477.0,4.0,63146.0,477.0,4.0,99.25027112836553,80.21583724066494,76.5812758160573,99.24403162179578,99.25031826111557,62669.0,132.38155136268344
ali_irshad_27,flag_filtered,Exclude extreme-count and cross-tradition flags,516,500,33,1612.0,462.0,4.0,1612.0,462.0,4.0,77.72420443587271,80.51172614977513,71.79624622185092,77.57459095283927,77.76708373435996,1150.0,3.4891774891774894
ali_irshad_27,direct_filtered,"Flag-filtered, couple or unnamed-spouse rows",469,454,29,1177.0,302.0,4.0,1177.0,302.0,4.0,79.58079783637594,81.83404315682616,73.97893603380457,79.36614969656102,79.6358732299393,875.0,3.8973509933774833
ali_irshad_27,historical_filtered,"Flag-filtered, historical label only",104,101,2,198.0,124.0,0.0,198.0,124.0,0.0,61.49068322981366,72.20847084708471,64.77099236641222,61.49068322981366,61.49068322981366,74.0,1.596774193548387
ali_irshad_27,without_alternatives,"Flag-filtered, omit all alternative-target rows",404,403,32,1081.0,328.0,4.0,1081.0,328.0,4.0,76.72107877927608,81.94101321892884,74.03256881107832,76.5038924274593,76.7869780608634,753.0,3.2957317073170733
ali_irshad_27,min_sexed_2,"Flag-filtered, at least 2 sex-specified children",270,270,26,1410.0,434.0,2.0,1410.0,434.0,2.0,76.46420824295011,74.28097435143543,72.94717905941238,76.38136511375949,76.48970747562296,976.0,3.248847926267281
ali_irshad_27,min_sexed_5,"Flag-filtered, at least 5 sex-specified children",92,92,14,1056.0,305.0,2.0,1056.0,305.0,2.0,77.59000734753857,74.97314936471992,73.68534300456656,77.47615553925165,77.62289068231841,751.0,3.462295081967213
ali_irshad_27,max_total_5,At most 5 recorded children per row,453,437,32,628.0,184.0,2.0,628.0,184.0,2.0,77.33990147783251,80.8886346300534,73.55759525749038,77.14987714987716,77.39557739557739,444.0,3.4130434782608696
ali_irshad_27,max_total_10,At most 10 recorded children per row,505,489,33,934.0,279.0,2.0,934.0,279.0,2.0,76.99917559769167,80.35730515791865,72.41120595117312,76.8724279835391,77.03703703703704,655.0,3.347670250896057
ali_irshad_27,max_total_20,At most 20 recorded children per row,520,504,33,1069.0,336.0,4.0,1069.0,336.0,4.0,76.08540925266904,80.05055515472182,72.6053762024498,75.8694109297374,76.15330021291696,733.0,3.181547619047619
ali_irshad_27,max_total_50,At most 50 recorded children per row,525,509,33,1185.0,383.0,4.0,1185.0,383.0,4.0,75.57397959183673,79.91220179932063,72.98733720539514,75.38167938931298,75.63613231552164,802.0,3.093994778067885
ali_irshad_27,max_total_100,At most 100 recorded children per row,534,518,33,1841.0,475.0,4.0,1841.0,475.0,4.0,79.49050086355786,80.02869319476365,75.59450959032918,79.35344827586206,79.52586206896552,1366.0,3.8757894736842107
ali_irshad_27,max_total_200,At most 200 recorded children per row,537,521,33,2146.0,477.0,4.0,2146.0,477.0,4.0,81.81471597407548,80.13989035867134,75.83399131443798,81.69014084507042,81.84240578606776,1669.0,4.49895178197065
ali_irshad_27,cap_total_10,"All records, contribution capped at 10",539,523,33,63146.0,477.0,4.0,1198.982732131221,352.90615675766804,3.111111111111111,77.25957320241275,80.21583724066494,74.34075379466587,77.10499885088238,77.30507030497313,,
ali_irshad_27,cap_total_20,"All records, contribution capped at 20",539,523,33,63146.0,477.0,4.0,1390.4806157775931,394.5193842224068,4.0,77.89807371303043,80.21583724066494,74.90958721861898,77.72390250293981,77.94749109992135,,
ali_irshad_27,cap_total_50,"All records, contribution capped at 50",539,523,33,63146.0,477.0,4.0,1823.7860805067849,444.21391949321514,4.0,80.41384834686,80.21583724066494,75.7607276917546,80.272274670193,80.44833100822116,,
ali_irshad_27,cap_total_200,"All records, contribution capped at 200",539,523,33,63146.0,477.0,4.0,2546.0,477.0,4.0,84.22097254383063,80.21583724066494,76.3128900840519,84.10967955071027,84.2418235877106,,
aniruddha_wilson_mother,all,All records,539,525,33,63149.0,480.0,4.0,63149.0,480.0,4.0,99.24562699398074,80.11977690831955,76.57504621202051,99.23938836767087,99.24567441421904,62669.0,131.56041666666667
aniruddha_wilson_mother,flag_filtered,Exclude extreme-count and cross-tradition flags,516,502,33,1615.0,465.0,4.0,1615.0,465.0,4.0,77.64423076923077,80.41008580654893,71.79001661781413,77.49520153550864,77.68714011516315,1150.0,3.4731182795698925
aniruddha_wilson_mother,direct_filtered,"Flag-filtered, couple or unnamed-spouse rows",469,456,29,1180.0,303.0,4.0,1180.0,303.0,4.0,79.56844234659474,81.71634998508569,73.9844509531126,79.35440484196369,79.62340282447882,877.0,3.8943894389438944
aniruddha_wilson_mother,historical_filtered,"Flag-filtered, historical label only",104,103,2,201.0,127.0,0.0,201.0,127.0,0.0,61.28048780487805,71.87432578209277,64.66417910447761,61.28048780487805,61.28048780487805,74.0,1.5826771653543308
aniruddha_wilson_mother,without_alternatives,"Flag-filtered, omit all alternative-target rows",404,403,32,1081.0,328.0,4.0,1081.0,328.0,4.0,76.72107877927608,81.94101321892884,74.03256881107832,76.5038924274593,76.7869780608634,753.0,3.2957317073170733
aniruddha_wilson_mother,min_sexed_2,"Flag-filtered, at least 2 sex-specified children",271,271,26,1413.0,436.0,2.0,1413.0,436.0,2.0,76.41968631692806,74.41277887412386,72.94939020192513,76.33711507293354,76.44516477579687,977.0,3.2408256880733943
aniruddha_wilson_mother,min_sexed_5,"Flag-filtered, at least 5 sex-specified children",93,93,14,1059.0,309.0,2.0,1059.0,309.0,2.0,77.41228070175438,74.81214775864767,73.65794424299057,77.2992700729927,77.44525547445255,750.0,3.4271844660194173
aniruddha_wilson_mother,max_total_5,At most 5 recorded children per row,453,439,32,631.0,185.0,2.0,631.0,185.0,2.0,77.32843137254902,80.77069096431283,73.56233969068876,77.13936430317848,77.38386308068459,446.0,3.4108108108108106
aniruddha_wilson_mother,max_total_10,At most 10 recorded children per row,505,491,33,937.0,280.0,2.0,937.0,280.0,2.0,76.99260476581759,80.2540167458701,72.41739943562746,76.86628383921247,77.03035274815423,657.0,3.3464285714285715
aniruddha_wilson_mother,max_total_20,At most 20 recorded children per row,520,506,33,1072.0,339.0,4.0,1072.0,339.0,4.0,75.97448618001417,79.95154110272686,72.59714246254995,75.75971731448763,76.04240282685512,733.0,3.162241887905605
aniruddha_wilson_mother,max_total_50,At most 50 recorded children per row,525,511,33,1188.0,386.0,4.0,1188.0,386.0,4.0,75.47649301143584,79.81469807407866,72.98110760135835,75.2851711026616,75.53865652724969,802.0,3.077720207253886
aniruddha_wilson_mother,max_total_100,At most 100 recorded children per row,534,520,33,1844.0,478.0,4.0,1844.0,478.0,4.0,79.41429801894918,79.93242899016839,75.58827998629239,79.27773000859845,79.44969905417025,1366.0,3.8577405857740588
aniruddha_wilson_mother,max_total_200,At most 200 recorded children per row,537,523,33,2149.0,480.0,4.0,2149.0,480.0,4.0,81.74210726511981,80.04375311064582,75.82776171040119,81.61792631978732,81.76984428408659,1669.0,4.477083333333334
aniruddha_wilson_mother,cap_total_10,"All records, contribution capped at 10",539,525,33,63149.0,480.0,4.0,1201.982732131221,353.90615675766804,3.111111111111111,77.25376411612504,80.11977690831955,74.34670941024571,77.09959795581918,77.299156077122,,
aniruddha_wilson_mother,cap_total_20,"All records, contribution capped at 20",539,525,33,63149.0,480.0,4.0,1393.4806157775931,397.5193842224068,4.0,77.80461282956968,80.11977690831955,74.90256135621807,77.63123207674613,77.85407330237287,,
aniruddha_wilson_mother,cap_total_50,"All records, contribution capped at 50",539,525,33,63149.0,480.0,4.0,1826.7860805067849,447.21391949321514,4.0,80.33360072589203,80.11977690831955,75.7544980877178,80.19254084753226,80.368133472642,,
aniruddha_wilson_mother,cap_total_200,"All records, contribution capped at 200",539,525,33,63149.0,480.0,4.0,2549.0,480.0,4.0,84.15318586992407,80.11977690831955,76.30666048001513,84.04220243982856,84.17408506429278,,
aphrodite_hesiod_two,all,All records,539,525,33,63148.0,480.0,4.0,63148.0,480.0,4.0,99.24561513798956,80.10390389244652,76.5539215033958,99.2393764143827,99.24566255971838,62668.0,131.55833333333334
aphrodite_hesiod_two,flag_filtered,Exclude extreme-count and cross-tradition flags,516,502,33,1614.0,465.0,4.0,1614.0,465.0,4.0,77.63347763347764,80.39348554094468,71.76889190918943,77.48439750360058,77.67642822851656,1149.0,3.470967741935484
aphrodite_hesiod_two,direct_filtered,"Flag-filtered, couple or unnamed-spouse rows",469,456,29,1179.0,303.0,4.0,1179.0,303.0,4.0,79.55465587044534,81.69807513128451,73.959649365811,79.34051144010768,79.60969044414536,876.0,3.891089108910891
aphrodite_hesiod_two,historical_filtered,"Flag-filtered, historical label only",104,103,2,201.0,127.0,0.0,201.0,127.0,0.0,61.28048780487805,71.87432578209277,64.66417910447761,61.28048780487805,61.28048780487805,74.0,1.5826771653543308
aphrodite_hesiod_two,without_alternatives,"Flag-filtered, omit all alternative-target rows",404,403,32,1081.0,328.0,4.0,1081.0,328.0,4.0,76.72107877927608,81.94101321892884,74.03256881107832,76.5038924274593,76.7869780608634,753.0,3.2957317073170733
aphrodite_hesiod_two,min_sexed_2,"Flag-filtered, at least 2 sex-specified children",271,271,26,1412.0,436.0,2.0,1412.0,436.0,2.0,76.4069264069264,74.38202856662079,72.90313673291496,76.32432432432432,76.43243243243244,976.0,3.238532110091743
aphrodite_hesiod_two,min_sexed_5,"Flag-filtered, at least 5 sex-specified children",93,93,14,1059.0,309.0,2.0,1059.0,309.0,2.0,77.41228070175438,74.81214775864767,73.65794424299057,77.2992700729927,77.44525547445255,750.0,3.4271844660194173
aphrodite_hesiod_two,max_total_5,At most 5 recorded children per row,453,439,32,630.0,185.0,2.0,630.0,185.0,2.0,77.30061349693251,80.75170842824602,73.534927409987,77.11138310893513,77.3561811505508,445.0,3.4054054054054053
aphrodite_hesiod_two,max_total_10,At most 10 recorded children per row,505,491,33,936.0,280.0,2.0,936.0,280.0,2.0,76.97368421052632,80.23704458022178,72.39797441620244,76.84729064039409,77.01149425287356,656.0,3.342857142857143
aphrodite_hesiod_two,max_total_20,At most 20 recorded children per row,520,506,33,1071.0,339.0,4.0,1071.0,339.0,4.0,75.95744680851064,79.9350720645187,72.57601775392526,75.74257425742574,76.02545968882603,732.0,3.15929203539823
aphrodite_hesiod_two,max_total_50,At most 50 recorded children per row,525,511,33,1187.0,386.0,4.0,1187.0,386.0,4.0,75.46090273363001,79.79839018105844,72.95998289273365,75.26949904882689,75.52314521242866,801.0,3.0751295336787563
aphrodite_hesiod_two,max_total_100,At most 100 recorded children per row,534,520,33,1843.0,478.0,4.0,1843.0,478.0,4.0,79.40542869452823,79.91640334914275,75.5671552776677,79.26881720430107,79.44086021505376,1365.0,3.8556485355648538
aphrodite_hesiod_two,max_total_200,At most 200 recorded children per row,537,523,33,2148.0,480.0,4.0,2148.0,480.0,4.0,81.7351598173516,80.0278193949033,75.8066370017765,81.61094224924013,81.7629179331307,1668.0,4.475
aphrodite_hesiod_two,cap_total_10,"All records, contribution capped at 10",539,525,33,63148.0,480.0,4.0,1200.982732131221,353.90615675766804,3.111111111111111,77.23913526640695,80.10390389244652,74.32569217611373,77.08489936657388,77.28458557396226,,
aphrodite_hesiod_two,cap_total_20,"All records, contribution capped at 20",539,525,33,63148.0,480.0,4.0,1392.4806157775931,397.5193842224068,4.0,77.79221317193257,80.10390389244652,74.88143664759335,77.61876342127051,77.84172886162726,,
aphrodite_hesiod_two,cap_total_50,"All records, contribution capped at 50",539,525,33,63148.0,480.0,4.0,1825.7860805067849,447.21391949321514,4.0,80.32494854847272,80.10390389244652,75.73337337909311,80.1838419194899,80.35951166037702,,
aphrodite_hesiod_two,cap_total_200,"All records, contribution capped at 200",539,525,33,63148.0,480.0,4.0,2548.0,480.0,4.0,84.14795244385733,80.10390389244652,76.28553577139041,84.03693931398416,84.1688654353562,,
arthur_geoffrey_genealogy,all,All records,539,525,33,63149.0,481.0,4.0,63149.0,481.0,4.0,99.24406726386924,80.02453881308145,75.81747045444475,99.2378288336424,99.24411478140617,62668.0,131.2869022869023
arthur_geoffrey_genealogy,flag_filtered,Exclude extreme-count and cross-tradition flags,516,502,33,1615.0,466.0,4.0,1615.0,466.0,4.0,77.60691975012014,80.31048421292344,71.03244086023838,77.45803357314149,77.64988009592327,1149.0,3.4656652360515023
arthur_geoffrey_genealogy,direct_filtered,"Flag-filtered, couple or unnamed-spouse rows",469,456,29,1180.0,304.0,4.0,1180.0,304.0,4.0,79.51482479784367,81.60670086227867,73.12238198759536,79.3010752688172,79.56989247311827,876.0,3.8815789473684212
arthur_geoffrey_genealogy,historical_filtered,"Flag-filtered, historical label only",104,103,2,201.0,127.0,0.0,201.0,127.0,0.0,61.28048780487805,71.87432578209277,64.66417910447761,61.28048780487805,61.28048780487805,74.0,1.5826771653543308
arthur_geoffrey_genealogy,without_alternatives,"Flag-filtered, omit all alternative-target rows",404,403,32,1081.0,328.0,4.0,1081.0,328.0,4.0,76.72107877927608,81.94101321892884,74.03256881107832,76.5038924274593,76.7869780608634,753.0,3.2957317073170733
arthur_geoffrey_genealogy,min_sexed_2,"Flag-filtered, at least 2 sex-specified children",272,272,27,1414.0,437.0,2.0,1414.0,437.0,2.0,76.3911399243652,74.32302601061605,72.09941278703901,76.3086886130599,76.41662169454938,977.0,3.2356979405034325
arthur_geoffrey_genealogy,min_sexed_5,"Flag-filtered, at least 5 sex-specified children",93,93,14,1059.0,309.0,2.0,1059.0,309.0,2.0,77.41228070175438,74.81214775864767,73.65794424299057,77.2992700729927,77.44525547445255,750.0,3.4271844660194173
arthur_geoffrey_genealogy,max_total_5,At most 5 recorded children per row,453,439,32,631.0,186.0,2.0,631.0,186.0,2.0,77.23378212974296,80.65679574791193,72.78108969068876,77.04517704517704,77.28937728937728,445.0,3.39247311827957
arthur_geoffrey_genealogy,max_total_10,At most 10 recorded children per row,505,491,33,937.0,281.0,2.0,937.0,281.0,2.0,76.92939244663383,80.15218375198008,71.6598236780517,76.80327868852459,76.9672131147541,656.0,3.3345195729537367
arthur_geoffrey_genealogy,max_total_20,At most 20 recorded children per row,520,506,33,1072.0,340.0,4.0,1072.0,340.0,4.0,75.92067988668555,79.85272687347785,71.8395667049742,75.70621468926554,75.98870056497175,732.0,3.152941176470588
arthur_geoffrey_genealogy,max_total_50,At most 50 recorded children per row,525,511,33,1188.0,387.0,4.0,1188.0,387.0,4.0,75.42857142857143,79.71685071595734,72.2235318437826,75.23749208359722,75.49081697276758,801.0,3.0697674418604652
arthur_geoffrey_genealogy,max_total_100,At most 100 recorded children per row,534,520,33,1844.0,479.0,4.0,1844.0,479.0,4.0,79.3801119242359,79.83627514401455,74.83070422871664,79.2436613665664,79.41555651052857,1365.0,3.849686847599165
arthur_geoffrey_genealogy,max_total_200,At most 200 recorded children per row,537,523,33,2149.0,481.0,4.0,2149.0,481.0,4.0,81.71102661596959,79.94815081619075,75.07018595282544,81.58694001518603,81.73880030372058,1668.0,4.467775467775468
arthur_geoffrey_genealogy,cap_total_10,"All records, contribution capped at 10",539,525,33,63149.0,481.0,4.0,1201.982732131221,354.90615675766804,3.111111111111111,77.20414351399506,80.02453881308145,73.58913365266994,77.05017513661673,77.24960533604693,,
arthur_geoffrey_genealogy,cap_total_20,"All records, contribution capped at 20",539,525,33,63149.0,481.0,4.0,1393.4806157775931,398.5193842224068,4.0,77.76119507687461,80.02453881308145,74.14498559864231,77.58800755999961,77.8107247092201,,
arthur_geoffrey_genealogy,cap_total_50,"All records, contribution capped at 50",539,525,33,63149.0,481.0,4.0,1826.7860805067849,448.21391949321514,4.0,80.29828925304548,80.02453881308145,74.99692233014206,80.15735324733588,80.33286882434334,,
arthur_geoffrey_genealogy,cap_total_200,"All records, contribution capped at 200",539,525,33,63149.0,481.0,4.0,2549.0,481.0,4.0,84.12541254125412,80.02453881308145,75.54908472243937,84.01450230718524,84.14634146341463,,
asher_numbers_clans,all,All records,539,525,33,63148.0,480.0,4.0,63148.0,480.0,4.0,99.24561513798956,80.11025309879574,76.57361810314148,99.2393764143827,99.24566255971838,62668.0,131.55833333333334
asher_numbers_clans,flag_filtered,Exclude extreme-count and cross-tradition flags,516,502,33,1614.0,465.0,4.0,1614.0,465.0,4.0,77.63347763347764,80.40012564718639,71.78858850893512,77.48439750360058,77.67642822851656,1149.0,3.470967741935484
asher_numbers_clans,direct_filtered,"Flag-filtered, couple or unnamed-spouse rows",469,456,29,1179.0,303.0,4.0,1179.0,303.0,4.0,79.55465587044534,81.70538507280499,73.9832279867833,79.34051144010768,79.60969044414536,876.0,3.891089108910891
asher_numbers_clans,historical_filtered,"Flag-filtered, historical label only",104,103,2,201.0,127.0,0.0,201.0,127.0,0.0,61.28048780487805,71.87432578209277,64.66417910447761,61.28048780487805,61.28048780487805,74.0,1.5826771653543308
asher_numbers_clans,without_alternatives,"Flag-filtered, omit all alternative-target rows",404,403,32,1081.0,328.0,4.0,1081.0,328.0,4.0,76.72107877927608,81.94101321892884,74.03256881107832,76.5038924274593,76.7869780608634,753.0,3.2957317073170733
asher_numbers_clans,min_sexed_2,"Flag-filtered, at least 2 sex-specified children",271,271,26,1412.0,436.0,2.0,1412.0,436.0,2.0,76.4069264069264,74.39432868962201,72.94739133755114,76.32432432432432,76.43243243243244,976.0,3.238532110091743
asher_numbers_clans,min_sexed_5,"Flag-filtered, at least 5 sex-specified children",92,92,14,1055.0,308.0,2.0,1055.0,308.0,2.0,77.40278796771827,74.75575806037209,73.6510828071276,77.28937728937728,77.43589743589743,747.0,3.425324675324675
asher_numbers_clans,max_total_5,At most 5 recorded children per row,453,439,32,630.0,185.0,2.0,630.0,185.0,2.0,77.30061349693251,80.75930144267275,73.55953028103937,77.11138310893513,77.3561811505508,445.0,3.4054054054054053
asher_numbers_clans,max_total_10,At most 10 recorded children per row,505,491,33,936.0,280.0,2.0,936.0,280.0,2.0,76.97368421052632,80.24383344648109,72.41581620520411,76.84729064039409,77.01149425287356,656.0,3.342857142857143
asher_numbers_clans,max_total_20,At most 20 recorded children per row,520,506,33,1071.0,339.0,4.0,1071.0,339.0,4.0,75.95744680851064,79.94165967980197,72.59567242595111,75.74257425742574,76.02545968882603,732.0,3.15929203539823
asher_numbers_clans,max_total_50,At most 50 recorded children per row,525,511,33,1187.0,386.0,4.0,1187.0,386.0,4.0,75.46090273363001,79.80491333826653,72.98002187380857,75.26949904882689,75.52314521242866,801.0,3.0751295336787563
asher_numbers_clans,max_total_100,At most 100 recorded children per row,534,520,33,1843.0,478.0,4.0,1843.0,478.0,4.0,79.40542869452823,79.92281360555302,75.58685187741338,79.26881720430107,79.44086021505376,1365.0,3.8556485355648538
asher_numbers_clans,max_total_200,At most 200 recorded children per row,537,523,33,2148.0,480.0,4.0,2148.0,480.0,4.0,81.7351598173516,80.03419288120031,75.82633360152218,81.61094224924013,81.7629179331307,1668.0,4.475
asher_numbers_clans,cap_total_10,"All records, contribution capped at 10",539,525,33,63148.0,480.0,4.0,1200.982732131221,353.90615675766804,3.111111111111111,77.23913526640695,80.11025309879574,74.34515730202841,77.08489936657388,77.28458557396226,,
asher_numbers_clans,cap_total_20,"All records, contribution capped at 20",539,525,33,63148.0,480.0,4.0,1392.4806157775931,397.5193842224068,4.0,77.79221317193257,80.11025309879574,74.90104659712756,77.61876342127051,77.84172886162726,,
asher_numbers_clans,cap_total_50,"All records, contribution capped at 50",539,525,33,63148.0,480.0,4.0,1825.7860805067849,447.21391949321514,4.0,80.32494854847272,80.11025309879574,75.75308412432588,80.1838419194899,80.35951166037702,,
asher_numbers_clans,cap_total_200,"All records, contribution capped at 200",539,525,33,63148.0,480.0,4.0,2548.0,480.0,4.0,84.14795244385733,80.11025309879574,76.3052323711361,84.03693931398416,84.1688654353562,,
atlas_apollodorus_pleiades,all,All records,539,525,33,63148.0,475.0,4.0,63148.0,475.0,4.0,99.25341464564701,80.10512489366754,76.69436192455656,99.24717494145567,99.25346158077545,62673.0,132.94315789473683
atlas_apollodorus_pleiades,flag_filtered,Exclude extreme-count and cross-tradition flags,516,502,33,1614.0,460.0,4.0,1614.0,460.0,4.0,77.82063645130184,80.39476248445271,71.9093323303502,77.67083734359962,77.86333012512031,1154.0,3.508695652173913
atlas_apollodorus_pleiades,direct_filtered,"Flag-filtered, couple or unnamed-spouse rows",469,456,29,1179.0,298.0,4.0,1179.0,298.0,4.0,79.82396750169262,81.69948088926921,74.1200781826013,79.60837272113437,79.8784604996624,881.0,3.9563758389261743
atlas_apollodorus_pleiades,historical_filtered,"Flag-filtered, historical label only",104,103,2,201.0,127.0,0.0,201.0,127.0,0.0,61.28048780487805,71.87432578209277,64.66417910447761,61.28048780487805,61.28048780487805,74.0,1.5826771653543308
atlas_apollodorus_pleiades,without_alternatives,"Flag-filtered, omit all alternative-target rows",404,403,32,1081.0,328.0,4.0,1081.0,328.0,4.0,76.72107877927608,81.94101321892884,74.03256881107832,76.5038924274593,76.7869780608634,753.0,3.2957317073170733
atlas_apollodorus_pleiades,min_sexed_2,"Flag-filtered, at least 2 sex-specified children",271,271,26,1412.0,431.0,2.0,1412.0,431.0,2.0,76.61421595225177,74.38439397489024,73.1070685381193,76.53116531165311,76.63956639566396,981.0,3.2761020881670535
atlas_apollodorus_pleiades,min_sexed_5,"Flag-filtered, at least 5 sex-specified children",93,93,14,1058.0,304.0,2.0,1058.0,304.0,2.0,77.67988252569751,74.72943477270887,74.12497721002354,77.56598240469208,77.71260997067449,754.0,3.4802631578947367
atlas_apollodorus_pleiades,max_total_5,At most 5 recorded children per row,453,439,32,631.0,185.0,2.0,631.0,185.0,2.0,77.32843137254902,80.77069096431283,73.56233969068876,77.13936430317848,77.38386308068459,446.0,3.4108108108108106
atlas_apollodorus_pleiades,max_total_10,At most 10 recorded children per row,506,492,33,937.0,287.0,2.0,937.0,287.0,2.0,76.55228758169935,80.09089882565492,72.17540978685815,76.4274061990212,76.5905383360522,650.0,3.264808362369338
atlas_apollodorus_pleiades,max_total_20,At most 20 recorded children per row,520,506,33,1071.0,334.0,4.0,1071.0,334.0,4.0,76.22775800711744,79.93633891361164,72.71645817508602,76.01135557132719,76.29524485450675,737.0,3.2065868263473054
atlas_apollodorus_pleiades,max_total_50,At most 50 recorded children per row,525,511,33,1187.0,381.0,4.0,1187.0,381.0,4.0,75.7015306122449,79.79964463436768,73.10042331389441,75.5089058524173,75.76335877862596,806.0,3.115485564304462
atlas_apollodorus_pleiades,max_total_100,At most 100 recorded children per row,534,520,33,1843.0,473.0,4.0,1843.0,473.0,4.0,79.57685664939551,79.91763609076011,75.70759569882846,79.4396551724138,79.61206896551724,1370.0,3.8964059196617336
atlas_apollodorus_pleiades,max_total_200,At most 200 recorded children per row,537,523,33,2148.0,475.0,4.0,2148.0,475.0,4.0,81.89096454441479,80.02904506534504,75.94707742293726,81.7662733155691,81.91853825656642,1673.0,4.522105263157894
atlas_apollodorus_pleiades,cap_total_10,"All records, contribution capped at 10",539,525,33,63148.0,475.0,4.0,1201.21350136199,351.6753875268988,3.111111111111111,77.35347389995644,80.10512489366754,74.39609505285169,77.19881114151609,77.3987540149808,,
atlas_apollodorus_pleiades,cap_total_20,"All records, contribution capped at 20",539,525,33,63148.0,475.0,4.0,1392.4806157775931,392.5193842224068,4.0,78.0101185309576,80.10512489366754,75.02187706875411,77.83569680143057,78.05928539841213,,
atlas_apollodorus_pleiades,cap_total_50,"All records, contribution capped at 50",539,525,33,63148.0,475.0,4.0,1825.7860805067849,442.21391949321514,4.0,80.50203176837675,80.10512489366754,75.87381380025386,80.36030283920708,80.53635917723524,,
atlas_apollodorus_pleiades,cap_total_200,"All records, contribution capped at 200",539,525,33,63148.0,475.0,4.0,2548.0,475.0,4.0,84.2871319880913,80.10512489366754,76.42597619255118,84.17575156921043,84.30789560621076,,
bahman_tabari_daughters,all,All records,539,525,33,63149.0,482.0,4.0,63149.0,482.0,4.0,99.24250758278198,80.0721578607005,76.52395258294523,99.2362693486289,99.24255519761138,62667.0,131.01452282157678
bahman_tabari_daughters,flag_filtered,Exclude extreme-count and cross-tradition flags,516,502,33,1615.0,467.0,4.0,1615.0,467.0,4.0,77.56964457252641,80.36028500973619,71.73892298873885,77.4209012464046,77.61265580057527,1148.0,3.4582441113490363
bahman_tabari_daughters,direct_filtered,"Flag-filtered, couple or unnamed-spouse rows",469,456,29,1180.0,303.0,4.0,1180.0,303.0,4.0,79.56844234659474,81.71634998508569,73.9844509531126,79.35440484196369,79.62340282447882,877.0,3.8943894389438944
bahman_tabari_daughters,historical_filtered,"Flag-filtered, historical label only",104,103,2,201.0,127.0,0.0,201.0,127.0,0.0,61.28048780487805,71.87432578209277,64.66417910447761,61.28048780487805,61.28048780487805,74.0,1.5826771653543308
bahman_tabari_daughters,without_alternatives,"Flag-filtered, omit all alternative-target rows",404,403,32,1081.0,328.0,4.0,1081.0,328.0,4.0,76.72107877927608,81.94101321892884,74.03256881107832,76.5038924274593,76.7869780608634,753.0,3.2957317073170733
bahman_tabari_daughters,min_sexed_2,"Flag-filtered, at least 2 sex-specified children",271,271,26,1413.0,438.0,2.0,1413.0,438.0,2.0,76.33711507293354,74.32052795161464,72.88050169977872,76.25472207231516,76.36265515380464,975.0,3.2260273972602738
bahman_tabari_daughters,min_sexed_5,"Flag-filtered, at least 5 sex-specified children",93,93,14,1059.0,309.0,2.0,1059.0,309.0,2.0,77.41228070175438,74.81214775864767,73.65794424299057,77.2992700729927,77.44525547445255,750.0,3.4271844660194173
bahman_tabari_daughters,max_total_5,At most 5 recorded children per row,453,439,32,631.0,187.0,2.0,631.0,187.0,2.0,77.13936430317848,80.71374335611239,73.35581795155832,76.95121951219512,77.1951219512195,444.0,3.374331550802139
bahman_tabari_daughters,max_total_10,At most 10 recorded children per row,505,491,33,937.0,282.0,2.0,937.0,282.0,2.0,76.86628383921247,80.2031002489251,72.2658842841123,76.74037674037675,76.90417690417691,655.0,3.3226950354609928
bahman_tabari_daughters,max_total_20,At most 20 recorded children per row,520,506,33,1072.0,341.0,4.0,1072.0,341.0,4.0,75.86694975230007,79.90213398810236,72.4456273110348,75.65278757939308,75.93507410021172,731.0,3.1436950146627565
bahman_tabari_daughters,max_total_50,At most 50 recorded children per row,525,511,33,1188.0,388.0,4.0,1188.0,388.0,4.0,75.38071065989848,79.765774395018,72.82959244984319,75.18987341772151,75.44303797468355,800.0,3.0618556701030926
bahman_tabari_daughters,max_total_100,At most 100 recorded children per row,534,520,33,1844.0,480.0,4.0,1844.0,480.0,4.0,79.34595524956971,79.88435206709147,75.53718635721711,79.20962199312714,79.38144329896907,1364.0,3.841666666666667
bahman_tabari_daughters,max_total_200,At most 200 recorded children per row,537,523,33,2149.0,482.0,4.0,2149.0,482.0,4.0,81.67996959331053,79.99595196341828,75.77666808132591,81.55597722960152,81.707779886148,1667.0,4.45850622406639
bahman_tabari_daughters,cap_total_10,"All records, contribution capped at 10",539,525,33,63149.0,482.0,4.0,1201.982732131221,355.90615675766804,3.111111111111111,77.15458661422858,80.0721578607005,74.22451093361686,77.00081563941198,77.20011808086689,,
bahman_tabari_daughters,cap_total_20,"All records, contribution capped at 20",539,525,33,63149.0,482.0,4.0,1393.4806157775931,399.5193842224068,4.0,77.71782575446699,80.0721578607005,74.80058738082637,77.54483115067296,77.76742436158003,,
bahman_tabari_daughters,cap_total_50,"All records, contribution capped at 50",539,525,33,63149.0,482.0,4.0,1826.7860805067849,449.21391949321514,4.0,80.26300880961269,80.0721578607005,75.68671622462875,80.12219651345548,80.2976351099467,,
bahman_tabari_daughters,cap_total_200,"All records, contribution capped at 200",539,525,33,63149.0,482.0,4.0,2549.0,482.0,4.0,84.09765753876609,80.0721578607005,76.25556685093984,83.98682042833607,84.11861614497529,,
basil_macrina_nine,all,All records,539,525,33,63148.0,480.0,4.0,63148.0,480.0,4.0,99.24561513798956,80.10919489773754,76.56287632033255,99.2393764143827,99.24566255971838,62668.0,131.55833333333334
basil_macrina_nine,flag_filtered,Exclude extreme-count and cross-tradition flags,516,502,33,1614.0,465.0,4.0,1614.0,465.0,4.0,77.63347763347764,80.39901896281278,71.77784672612619,77.48439750360058,77.67642822851656,1149.0,3.470967741935484
basil_macrina_nine,direct_filtered,"Flag-filtered, couple or unnamed-spouse rows",469,456,29,1179.0,303.0,4.0,1179.0,303.0,4.0,79.55465587044534,81.70416674921825,73.97060245567457,79.34051144010768,79.60969044414536,876.0,3.891089108910891
basil_macrina_nine,historical_filtered,"Flag-filtered, historical label only",104,103,2,200.0,127.0,0.0,200.0,127.0,0.0,61.162079510703364,71.82038834951456,64.40994181634201,61.162079510703364,61.162079510703364,73.0,1.5748031496062993
basil_macrina_nine,without_alternatives,"Flag-filtered, omit all alternative-target rows",404,403,32,1081.0,328.0,4.0,1081.0,328.0,4.0,76.72107877927608,81.94101321892884,74.03256881107832,76.5038924274593,76.7869780608634,753.0,3.2957317073170733
basil_macrina_nine,min_sexed_2,"Flag-filtered, at least 2 sex-specified children",271,271,26,1412.0,436.0,2.0,1412.0,436.0,2.0,76.4069264069264,74.39227866912181,72.931591099619,76.32432432432432,76.43243243243244,976.0,3.238532110091743
basil_macrina_nine,min_sexed_5,"Flag-filtered, at least 5 sex-specified children",93,93,14,1058.0,309.0,2.0,1058.0,309.0,2.0,77.39575713240673,74.75241060213631,73.60509012036901,77.2826880934989,77.42878013148284,749.0,3.423948220064725
basil_macrina_nine,max_total_5,At most 5 recorded children per row,453,439,32,631.0,185.0,2.0,631.0,185.0,2.0,77.32843137254902,80.77069096431283,73.56233969068876,77.13936430317848,77.38386308068459,446.0,3.4108108108108106
basil_macrina_nine,max_total_10,At most 10 recorded children per row,505,491,33,936.0,280.0,2.0,936.0,280.0,2.0,76.97368421052632,80.24270196877121,72.4052295439395,76.84729064039409,77.01149425287356,656.0,3.342857142857143
basil_macrina_nine,max_total_20,At most 20 recorded children per row,520,506,33,1071.0,339.0,4.0,1071.0,339.0,4.0,75.95744680851064,79.94056174392142,72.58497257086199,75.74257425742574,76.02545968882603,732.0,3.15929203539823
basil_macrina_nine,max_total_50,At most 50 recorded children per row,525,511,33,1187.0,386.0,4.0,1187.0,386.0,4.0,75.46090273363001,79.80382614539852,72.9689377096704,75.26949904882689,75.52314521242866,801.0,3.0751295336787563
basil_macrina_nine,max_total_100,At most 100 recorded children per row,534,520,33,1843.0,478.0,4.0,1843.0,478.0,4.0,79.40542869452823,79.92174522948464,75.57611009460445,79.26881720430107,79.44086021505376,1365.0,3.8556485355648538
basil_macrina_nine,max_total_200,At most 200 recorded children per row,537,523,33,2148.0,480.0,4.0,2148.0,480.0,4.0,81.7351598173516,80.03313063348415,75.81559181871323,81.61094224924013,81.7629179331307,1668.0,4.475
basil_macrina_nine,cap_total_10,"All records, contribution capped at 10",539,525,33,63148.0,480.0,4.0,1200.982732131221,353.90615675766804,3.111111111111111,77.23913526640695,80.10919489773754,74.33453951855775,77.08489936657388,77.28458557396226,,
basil_macrina_nine,cap_total_20,"All records, contribution capped at 20",539,525,33,63148.0,480.0,4.0,1392.4806157775931,397.5193842224068,4.0,77.79221317193257,80.10919489773754,74.8903914645301,77.61876342127051,77.84172886162726,,
basil_macrina_nine,cap_total_50,"All records, contribution capped at 50",539,525,33,63148.0,480.0,4.0,1825.7860805067849,447.21391949321514,4.0,80.32494854847272,80.10919489773754,75.74232819602985,80.1838419194899,80.35951166037702,,
basil_macrina_nine,cap_total_200,"All records, contribution capped at 200",539,525,33,63148.0,480.0,4.0,2548.0,480.0,4.0,84.14795244385733,80.10919489773754,76.29449058832716,84.03693931398416,84.1688654353562,,
bathsheba_named_genealogy,all,All records,539,525,33,63148.0,480.0,4.0,63148.0,480.0,4.0,99.24561513798956,80.11977690831955,76.57361810314148,99.2393764143827,99.24566255971838,62668.0,131.55833333333334
bathsheba_named_genealogy,flag_filtered,Exclude extreme-count and cross-tradition flags,516,502,33,1614.0,465.0,4.0,1614.0,465.0,4.0,77.63347763347764,80.41008580654893,71.78858850893512,77.48439750360058,77.67642822851656,1149.0,3.470967741935484
bathsheba_named_genealogy,direct_filtered,"Flag-filtered, couple or unnamed-spouse rows",469,456,29,1179.0,303.0,4.0,1179.0,303.0,4.0,79.55465587044534,81.71634998508569,73.9832279867833,79.34051144010768,79.60969044414536,876.0,3.891089108910891
bathsheba_named_genealogy,historical_filtered,"Flag-filtered, historical label only",104,103,2,201.0,127.0,0.0,201.0,127.0,0.0,61.28048780487805,71.87432578209277,64.66417910447761,61.28048780487805,61.28048780487805,74.0,1.5826771653543308
bathsheba_named_genealogy,without_alternatives,"Flag-filtered, omit all alternative-target rows",404,403,32,1081.0,328.0,4.0,1081.0,328.0,4.0,76.72107877927608,81.94101321892884,74.03256881107832,76.5038924274593,76.7869780608634,753.0,3.2957317073170733
bathsheba_named_genealogy,min_sexed_2,"Flag-filtered, at least 2 sex-specified children",271,271,26,1412.0,436.0,2.0,1412.0,436.0,2.0,76.4069264069264,74.41277887412386,72.94739133755114,76.32432432432432,76.43243243243244,976.0,3.238532110091743
bathsheba_named_genealogy,min_sexed_5,"Flag-filtered, at least 5 sex-specified children",92,92,14,1054.0,309.0,2.0,1054.0,309.0,2.0,77.32942039618489,74.53836675602427,73.63182982291504,77.21611721611721,77.36263736263736,745.0,3.411003236245955
bathsheba_named_genealogy,max_total_5,At most 5 recorded children per row,453,439,32,630.0,185.0,2.0,630.0,185.0,2.0,77.30061349693251,80.77069096431283,73.55953028103937,77.11138310893513,77.3561811505508,445.0,3.4054054054054053
bathsheba_named_genealogy,max_total_10,At most 10 recorded children per row,505,491,33,936.0,280.0,2.0,936.0,280.0,2.0,76.97368421052632,80.2540167458701,72.41581620520411,76.84729064039409,77.01149425287356,656.0,3.342857142857143
bathsheba_named_genealogy,max_total_20,At most 20 recorded children per row,520,506,33,1071.0,339.0,4.0,1071.0,339.0,4.0,75.95744680851064,79.95154110272686,72.59567242595111,75.74257425742574,76.02545968882603,732.0,3.15929203539823
bathsheba_named_genealogy,max_total_50,At most 50 recorded children per row,525,511,33,1187.0,386.0,4.0,1187.0,386.0,4.0,75.46090273363001,79.81469807407866,72.98002187380857,75.26949904882689,75.52314521242866,801.0,3.0751295336787563
bathsheba_named_genealogy,max_total_100,At most 100 recorded children per row,534,520,33,1843.0,478.0,4.0,1843.0,478.0,4.0,79.40542869452823,79.93242899016839,75.58685187741338,79.26881720430107,79.44086021505376,1365.0,3.8556485355648538
bathsheba_named_genealogy,max_total_200,At most 200 recorded children per row,537,523,33,2148.0,480.0,4.0,2148.0,480.0,4.0,81.7351598173516,80.04375311064582,75.82633360152218,81.61094224924013,81.7629179331307,1668.0,4.475
bathsheba_named_genealogy,cap_total_10,"All records, contribution capped at 10",539,525,33,63148.0,480.0,4.0,1200.982732131221,353.90615675766804,3.111111111111111,77.23913526640695,80.11977690831955,74.34515730202841,77.08489936657388,77.28458557396226,,
bathsheba_named_genealogy,cap_total_20,"All records, contribution capped at 20",539,525,33,63148.0,480.0,4.0,1392.4806157775931,397.5193842224068,4.0,77.79221317193257,80.11977690831955,74.90104659712756,77.61876342127051,77.84172886162726,,
bathsheba_named_genealogy,cap_total_50,"All records, contribution capped at 50",539,525,33,63148.0,480.0,4.0,1825.7860805067849,447.21391949321514,4.0,80.32494854847272,80.11977690831955,75.75308412432588,80.1838419194899,80.35951166037702,,
bathsheba_named_genealogy,cap_total_200,"All records, contribution capped at 200",539,525,33,63148.0,480.0,4.0,2548.0,480.0,4.0,84.14795244385733,80.11977690831955,76.3052323711361,84.03693931398416,84.1688654353562,,
begil_literal_plural_minimum,all,All records,539,525,33,63150.0,482.0,4.0,63150.0,482.0,4.0,99.24251948705054,80.02453881308145,76.49530139543359,99.23628135017914,99.24256710038343,62668.0,131.01659751037346
begil_literal_plural_minimum,flag_filtered,Exclude extreme-count and cross-tradition flags,516,502,33,1616.0,467.0,4.0,1616.0,467.0,4.0,77.58041286605857,80.31048421292344,71.71027180122722,77.43172017249641,77.62338284619071,1149.0,3.4603854389721627
begil_literal_plural_minimum,direct_filtered,"Flag-filtered, couple or unnamed-spouse rows",469,456,29,1181.0,305.0,4.0,1181.0,305.0,4.0,79.47510094212652,81.60670086227867,73.89370685147921,79.26174496644295,79.53020134228188,876.0,3.8721311475409834
begil_literal_plural_minimum,historical_filtered,"Flag-filtered, historical label only",104,103,2,201.0,127.0,0.0,201.0,127.0,0.0,61.28048780487805,71.87432578209277,64.66417910447761,61.28048780487805,61.28048780487805,74.0,1.5826771653543308
begil_literal_plural_minimum,without_alternatives,"Flag-filtered, omit all alternative-target rows",404,403,32,1081.0,328.0,4.0,1081.0,328.0,4.0,76.72107877927608,81.94101321892884,74.03256881107832,76.5038924274593,76.7869780608634,753.0,3.2957317073170733
begil_literal_plural_minimum,min_sexed_2,"Flag-filtered, at least 2 sex-specified children",272,272,26,1415.0,438.0,2.0,1415.0,438.0,2.0,76.36265515380464,74.32302601061605,73.18249043502536,76.28032345013477,76.38814016172506,977.0,3.230593607305936
begil_literal_plural_minimum,min_sexed_5,"Flag-filtered, at least 5 sex-specified children",93,93,14,1059.0,309.0,2.0,1059.0,309.0,2.0,77.41228070175438,74.81214775864767,73.65794424299057,77.2992700729927,77.44525547445255,750.0,3.4271844660194173
begil_literal_plural_minimum,max_total_5,At most 5 recorded children per row,453,439,32,632.0,187.0,2.0,632.0,187.0,2.0,77.16727716727716,80.65679574791193,73.10069196341603,76.97929354445797,77.22289890377589,445.0,3.379679144385027
begil_literal_plural_minimum,max_total_10,At most 10 recorded children per row,505,491,33,938.0,282.0,2.0,938.0,282.0,2.0,76.88524590163935,80.15218375198008,72.33765461904053,76.759410801964,76.92307692307692,656.0,3.326241134751773
begil_literal_plural_minimum,max_total_20,At most 20 recorded children per row,520,506,33,1073.0,341.0,4.0,1073.0,341.0,4.0,75.88401697312588,79.85272687347785,72.51739764596303,75.66995768688294,75.95204513399153,732.0,3.1466275659824046
begil_literal_plural_minimum,max_total_50,At most 50 recorded children per row,525,511,33,1189.0,388.0,4.0,1189.0,388.0,4.0,75.39632213062778,79.71685071595734,72.90136278477144,75.2055660974067,75.45857052498418,801.0,3.064432989690722
begil_literal_plural_minimum,max_total_100,At most 100 recorded children per row,534,520,33,1845.0,480.0,4.0,1845.0,480.0,4.0,79.35483870967742,79.83627514401455,75.50853516970548,79.21854873336196,79.3902962644912,1365.0,3.84375
begil_literal_plural_minimum,max_total_200,At most 200 recorded children per row,537,523,33,2150.0,482.0,4.0,2150.0,482.0,4.0,81.68693009118542,79.94815081619075,75.74801689381428,81.56297420333838,81.71471927162368,1668.0,4.460580912863071
begil_literal_plural_minimum,cap_total_10,"All records, contribution capped at 10",539,525,33,63150.0,482.0,4.0,1202.982732131221,355.90615675766804,3.111111111111111,77.16924154797569,80.02453881308145,74.26696459365878,77.01553982914346,77.21471467620565,,
begil_literal_plural_minimum,cap_total_20,"All records, contribution capped at 20",539,525,33,63150.0,482.0,4.0,1394.4806157775931,399.5193842224068,4.0,77.73024614144889,80.02453881308145,74.82281653963113,77.55732012111196,77.77978953156803,,
begil_literal_plural_minimum,cap_total_50,"All records, contribution capped at 50",539,525,33,63150.0,482.0,4.0,1827.7860805067849,449.21391949321514,4.0,80.27167678993345,80.02453881308145,75.67475327113088,80.13091102616329,80.30627270963545,,
begil_literal_plural_minimum,cap_total_200,"All records, contribution capped at 200",539,525,33,63150.0,482.0,4.0,2550.0,482.0,4.0,84.10290237467018,80.02453881308145,76.2269156634282,83.99209486166008,84.12384716732542,,
benjamin_numbers_clans,all,All records,539,525,33,63144.0,480.0,4.0,63144.0,480.0,4.0,99.245567710298,80.11977690831955,76.56784831385517,99.2393285974728,99.24561513798956,62664.0,131.55
benjamin_numbers_clans,flag_filtered,Exclude extreme-count and cross-tradition flags,516,502,33,1610.0,465.0,4.0,1610.0,465.0,4.0,77.59036144578313,80.41008580654893,71.78281871964879,77.44107744107744,77.63347763347764,1145.0,3.4623655913978495
benjamin_numbers_clans,direct_filtered,"Flag-filtered, couple or unnamed-spouse rows",469,456,29,1175.0,303.0,4.0,1175.0,303.0,4.0,79.49932341001353,81.71634998508569,73.97824240757119,79.28475033738192,79.55465587044534,872.0,3.877887788778878
benjamin_numbers_clans,historical_filtered,"Flag-filtered, historical label only",104,103,2,201.0,127.0,0.0,201.0,127.0,0.0,61.28048780487805,71.87432578209277,64.66417910447761,61.28048780487805,61.28048780487805,74.0,1.5826771653543308
benjamin_numbers_clans,without_alternatives,"Flag-filtered, omit all alternative-target rows",404,403,32,1081.0,328.0,4.0,1081.0,328.0,4.0,76.72107877927608,81.94101321892884,74.03256881107832,76.5038924274593,76.7869780608634,753.0,3.2957317073170733
benjamin_numbers_clans,min_sexed_2,"Flag-filtered, at least 2 sex-specified children",271,271,26,1408.0,436.0,2.0,1408.0,436.0,2.0,76.35574837310195,74.41277887412386,72.93931118241215,76.273022751896,76.38136511375949,972.0,3.229357798165138
benjamin_numbers_clans,min_sexed_5,"Flag-filtered, at least 5 sex-specified children",93,93,14,1054.0,309.0,2.0,1054.0,309.0,2.0,77.32942039618489,74.81214775864767,73.63182982291504,77.21611721611721,77.36263736263736,745.0,3.411003236245955
benjamin_numbers_clans,max_total_5,At most 5 recorded children per row,454,440,32,636.0,185.0,2.0,636.0,185.0,2.0,77.46650426309378,80.81439393939395,73.57581339002765,77.27825030376671,77.52126366950182,451.0,3.437837837837838
benjamin_numbers_clans,max_total_10,At most 10 recorded children per row,505,491,33,932.0,280.0,2.0,932.0,280.0,2.0,76.8976897689769,80.2540167458701,72.40934379184343,76.77100494233937,76.93574958813839,652.0,3.3285714285714287
benjamin_numbers_clans,max_total_20,At most 20 recorded children per row,520,506,33,1067.0,339.0,4.0,1067.0,339.0,4.0,75.88904694167852,79.95154110272686,72.58966977650584,75.67375886524823,75.95744680851064,728.0,3.1474926253687316
benjamin_numbers_clans,max_total_50,At most 50 recorded children per row,525,511,33,1183.0,386.0,4.0,1183.0,386.0,4.0,75.39834289356278,79.81469807407866,72.97560141164165,75.20661157024793,75.46090273363001,797.0,3.064766839378238
benjamin_numbers_clans,max_total_100,At most 100 recorded children per row,534,520,33,1839.0,478.0,4.0,1839.0,478.0,4.0,79.36987483815278,79.93242899016839,75.58108208812706,79.23308918569582,79.40542869452823,1361.0,3.8472803347280333
benjamin_numbers_clans,max_total_200,At most 200 recorded children per row,537,523,33,2144.0,480.0,4.0,2144.0,480.0,4.0,81.70731707317073,80.04375311064582,75.82056381223585,81.58295281582953,81.7351598173516,1664.0,4.466666666666667
benjamin_numbers_clans,cap_total_10,"All records, contribution capped at 10",539,525,33,63144.0,480.0,4.0,1196.982732131221,353.90615675766804,3.111111111111111,77.18043121637047,80.11977690831955,74.33883680358392,77.02591583855991,77.22611603876011,,
benjamin_numbers_clans,cap_total_20,"All records, contribution capped at 20",539,525,33,63144.0,480.0,4.0,1388.4806157775931,397.5193842224068,4.0,77.74247568743522,80.11977690831955,74.89489288832232,77.56874948478173,77.79221317193257,,
benjamin_numbers_clans,cap_total_50,"All records, contribution capped at 50",539,525,33,63144.0,480.0,4.0,1821.7860805067849,447.21391949321514,4.0,80.29026357456081,80.11977690831955,75.74736250501905,80.14896966593862,80.32494854847272,,
benjamin_numbers_clans,cap_total_200,"All records, contribution capped at 200",539,525,33,63144.0,480.0,4.0,2544.0,480.0,4.0,84.12698412698413,80.11977690831955,76.29946258184978,84.01585204755614,84.14795244385733,,
bharata_sunanda_genealogy,all,All records,539,525,33,63140.0,480.0,4.0,63140.0,480.0,4.0,99.24552027664257,80.11977690831955,76.57452026301127,99.23928077455048,99.245567710298,62660.0,131.54166666666666
bharata_sunanda_genealogy,flag_filtered,Exclude extreme-count and cross-tradition flags,516,502,33,1606.0,465.0,4.0,1606.0,465.0,4.0,77.54707870593916,80.41008580654893,71.77797846259455,77.39759036144578,77.59036144578313,1141.0,3.453763440860215
bharata_sunanda_genealogy,direct_filtered,"Flag-filtered, couple or unnamed-spouse rows",469,456,29,1180.0,303.0,4.0,1180.0,303.0,4.0,79.56844234659474,81.71634998508569,73.9844509531126,79.35440484196369,79.62340282447882,877.0,3.8943894389438944
bharata_sunanda_genealogy,historical_filtered,"Flag-filtered, historical label only",104,103,2,201.0,127.0,0.0,201.0,127.0,0.0,61.28048780487805,71.87432578209277,64.66417910447761,61.28048780487805,61.28048780487805,74.0,1.5826771653543308
bharata_sunanda_genealogy,without_alternatives,"Flag-filtered, omit all alternative-target rows",404,403,32,1081.0,328.0,4.0,1081.0,328.0,4.0,76.72107877927608,81.94101321892884,74.03256881107832,76.5038924274593,76.7869780608634,753.0,3.2957317073170733
bharata_sunanda_genealogy,min_sexed_2,"Flag-filtered, at least 2 sex-specified children",270,270,26,1403.0,436.0,2.0,1403.0,436.0,2.0,76.29146275149537,74.31801138847247,72.92759441241282,76.20858229223248,76.31721890277024,967.0,3.217889908256881
bharata_sunanda_genealogy,min_sexed_5,"Flag-filtered, at least 5 sex-specified children",92,92,14,1049.0,309.0,2.0,1049.0,309.0,2.0,77.2459499263623,74.53836675602427,73.60692383482731,77.13235294117646,77.27941176470588,740.0,3.394822006472492
bharata_sunanda_genealogy,max_total_5,At most 5 recorded children per row,454,440,32,632.0,185.0,2.0,632.0,185.0,2.0,77.3561811505508,80.81439393939395,73.56549331590223,77.16727716727716,77.4114774114774,447.0,3.4162162162162164
bharata_sunanda_genealogy,max_total_10,At most 10 recorded children per row,505,491,33,928.0,280.0,2.0,928.0,280.0,2.0,76.82119205298014,80.2540167458701,72.40707259872265,76.69421487603306,76.85950413223141,648.0,3.3142857142857145
bharata_sunanda_genealogy,max_total_20,At most 20 recorded children per row,520,506,33,1063.0,339.0,4.0,1063.0,339.0,4.0,75.82025677603424,79.95154110272686,72.58510430733037,75.6045519203414,75.88904694167852,724.0,3.135693215339233
bharata_sunanda_genealogy,max_total_50,At most 50 recorded children per row,525,511,33,1179.0,386.0,4.0,1179.0,386.0,4.0,75.33546325878594,79.81469807407866,72.96906944613876,75.1434034416826,75.39834289356278,793.0,3.0544041450777204
bharata_sunanda_genealogy,max_total_100,At most 100 recorded children per row,534,520,33,1835.0,478.0,4.0,1835.0,478.0,4.0,79.33419801124082,79.93242899016839,75.5762418310728,79.19723780750971,79.36987483815278,1357.0,3.8389121338912133
bharata_sunanda_genealogy,max_total_200,At most 200 recorded children per row,537,523,33,2140.0,480.0,4.0,2140.0,480.0,4.0,81.6793893129771,80.04375311064582,75.8231567754459,81.5548780487805,81.70731707317073,1660.0,4.458333333333333
bharata_sunanda_genealogy,cap_total_10,"All records, contribution capped at 10",539,525,33,63140.0,480.0,4.0,1192.982732131221,353.90615675766804,3.111111111111111,77.12142356831625,80.11977690831955,74.33691295820404,76.96662787943362,77.16734472531175,,
bharata_sunanda_genealogy,cap_total_20,"All records, contribution capped at 20",539,525,33,63140.0,480.0,4.0,1384.4806157775931,397.5193842224068,4.0,77.69251491456751,80.11977690831955,74.89404519953213,77.51851152170174,77.74247568743522,,
bharata_sunanda_genealogy,cap_total_50,"All records, contribution capped at 50",539,525,33,63140.0,480.0,4.0,1817.7860805067849,447.21391949321514,4.0,80.25545609301479,80.11977690831955,75.74892032325447,80.11397446041362,80.29026357456081,,
bharata_sunanda_genealogy,cap_total_200,"All records, contribution capped at 200",539,525,33,63140.0,480.0,4.0,2540.0,480.0,4.0,84.10596026490066,80.11977690831955,76.30428325384187,83.994708994709,84.12698412698413,,
bhrigu_mani_seven,all,All records,539,524,33,63154.0,480.0,4.0,63154.0,480.0,4.0,99.24568626834711,80.08183755127436,76.57533571465498,99.2394481284767,99.24573368113391,62674.0,131.57083333333333
bhrigu_mani_seven,flag_filtered,Exclude extreme-count and cross-tradition flags,516,501,33,1620.0,465.0,4.0,1620.0,465.0,4.0,77.6978417266187,80.37098418141231,71.79641004756039,77.54906653901388,77.74054571565343,1155.0,3.4838709677419355
bhrigu_mani_seven,direct_filtered,"Flag-filtered, couple or unnamed-spouse rows",469,455,29,1185.0,303.0,4.0,1185.0,303.0,4.0,79.63709677419355,81.67616613889906,73.99252437977475,79.42359249329759,79.6916890080429,882.0,3.910891089108911
bhrigu_mani_seven,historical_filtered,"Flag-filtered, historical label only",104,103,2,201.0,127.0,0.0,201.0,127.0,0.0,61.28048780487805,71.87432578209277,64.66417910447761,61.28048780487805,61.28048780487805,74.0,1.5826771653543308
bhrigu_mani_seven,without_alternatives,"Flag-filtered, omit all alternative-target rows",404,403,32,1081.0,328.0,4.0,1081.0,328.0,4.0,76.72107877927608,81.94101321892884,74.03256881107832,76.5038924274593,76.7869780608634,753.0,3.2957317073170733
bhrigu_mani_seven,min_sexed_2,"Flag-filtered, at least 2 sex-specified children",272,272,26,1420.0,436.0,2.0,1420.0,436.0,2.0,76.50862068965517,74.50684954002782,72.96369017009964,76.42626480086115,76.53390742734123,984.0,3.256880733944954
bhrigu_mani_seven,min_sexed_5,"Flag-filtered, at least 5 sex-specified children",94,94,14,1066.0,309.0,2.0,1066.0,309.0,2.0,77.52727272727273,75.08010363355567,73.69086063535397,77.41466957153231,77.5599128540305,757.0,3.4498381877022655
bhrigu_mani_seven,max_total_5,At most 5 recorded children per row,452,437,32,629.0,185.0,2.0,629.0,185.0,2.0,77.27272727272727,80.68268497330283,73.55586197403404,77.08333333333333,77.32843137254902,444.0,3.4
bhrigu_mani_seven,max_total_10,At most 10 recorded children per row,505,490,33,942.0,280.0,2.0,942.0,280.0,2.0,77.08674304418986,80.21371882086167,72.42282281785612,76.96078431372548,77.12418300653594,662.0,3.3642857142857143
bhrigu_mani_seven,max_total_20,At most 20 recorded children per row,520,505,33,1077.0,339.0,4.0,1077.0,339.0,4.0,76.05932203389831,79.9118411841184,72.60353589229621,75.84507042253522,76.12676056338029,738.0,3.1769911504424777
bhrigu_mani_seven,max_total_50,At most 50 recorded children per row,525,510,33,1193.0,386.0,4.0,1193.0,386.0,4.0,75.55414819506016,79.7751190506945,72.9875010311046,75.3632343651295,75.61591914087177,807.0,3.0906735751295336
bhrigu_mani_seven,max_total_100,At most 100 recorded children per row,534,519,33,1849.0,478.0,4.0,1849.0,478.0,4.0,79.45853029651913,79.89376315007237,75.59467341603865,79.32217932217932,79.4937794937795,1371.0,3.8682008368200838
bhrigu_mani_seven,max_total_200,At most 200 recorded children per row,537,522,33,2154.0,480.0,4.0,2154.0,480.0,4.0,81.77676537585421,80.00552275262024,75.83025113036634,81.6527672479151,81.80439727065959,1674.0,4.4875
bhrigu_mani_seven,cap_total_10,"All records, contribution capped at 10",539,524,33,63154.0,480.0,4.0,1206.982732131221,353.90615675766804,3.111111111111111,77.32662720088973,80.08183755127436,74.351925113879,77.17280895979674,77.37172910756598,,
bhrigu_mani_seven,cap_total_20,"All records, contribution capped at 20",539,524,33,63154.0,480.0,4.0,1398.4806157775931,397.5193842224068,4.0,77.86640399652522,80.08183755127436,74.90711732481549,77.69336754319961,77.91558976542184,,
bhrigu_mani_seven,cap_total_50,"All records, contribution capped at 50",539,524,33,63154.0,480.0,4.0,1831.7860805067849,447.21391949321514,4.0,80.37674771859521,80.08183755127436,75.75750414786306,80.23592117857139,80.41112923814212,,
bhrigu_mani_seven,cap_total_200,"All records, contribution capped at 200",539,524,33,63154.0,480.0,4.0,2554.0,480.0,4.0,84.17930125247199,80.08183755127436,76.30795548131013,84.06846609611587,84.20013166556946,,
bodb_gregory_dagda,all,All records,539,524,33,63149.0,480.0,4.0,63149.0,480.0,4.0,99.24562699398074,80.10092152074,76.57504621202051,99.23938836767087,99.24567441421904,62669.0,131.56041666666667
bodb_gregory_dagda,flag_filtered,Exclude extreme-count and cross-tradition flags,516,501,33,1615.0,465.0,4.0,1615.0,465.0,4.0,77.64423076923077,80.39094426125263,71.79001661781413,77.49520153550864,77.68714011516315,1150.0,3.4731182795698925
bodb_gregory_dagda,direct_filtered,"Flag-filtered, couple or unnamed-spouse rows",469,455,29,1179.0,303.0,4.0,1179.0,303.0,4.0,79.55465587044534,81.67616613889906,73.93220434914186,79.34051144010768,79.60969044414536,876.0,3.891089108910891
bodb_gregory_dagda,historical_filtered,"Flag-filtered, historical label only",104,103,2,201.0,127.0,0.0,201.0,127.0,0.0,61.28048780487805,71.87432578209277,64.66417910447761,61.28048780487805,61.28048780487805,74.0,1.5826771653543308
bodb_gregory_dagda,without_alternatives,"Flag-filtered, omit all alternative-target rows",404,403,32,1081.0,328.0,4.0,1081.0,328.0,4.0,76.72107877927608,81.94101321892884,74.03256881107832,76.5038924274593,76.7869780608634,753.0,3.2957317073170733
bodb_gregory_dagda,min_sexed_2,"Flag-filtered, at least 2 sex-specified children",271,271,26,1414.0,436.0,2.0,1414.0,436.0,2.0,76.43243243243244,74.44967924312755,73.06594031847524,76.34989200863932,76.45788336933046,978.0,3.243119266055046
bodb_gregory_dagda,min_sexed_5,"Flag-filtered, at least 5 sex-specified children",94,94,15,1062.0,311.0,2.0,1062.0,311.0,2.0,77.34887108521485,74.65457171866205,72.7474146267912,77.23636363636363,77.38181818181818,751.0,3.414790996784566
bodb_gregory_dagda,max_total_5,At most 5 recorded children per row,453,438,32,631.0,185.0,2.0,631.0,185.0,2.0,77.32843137254902,80.7496194824962,73.56233969068876,77.13936430317848,77.38386308068459,446.0,3.4108108108108106
bodb_gregory_dagda,max_total_10,At most 10 recorded children per row,505,490,33,937.0,280.0,2.0,937.0,280.0,2.0,76.99260476581759,80.23412698412697,72.41739943562746,76.86628383921247,77.03035274815423,657.0,3.3464285714285715
bodb_gregory_dagda,max_total_20,At most 20 recorded children per row,520,505,33,1072.0,339.0,4.0,1072.0,339.0,4.0,75.97448618001417,79.93164316431643,72.59714246254995,75.75971731448763,76.04240282685512,733.0,3.162241887905605
bodb_gregory_dagda,max_total_50,At most 50 recorded children per row,525,510,33,1188.0,386.0,4.0,1188.0,386.0,4.0,75.47649301143584,79.79472689383176,72.98110760135835,75.2851711026616,75.53865652724969,802.0,3.077720207253886
bodb_gregory_dagda,max_total_100,At most 100 recorded children per row,534,519,33,1844.0,478.0,4.0,1844.0,478.0,4.0,79.41429801894918,79.91303097280841,75.58827998629239,79.27773000859845,79.44969905417025,1366.0,3.8577405857740588
bodb_gregory_dagda,max_total_200,At most 200 recorded children per row,537,522,33,2149.0,480.0,4.0,2149.0,480.0,4.0,81.74210726511981,80.02467984074283,75.82776171040119,81.61792631978732,81.76984428408659,1669.0,4.477083333333334
bodb_gregory_dagda,cap_total_10,"All records, contribution capped at 10",539,524,33,63149.0,480.0,4.0,1201.982732131221,353.90615675766804,3.111111111111111,77.25376411612504,80.10092152074,74.34670941024571,77.09959795581918,77.299156077122,,
bodb_gregory_dagda,cap_total_20,"All records, contribution capped at 20",539,524,33,63149.0,480.0,4.0,1393.4806157775931,397.5193842224068,4.0,77.80461282956968,80.10092152074,74.90256135621807,77.63123207674613,77.85407330237287,,
bodb_gregory_dagda,cap_total_50,"All records, contribution capped at 50",539,524,33,63149.0,480.0,4.0,1826.7860805067849,447.21391949321514,4.0,80.33360072589203,80.10092152074,75.7544980877178,80.19254084753226,80.368133472642,,
bodb_gregory_dagda,cap_total_200,"All records, contribution capped at 200",539,524,33,63149.0,480.0,4.0,2549.0,480.0,4.0,84.15318586992407,80.10092152074,76.30666048001513,84.04220243982856,84.17408506429278,,
bragi_edda_mother_unassigned,all,All records,539,524,33,63149.0,480.0,4.0,63149.0,480.0,4.0,99.24562699398074,80.08183755127436,76.57504621202051,99.23938836767087,99.24567441421904,62669.0,131.56041666666667
bragi_edda_mother_unassigned,flag_filtered,Exclude extreme-count and cross-tradition flags,516,501,33,1615.0,465.0,4.0,1615.0,465.0,4.0,77.64423076923077,80.37098418141231,71.79001661781413,77.49520153550864,77.68714011516315,1150.0,3.4731182795698925
bragi_edda_mother_unassigned,direct_filtered,"Flag-filtered, couple or unnamed-spouse rows",469,455,29,1179.0,303.0,4.0,1179.0,303.0,4.0,79.55465587044534,81.67616613889906,73.96205955141085,79.34051144010768,79.60969044414536,876.0,3.891089108910891
bragi_edda_mother_unassigned,historical_filtered,"Flag-filtered, historical label only",104,103,2,201.0,127.0,0.0,201.0,127.0,0.0,61.28048780487805,71.87432578209277,64.66417910447761,61.28048780487805,61.28048780487805,74.0,1.5826771653543308
bragi_edda_mother_unassigned,without_alternatives,"Flag-filtered, omit all alternative-target rows",404,403,32,1081.0,328.0,4.0,1081.0,328.0,4.0,76.72107877927608,81.94101321892884,74.03256881107832,76.5038924274593,76.7869780608634,753.0,3.2957317073170733
bragi_edda_mother_unassigned,min_sexed_2,"Flag-filtered, at least 2 sex-specified children",271,271,26,1414.0,436.0,2.0,1414.0,436.0,2.0,76.43243243243244,74.41277887412386,73.01932027185521,76.34989200863932,76.45788336933046,978.0,3.243119266055046
bragi_edda_mother_unassigned,min_sexed_5,"Flag-filtered, at least 5 sex-specified children",93,93,14,1059.0,309.0,2.0,1059.0,309.0,2.0,77.41228070175438,74.81214775864767,73.65794424299057,77.2992700729927,77.44525547445255,750.0,3.4271844660194173
bragi_edda_mother_unassigned,max_total_5,At most 5 recorded children per row,453,438,32,631.0,185.0,2.0,631.0,185.0,2.0,77.32843137254902,80.7267884322679,73.56233969068876,77.13936430317848,77.38386308068459,446.0,3.4108108108108106
bragi_edda_mother_unassigned,max_total_10,At most 10 recorded children per row,505,490,33,937.0,280.0,2.0,937.0,280.0,2.0,76.99260476581759,80.21371882086167,72.41739943562746,76.86628383921247,77.03035274815423,657.0,3.3464285714285715
bragi_edda_mother_unassigned,max_total_20,At most 20 recorded children per row,520,505,33,1072.0,339.0,4.0,1072.0,339.0,4.0,75.97448618001417,79.9118411841184,72.59714246254995,75.75971731448763,76.04240282685512,733.0,3.162241887905605
bragi_edda_mother_unassigned,max_total_50,At most 50 recorded children per row,525,510,33,1188.0,386.0,4.0,1188.0,386.0,4.0,75.47649301143584,79.7751190506945,72.98110760135835,75.2851711026616,75.53865652724969,802.0,3.077720207253886
bragi_edda_mother_unassigned,max_total_100,At most 100 recorded children per row,534,519,33,1844.0,478.0,4.0,1844.0,478.0,4.0,79.41429801894918,79.89376315007237,75.58827998629239,79.27773000859845,79.44969905417025,1366.0,3.8577405857740588
bragi_edda_mother_unassigned,max_total_200,At most 200 recorded children per row,537,522,33,2149.0,480.0,4.0,2149.0,480.0,4.0,81.74210726511981,80.00552275262024,75.82776171040119,81.61792631978732,81.76984428408659,1669.0,4.477083333333334
bragi_edda_mother_unassigned,cap_total_10,"All records, contribution capped at 10",539,524,33,63149.0,480.0,4.0,1201.982732131221,353.90615675766804,3.111111111111111,77.25376411612504,80.08183755127436,74.34670941024571,77.09959795581918,77.299156077122,,
bragi_edda_mother_unassigned,cap_total_20,"All records, contribution capped at 20",539,524,33,63149.0,480.0,4.0,1393.4806157775931,397.5193842224068,4.0,77.80461282956968,80.08183755127436,74.90256135621807,77.63123207674613,77.85407330237287,,
bragi_edda_mother_unassigned,cap_total_50,"All records, contribution capped at 50",539,524,33,63149.0,480.0,4.0,1826.7860805067849,447.21391949321514,4.0,80.33360072589203,80.08183755127436,75.7544980877178,80.19254084753226,80.368133472642,,
bragi_edda_mother_unassigned,cap_total_200,"All records, contribution capped at 200",539,524,33,63149.0,480.0,4.0,2549.0,480.0,4.0,84.15318586992407,80.08183755127436,76.30666048001513,84.04220243982856,84.17408506429278,,
constantine_ii_mother_unassigned,all,All records,539,526,33,63149.0,480.0,4.0,63149.0,480.0,4.0,99.24562699398074,80.1385606024102,76.57504621202051,99.23938836767087,99.24567441421904,62669.0,131.56041666666667
constantine_ii_mother_unassigned,flag_filtered,Exclude extreme-count and cross-tradition flags,516,503,33,1615.0,465.0,4.0,1615.0,465.0,4.0,77.64423076923077,80.42915124232121,71.79001661781413,77.49520153550864,77.68714011516315,1150.0,3.4731182795698925
constantine_ii_mother_unassigned,direct_filtered,"Flag-filtered, couple or unnamed-spouse rows",469,457,29,1180.0,303.0,4.0,1180.0,303.0,4.0,79.56844234659474,81.73447613391482,73.9844509531126,79.35440484196369,79.62340282447882,877.0,3.8943894389438944
constantine_ii_mother_unassigned,historical_filtered,"Flag-filtered, historical label only",104,104,2,201.0,127.0,0.0,201.0,127.0,0.0,61.28048780487805,72.04861111111111,64.66417910447761,61.28048780487805,61.28048780487805,74.0,1.5826771653543308
constantine_ii_mother_unassigned,without_alternatives,"Flag-filtered, omit all alternative-target rows",404,403,32,1081.0,328.0,4.0,1081.0,328.0,4.0,76.72107877927608,81.94101321892884,74.03256881107832,76.5038924274593,76.7869780608634,753.0,3.2957317073170733
constantine_ii_mother_unassigned,min_sexed_2,"Flag-filtered, at least 2 sex-specified children",271,271,26,1412.0,436.0,2.0,1412.0,436.0,2.0,76.4069264069264,74.37587850512017,72.931591099619,76.32432432432432,76.43243243243244,976.0,3.238532110091743
constantine_ii_mother_unassigned,min_sexed_5,"Flag-filtered, at least 5 sex-specified children",92,92,14,1056.0,307.0,2.0,1056.0,307.0,2.0,77.47615553925165,74.97314936471992,73.73286931791564,77.36263736263736,77.5091575091575,749.0,3.439739413680782
constantine_ii_mother_unassigned,max_total_5,At most 5 recorded children per row,453,440,32,631.0,185.0,2.0,631.0,185.0,2.0,77.32843137254902,80.79166666666667,73.56233969068876,77.13936430317848,77.38386308068459,446.0,3.4108108108108106
constantine_ii_mother_unassigned,max_total_10,At most 10 recorded children per row,505,492,33,937.0,280.0,2.0,937.0,280.0,2.0,76.99260476581759,80.27382565492321,72.41739943562746,76.86628383921247,77.03035274815423,657.0,3.3464285714285715
constantine_ii_mother_unassigned,max_total_20,At most 20 recorded children per row,520,507,33,1072.0,339.0,4.0,1072.0,339.0,4.0,75.97448618001417,79.97136054828361,72.59714246254995,75.75971731448763,76.04240282685512,733.0,3.162241887905605
constantine_ii_mother_unassigned,max_total_50,At most 50 recorded children per row,525,512,33,1188.0,386.0,4.0,1188.0,386.0,4.0,75.47649301143584,79.83459124190273,72.98110760135835,75.2851711026616,75.53865652724969,802.0,3.077720207253886
constantine_ii_mother_unassigned,max_total_100,At most 100 recorded children per row,534,521,33,1844.0,478.0,4.0,1844.0,478.0,4.0,79.41429801894918,79.95175254297038,75.58827998629239,79.27773000859845,79.44969905417025,1366.0,3.8577405857740588
constantine_ii_mother_unassigned,max_total_200,At most 200 recorded children per row,537,524,33,2149.0,480.0,4.0,2149.0,480.0,4.0,81.74210726511981,80.0627535818087,75.82776171040119,81.61792631978732,81.76984428408659,1669.0,4.477083333333334
constantine_ii_mother_unassigned,cap_total_10,"All records, contribution capped at 10",539,526,33,63149.0,480.0,4.0,1201.982732131221,353.90615675766804,3.111111111111111,77.25376411612504,80.1385606024102,74.34670941024571,77.09959795581918,77.299156077122,,
constantine_ii_mother_unassigned,cap_total_20,"All records, contribution capped at 20",539,526,33,63149.0,480.0,4.0,1393.4806157775931,397.5193842224068,4.0,77.80461282956968,80.1385606024102,74.90256135621807,77.63123207674613,77.85407330237287,,
constantine_ii_mother_unassigned,cap_total_50,"All records, contribution capped at 50",539,526,33,63149.0,480.0,4.0,1826.7860805067849,447.21391949321514,4.0,80.33360072589203,80.1385606024102,75.7544980877178,80.19254084753226,80.368133472642,,
constantine_ii_mother_unassigned,cap_total_200,"All records, contribution capped at 200",539,526,33,63149.0,480.0,4.0,2549.0,480.0,4.0,84.15318586992407,80.1385606024102,76.30666048001513,84.04220243982856,84.17408506429278,,
cuchulainn_human_parentage,all,All records,539,525,33,63149.0,480.0,4.0,63149.0,480.0,4.0,99.24562699398074,80.11977690831955,76.57504621202051,99.23938836767087,99.24567441421904,62669.0,131.56041666666667
cuchulainn_human_parentage,flag_filtered,Exclude extreme-count and cross-tradition flags,516,502,33,1615.0,465.0,4.0,1615.0,465.0,4.0,77.64423076923077,80.41008580654893,71.79001661781413,77.49520153550864,77.68714011516315,1150.0,3.4731182795698925
cuchulainn_human_parentage,direct_filtered,"Flag-filtered, couple or unnamed-spouse rows",469,456,29,1180.0,303.0,4.0,1180.0,303.0,4.0,79.56844234659474,81.71634998508569,73.9844509531126,79.35440484196369,79.62340282447882,877.0,3.8943894389438944
cuchulainn_human_parentage,historical_filtered,"Flag-filtered, historical label only",104,103,2,201.0,127.0,0.0,201.0,127.0,0.0,61.28048780487805,71.87432578209277,64.66417910447761,61.28048780487805,61.28048780487805,74.0,1.5826771653543308
cuchulainn_human_parentage,without_alternatives,"Flag-filtered, omit all alternative-target rows",404,403,32,1081.0,328.0,4.0,1081.0,328.0,4.0,76.72107877927608,81.94101321892884,74.03256881107832,76.5038924274593,76.7869780608634,753.0,3.2957317073170733
cuchulainn_human_parentage,min_sexed_2,"Flag-filtered, at least 2 sex-specified children",271,271,26,1413.0,436.0,2.0,1413.0,436.0,2.0,76.41968631692806,74.41277887412386,72.94939020192513,76.33711507293354,76.44516477579687,977.0,3.2408256880733943
cuchulainn_human_parentage,min_sexed_5,"Flag-filtered, at least 5 sex-specified children",93,93,14,1059.0,309.0,2.0,1059.0,309.0,2.0,77.41228070175438,74.81214775864767,73.65794424299057,77.2992700729927,77.44525547445255,750.0,3.4271844660194173
cuchulainn_human_parentage,max_total_5,At most 5 recorded children per row,453,439,32,631.0,185.0,2.0,631.0,185.0,2.0,77.32843137254902,80.77069096431283,73.56233969068876,77.13936430317848,77.38386308068459,446.0,3.4108108108108106
cuchulainn_human_parentage,max_total_10,At most 10 recorded children per row,505,491,33,937.0,280.0,2.0,937.0,280.0,2.0,76.99260476581759,80.2540167458701,72.41739943562746,76.86628383921247,77.03035274815423,657.0,3.3464285714285715
cuchulainn_human_parentage,max_total_20,At most 20 recorded children per row,520,506,33,1072.0,339.0,4.0,1072.0,339.0,4.0,75.97448618001417,79.95154110272686,72.59714246254995,75.75971731448763,76.04240282685512,733.0,3.162241887905605
cuchulainn_human_parentage,max_total_50,At most 50 recorded children per row,525,511,33,1188.0,386.0,4.0,1188.0,386.0,4.0,75.47649301143584,79.81469807407866,72.98110760135835,75.2851711026616,75.53865652724969,802.0,3.077720207253886
cuchulainn_human_parentage,max_total_100,At most 100 recorded children per row,534,520,33,1844.0,478.0,4.0,1844.0,478.0,4.0,79.41429801894918,79.93242899016839,75.58827998629239,79.27773000859845,79.44969905417025,1366.0,3.8577405857740588
cuchulainn_human_parentage,max_total_200,At most 200 recorded children per row,537,523,33,2149.0,480.0,4.0,2149.0,480.0,4.0,81.74210726511981,80.04375311064582,75.82776171040119,81.61792631978732,81.76984428408659,1669.0,4.477083333333334
cuchulainn_human_parentage,cap_total_10,"All records, contribution capped at 10",539,525,33,63149.0,480.0,4.0,1201.982732131221,353.90615675766804,3.111111111111111,77.25376411612504,80.11977690831955,74.34670941024571,77.09959795581918,77.299156077122,,
cuchulainn_human_parentage,cap_total_20,"All records, contribution capped at 20",539,525,33,63149.0,480.0,4.0,1393.4806157775931,397.5193842224068,4.0,77.80461282956968,80.11977690831955,74.90256135621807,77.63123207674613,77.85407330237287,,
cuchulainn_human_parentage,cap_total_50,"All records, contribution capped at 50",539,525,33,63149.0,480.0,4.0,1826.7860805067849,447.21391949321514,4.0,80.33360072589203,80.11977690831955,75.7544980877178,80.19254084753226,80.368133472642,,
cuchulainn_human_parentage,cap_total_200,"All records, contribution capped at 200",539,525,33,63149.0,480.0,4.0,2549.0,480.0,4.0,84.15318586992407,80.11977690831955,76.30666048001513,84.04220243982856,84.17408506429278,,
daksha_bhagavata_16,all,All records,539,525,33,63149.0,472.0,4.0,63149.0,472.0,4.0,99.258106600022,80.11977690831955,76.67250986088604,99.25186640471513,99.25815324165029,62677.0,133.79025423728814
daksha_bhagavata_16,flag_filtered,Exclude extreme-count and cross-tradition flags,516,502,33,1615.0,457.0,4.0,1615.0,457.0,4.0,77.94401544401545,80.41008580654893,71.88748026667966,77.79383429672447,77.98651252408477,1158.0,3.533916849015317
daksha_bhagavata_16,direct_filtered,"Flag-filtered, couple or unnamed-spouse rows",469,456,29,1180.0,295.0,4.0,1180.0,295.0,4.0,80.0,81.71634998508569,74.10199555151968,79.78363759296822,80.05409060175795,885.0,4.0
daksha_bhagavata_16,historical_filtered,"Flag-filtered, historical label only",104,103,2,201.0,127.0,0.0,201.0,127.0,0.0,61.28048780487805,71.87432578209277,64.66417910447761,61.28048780487805,61.28048780487805,74.0,1.5826771653543308
daksha_bhagavata_16,without_alternatives,"Flag-filtered, omit all alternative-target rows",404,403,32,1081.0,328.0,4.0,1081.0,328.0,4.0,76.72107877927608,81.94101321892884,74.03256881107832,76.5038924274593,76.7869780608634,753.0,3.2957317073170733
daksha_bhagavata_16,min_sexed_2,"Flag-filtered, at least 2 sex-specified children",271,271,26,1413.0,428.0,2.0,1413.0,428.0,2.0,76.75176534492124,74.41277887412386,73.07574702552967,76.66847531199132,76.77699403147042,985.0,3.3014018691588785
daksha_bhagavata_16,min_sexed_5,"Flag-filtered, at least 5 sex-specified children",93,93,14,1059.0,301.0,2.0,1059.0,301.0,2.0,77.86764705882354,74.81214775864767,73.90519699024333,77.7533039647577,77.90014684287812,758.0,3.5182724252491693
daksha_bhagavata_16,max_total_5,At most 5 recorded children per row,453,439,32,631.0,185.0,2.0,631.0,185.0,2.0,77.32843137254902,80.77069096431283,73.56233969068876,77.13936430317848,77.38386308068459,446.0,3.4108108108108106
daksha_bhagavata_16,max_total_10,At most 10 recorded children per row,505,491,33,937.0,280.0,2.0,937.0,280.0,2.0,76.99260476581759,80.2540167458701,72.41739943562746,76.86628383921247,77.03035274815423,657.0,3.3464285714285715
daksha_bhagavata_16,max_total_20,At most 20 recorded children per row,521,507,33,1072.0,355.0,4.0,1072.0,355.0,4.0,75.12263489838823,79.79384575538421,71.94216308416632,74.91264849755416,75.19217330538085,717.0,3.019718309859155
daksha_bhagavata_16,max_total_50,At most 50 recorded children per row,525,511,33,1188.0,378.0,4.0,1188.0,378.0,4.0,75.86206896551724,79.81469807407866,73.19789655054166,75.6687898089172,75.92356687898089,810.0,3.142857142857143
daksha_bhagavata_16,max_total_100,At most 100 recorded children per row,534,520,33,1844.0,470.0,4.0,1844.0,470.0,4.0,79.68885047536733,79.93242899016839,75.68574363515792,79.55133735979292,79.72389991371872,1374.0,3.923404255319149
daksha_bhagavata_16,max_total_200,At most 200 recorded children per row,537,523,33,2149.0,472.0,4.0,2149.0,472.0,4.0,81.99160625715376,80.04375311064582,75.9252253592667,81.86666666666666,82.01904761904763,1677.0,4.552966101694915
daksha_bhagavata_16,cap_total_10,"All records, contribution capped at 10",539,525,33,63149.0,472.0,4.0,1201.982732131221,353.90615675766804,3.111111111111111,77.25376411612504,80.11977690831955,74.34670941024571,77.09959795581918,77.299156077122,,
daksha_bhagavata_16,cap_total_20,"All records, contribution capped at 20",539,525,33,63149.0,472.0,4.0,1393.4806157775931,393.5193842224068,4.0,77.97876976931131,80.11977690831955,74.99054765235245,77.80461282956968,78.02795174637593,,
daksha_bhagavata_16,cap_total_50,"All records, contribution capped at 50",539,525,33,63149.0,472.0,4.0,1826.7860805067849,439.21391949321514,4.0,80.61721449721027,80.11977690831955,75.87626249750288,80.47515773157642,80.65136918532092,,
daksha_bhagavata_16,cap_total_200,"All records, contribution capped at 200",539,525,33,63149.0,472.0,4.0,2549.0,472.0,4.0,84.37603442568685,80.11977690831955,76.40412412888065,84.26446280991736,84.39669421487604,,
danu_bhagavata_61,all,All records,539,525,33,63170.0,480.0,4.0,63170.0,480.0,4.0,99.2458758837392,80.11977690831955,76.57504649395999,99.23963929996543,99.24592327269299,62690.0,131.60416666666666
danu_bhagavata_61,flag_filtered,Exclude extreme-count and cross-tradition flags,516,502,33,1636.0,465.0,4.0,1636.0,465.0,4.0,77.86768205616373,80.41008580654893,71.90545673325425,77.71971496437055,77.90973871733966,1171.0,3.518279569892473
danu_bhagavata_61,direct_filtered,"Flag-filtered, couple or unnamed-spouse rows",469,456,29,1201.0,303.0,4.0,1201.0,303.0,4.0,79.85372340425532,81.71634998508569,74.11581384309618,79.64190981432361,79.90716180371352,898.0,3.963696369636964
danu_bhagavata_61,historical_filtered,"Flag-filtered, historical label only",104,103,2,201.0,127.0,0.0,201.0,127.0,0.0,61.28048780487805,71.87432578209277,64.66417910447761,61.28048780487805,61.28048780487805,74.0,1.5826771653543308
danu_bhagavata_61,without_alternatives,"Flag-filtered, omit all alternative-target rows",404,403,32,1081.0,328.0,4.0,1081.0,328.0,4.0,76.72107877927608,81.94101321892884,74.03256881107832,76.5038924274593,76.7869780608634,753.0,3.2957317073170733
danu_bhagavata_61,min_sexed_2,"Flag-filtered, at least 2 sex-specified children",271,271,26,1434.0,436.0,2.0,1434.0,436.0,2.0,76.68449197860963,74.41277887412386,73.10932927275529,76.6025641025641,76.7094017094017,998.0,3.2889908256880735
danu_bhagavata_61,min_sexed_5,"Flag-filtered, at least 5 sex-specified children",93,93,14,1080.0,309.0,2.0,1080.0,309.0,2.0,77.7537796976242,74.81214775864767,74.00769650180725,77.64198418404025,77.78576563623292,771.0,3.495145631067961
danu_bhagavata_61,max_total_5,At most 5 recorded children per row,453,439,32,631.0,185.0,2.0,631.0,185.0,2.0,77.32843137254902,80.77069096431283,73.56233969068876,77.13936430317848,77.38386308068459,446.0,3.4108108108108106
danu_bhagavata_61,max_total_10,At most 10 recorded children per row,505,491,33,937.0,280.0,2.0,937.0,280.0,2.0,76.99260476581759,80.2540167458701,72.41739943562746,76.86628383921247,77.03035274815423,657.0,3.3464285714285715
danu_bhagavata_61,max_total_20,At most 20 recorded children per row,520,506,33,1072.0,339.0,4.0,1072.0,339.0,4.0,75.97448618001417,79.95154110272686,72.59714246254995,75.75971731448763,76.04240282685512,733.0,3.162241887905605
danu_bhagavata_61,max_total_50,At most 50 recorded children per row,524,510,33,1148.0,386.0,4.0,1148.0,386.0,4.0,74.83702737940025,79.7751190506945,72.45637980390327,74.64239271781534,74.90247074122237,762.0,2.9740932642487046
danu_bhagavata_61,max_total_100,At most 100 recorded children per row,534,520,33,1865.0,478.0,4.0,1865.0,478.0,4.0,79.59880495091762,79.93242899016839,75.70372010173251,79.46314443971026,79.63357477631018,1387.0,3.901673640167364
danu_bhagavata_61,max_total_200,At most 200 recorded children per row,537,523,33,2170.0,480.0,4.0,2170.0,480.0,4.0,81.88679245283019,80.04375311064582,75.94320182584131,81.76337603617182,81.91409193669932,1690.0,4.520833333333333
danu_bhagavata_61,cap_total_10,"All records, contribution capped at 10",539,525,33,63170.0,480.0,4.0,1201.982732131221,353.90615675766804,3.111111111111111,77.25376411612504,80.11977690831955,74.34670941024571,77.09959795581918,77.299156077122,,
danu_bhagavata_61,cap_total_20,"All records, contribution capped at 20",539,525,33,63170.0,480.0,4.0,1393.4806157775931,397.5193842224068,4.0,77.80461282956968,80.11977690831955,74.90256135621807,77.63123207674613,77.85407330237287,,
danu_bhagavata_61,cap_total_50,"All records, contribution capped at 50",539,525,33,63170.0,480.0,4.0,1836.7860805067849,447.21391949321514,4.0,80.41970580152298,80.11977690831955,75.77962497851634,80.27911191026158,80.45393708508675,,
danu_bhagavata_61,cap_total_200,"All records, contribution capped at 200",539,525,33,63170.0,480.0,4.0,2570.0,480.0,4.0,84.26229508196721,80.11977690831955,76.31841506115322,84.15193189259988,84.28290766208251,,
david_samuel_jerusalem,all,All records,539,525,33,63147.0,480.0,4.0,63147.0,480.0,4.0,99.24560328162572,80.11977690831955,76.57218429322903,99.23936446071883,99.24565070484512,62667.0,131.55625
david_samuel_jerusalem,flag_filtered,Exclude extreme-count and cross-tradition flags,516,502,33,1613.0,465.0,4.0,1613.0,465.0,4.0,77.62271414821944,80.41008580654893,71.78715469902265,77.47358309317964,77.6657060518732,1148.0,3.468817204301075
david_samuel_jerusalem,direct_filtered,"Flag-filtered, couple or unnamed-spouse rows",469,456,29,1180.0,303.0,4.0,1180.0,303.0,4.0,79.56844234659474,81.71634998508569,73.9844509531126,79.35440484196369,79.62340282447882,877.0,3.8943894389438944
david_samuel_jerusalem,historical_filtered,"Flag-filtered, historical label only",104,103,2,201.0,127.0,0.0,201.0,127.0,0.0,61.28048780487805,71.87432578209277,64.66417910447761,61.28048780487805,61.28048780487805,74.0,1.5826771653543308
david_samuel_jerusalem,without_alternatives,"Flag-filtered, omit all alternative-target rows",404,403,32,1081.0,328.0,4.0,1081.0,328.0,4.0,76.72107877927608,81.94101321892884,74.03256881107832,76.5038924274593,76.7869780608634,753.0,3.2957317073170733
david_samuel_jerusalem,min_sexed_2,"Flag-filtered, at least 2 sex-specified children",271,271,26,1411.0,436.0,2.0,1411.0,436.0,2.0,76.39415268002166,74.41277887412386,72.94538405690608,76.31151974040021,76.41968631692806,975.0,3.2362385321100917
david_samuel_jerusalem,min_sexed_5,"Flag-filtered, at least 5 sex-specified children",93,93,14,1057.0,309.0,2.0,1057.0,309.0,2.0,77.3792093704246,74.81214775864767,73.6475822645435,77.26608187134502,77.41228070175438,748.0,3.4207119741100325
david_samuel_jerusalem,max_total_5,At most 5 recorded children per row,453,439,32,631.0,185.0,2.0,631.0,185.0,2.0,77.32843137254902,80.77069096431283,73.56233969068876,77.13936430317848,77.38386308068459,446.0,3.4108108108108106
david_samuel_jerusalem,max_total_10,At most 10 recorded children per row,505,491,33,935.0,280.0,2.0,935.0,280.0,2.0,76.95473251028807,80.2540167458701,72.41421920755968,76.82826622843056,76.99260476581759,655.0,3.3392857142857144
david_samuel_jerusalem,max_total_20,At most 20 recorded children per row,520,506,33,1070.0,339.0,4.0,1070.0,339.0,4.0,75.94038325053229,79.95154110272686,72.59419029028562,75.72540693559802,76.00849256900213,731.0,3.1563421828908553
david_samuel_jerusalem,max_total_50,At most 50 recorded children per row,525,511,33,1186.0,386.0,4.0,1186.0,386.0,4.0,75.44529262086515,79.81469807407866,72.97892847327259,75.25380710659898,75.50761421319797,800.0,3.0725388601036268
david_samuel_jerusalem,max_total_100,At most 100 recorded children per row,534,520,33,1842.0,478.0,4.0,1842.0,478.0,4.0,79.39655172413794,79.93242899016839,75.58541806750091,79.25989672977624,79.43201376936317,1364.0,3.8535564853556483
david_samuel_jerusalem,max_total_200,At most 200 recorded children per row,537,523,33,2147.0,480.0,4.0,2147.0,480.0,4.0,81.72820708031976,80.04375311064582,75.8248997916097,81.60395286963131,81.75598631698973,1667.0,4.472916666666666
david_samuel_jerusalem,cap_total_10,"All records, contribution capped at 10",539,525,33,63147.0,480.0,4.0,1199.982732131221,353.90615675766804,3.111111111111111,77.2244875879942,80.11977690831955,74.34359410732382,77.07018189667444,77.26999635467772,,
david_samuel_jerusalem,cap_total_20,"All records, contribution capped at 20",539,525,33,63147.0,480.0,4.0,1391.4806157775931,397.5193842224068,4.0,77.77979965218519,80.11977690831955,74.89952245872378,77.60628085764601,77.82937065128796,,
david_samuel_jerusalem,cap_total_50,"All records, contribution capped at 50",539,525,33,63147.0,480.0,4.0,1824.7860805067849,447.21391949321514,4.0,80.31628875470004,80.11977690831955,75.75166362992523,80.17513534739828,80.3508822718271,,
david_samuel_jerusalem,cap_total_200,"All records, contribution capped at 200",539,525,33,63147.0,480.0,4.0,2547.0,480.0,4.0,84.14271555996035,80.11977690831955,76.30379856122363,84.03167271527549,84.16364236225668,,
draupadi_adi_95_names,all,All records,539,525,33,63149.0,480.0,4.0,63149.0,480.0,4.0,99.24562699398074,80.11977690831955,76.57504621202051,99.23938836767087,99.24567441421904,62669.0,131.56041666666667
draupadi_adi_95_names,flag_filtered,Exclude extreme-count and cross-tradition flags,516,502,33,1615.0,465.0,4.0,1615.0,465.0,4.0,77.64423076923077,80.41008580654893,71.79001661781413,77.49520153550864,77.68714011516315,1150.0,3.4731182795698925
draupadi_adi_95_names,direct_filtered,"Flag-filtered, couple or unnamed-spouse rows",469,456,29,1180.0,303.0,4.0,1180.0,303.0,4.0,79.56844234659474,81.71634998508569,73.9844509531126,79.35440484196369,79.62340282447882,877.0,3.8943894389438944
draupadi_adi_95_names,historical_filtered,"Flag-filtered, historical label only",104,103,2,201.0,127.0,0.0,201.0,127.0,0.0,61.28048780487805,71.87432578209277,64.66417910447761,61.28048780487805,61.28048780487805,74.0,1.5826771653543308
draupadi_adi_95_names,without_alternatives,"Flag-filtered, omit all alternative-target rows",404,403,32,1081.0,328.0,4.0,1081.0,328.0,4.0,76.72107877927608,81.94101321892884,74.03256881107832,76.5038924274593,76.7869780608634,753.0,3.2957317073170733
draupadi_adi_95_names,min_sexed_2,"Flag-filtered, at least 2 sex-specified children",271,271,26,1413.0,436.0,2.0,1413.0,436.0,2.0,76.41968631692806,74.41277887412386,72.94939020192513,76.33711507293354,76.44516477579687,977.0,3.2408256880733943
draupadi_adi_95_names,min_sexed_5,"Flag-filtered, at least 5 sex-specified children",93,93,14,1059.0,309.0,2.0,1059.0,309.0,2.0,77.41228070175438,74.81214775864767,73.65794424299057,77.2992700729927,77.44525547445255,750.0,3.4271844660194173
draupadi_adi_95_names,max_total_5,At most 5 recorded children per row,453,439,32,631.0,185.0,2.0,631.0,185.0,2.0,77.32843137254902,80.77069096431283,73.56233969068876,77.13936430317848,77.38386308068459,446.0,3.4108108108108106
draupadi_adi_95_names,max_total_10,At most 10 recorded children per row,505,491,33,937.0,280.0,2.0,937.0,280.0,2.0,76.99260476581759,80.2540167458701,72.41739943562746,76.86628383921247,77.03035274815423,657.0,3.3464285714285715
draupadi_adi_95_names,max_total_20,At most 20 recorded children per row,520,506,33,1072.0,339.0,4.0,1072.0,339.0,4.0,75.97448618001417,79.95154110272686,72.59714246254995,75.75971731448763,76.04240282685512,733.0,3.162241887905605
draupadi_adi_95_names,max_total_50,At most 50 recorded children per row,525,511,33,1188.0,386.0,4.0,1188.0,386.0,4.0,75.47649301143584,79.81469807407866,72.98110760135835,75.2851711026616,75.53865652724969,802.0,3.077720207253886
draupadi_adi_95_names,max_total_100,At most 100 recorded children per row,534,520,33,1844.0,478.0,4.0,1844.0,478.0,4.0,79.41429801894918,79.93242899016839,75.58827998629239,79.27773000859845,79.44969905417025,1366.0,3.8577405857740588
draupadi_adi_95_names,max_total_200,At most 200 recorded children per row,537,523,33,2149.0,480.0,4.0,2149.0,480.0,4.0,81.74210726511981,80.04375311064582,75.82776171040119,81.61792631978732,81.76984428408659,1669.0,4.477083333333334
draupadi_adi_95_names,cap_total_10,"All records, contribution capped at 10",539,525,33,63149.0,480.0,4.0,1201.982732131221,353.90615675766804,3.111111111111111,77.25376411612504,80.11977690831955,74.34670941024571,77.09959795581918,77.299156077122,,
draupadi_adi_95_names,cap_total_20,"All records, contribution capped at 20",539,525,33,63149.0,480.0,4.0,1393.4806157775931,397.5193842224068,4.0,77.80461282956968,80.11977690831955,74.90256135621807,77.63123207674613,77.85407330237287,,
draupadi_adi_95_names,cap_total_50,"All records, contribution capped at 50",539,525,33,63149.0,480.0,4.0,1826.7860805067849,447.21391949321514,4.0,80.33360072589203,80.11977690831955,75.7544980877178,80.19254084753226,80.368133472642,,
draupadi_adi_95_names,cap_total_200,"All records, contribution capped at 200",539,525,33,63149.0,480.0,4.0,2549.0,480.0,4.0,84.15318586992407,80.11977690831955,76.30666048001513,84.04220243982856,84.17408506429278,,
drupada_vyasa_eleven,all,All records,539,525,33,63150.0,480.0,4.0,63150.0,480.0,4.0,99.24563884959925,80.12121990976254,76.57510426531925,99.23940032058334,99.24568626834711,62670.0,131.5625
drupada_vyasa_eleven,flag_filtered,Exclude extreme-count and cross-tradition flags,516,502,33,1616.0,465.0,4.0,1616.0,465.0,4.0,77.65497357039885,80.41159492160386,71.79131159275637,77.50599520383693,77.6978417266187,1151.0,3.475268817204301
drupada_vyasa_eleven,direct_filtered,"Flag-filtered, couple or unnamed-spouse rows",469,456,29,1181.0,303.0,4.0,1181.0,303.0,4.0,79.5822102425876,81.71801133543124,73.98608731207365,79.36827956989248,79.63709677419355,878.0,3.897689768976898
drupada_vyasa_eleven,historical_filtered,"Flag-filtered, historical label only",104,103,2,201.0,127.0,0.0,201.0,127.0,0.0,61.28048780487805,71.87432578209277,64.66417910447761,61.28048780487805,61.28048780487805,74.0,1.5826771653543308
drupada_vyasa_eleven,without_alternatives,"Flag-filtered, omit all alternative-target rows",404,403,32,1081.0,328.0,4.0,1081.0,328.0,4.0,76.72107877927608,81.94101321892884,74.03256881107832,76.5038924274593,76.7869780608634,753.0,3.2957317073170733
drupada_vyasa_eleven,min_sexed_2,"Flag-filtered, at least 2 sex-specified children",271,271,26,1414.0,436.0,2.0,1414.0,436.0,2.0,76.43243243243244,74.41557435662413,72.95147930778782,76.34989200863932,76.45788336933046,978.0,3.243119266055046
drupada_vyasa_eleven,min_sexed_5,"Flag-filtered, at least 5 sex-specified children",93,93,14,1060.0,309.0,2.0,1060.0,309.0,2.0,77.42878013148284,74.82029373453558,73.66278030063638,77.31582786287382,77.4617067833698,751.0,3.43042071197411
drupada_vyasa_eleven,max_total_5,At most 5 recorded children per row,453,439,32,631.0,185.0,2.0,631.0,185.0,2.0,77.32843137254902,80.77069096431283,73.56233969068876,77.13936430317848,77.38386308068459,446.0,3.4108108108108106
drupada_vyasa_eleven,max_total_10,At most 10 recorded children per row,505,491,33,937.0,280.0,2.0,937.0,280.0,2.0,76.99260476581759,80.2540167458701,72.41739943562746,76.86628383921247,77.03035274815423,657.0,3.3464285714285715
drupada_vyasa_eleven,max_total_20,At most 20 recorded children per row,520,506,33,1073.0,339.0,4.0,1073.0,339.0,4.0,75.9915014164306,79.95303828801852,72.5984374374922,75.7768361581921,76.05932203389831,734.0,3.1651917404129795
drupada_vyasa_eleven,max_total_50,At most 50 recorded children per row,525,511,33,1189.0,386.0,4.0,1189.0,386.0,4.0,75.4920634920635,79.81618060980777,72.98240257630059,75.3008233058898,75.55414819506016,803.0,3.0803108808290154
drupada_vyasa_eleven,max_total_100,At most 100 recorded children per row,534,520,33,1845.0,478.0,4.0,1845.0,478.0,4.0,79.42315970727508,79.93388586662527,75.58957496123463,79.28663515255694,79.45853029651913,1367.0,3.8598326359832638
drupada_vyasa_eleven,max_total_200,At most 200 recorded children per row,537,523,33,2150.0,480.0,4.0,2150.0,480.0,4.0,81.74904942965779,80.04520163025877,75.82826345396006,81.62490508731966,81.77676537585421,1670.0,4.479166666666667
drupada_vyasa_eleven,cap_total_10,"All records, contribution capped at 10",539,525,33,63150.0,480.0,4.0,1202.0584897069784,353.8303991819105,3.111111111111111,77.25863320261948,80.12121990976254,74.34740297040095,77.10445732565609,77.30401544695891,,
drupada_vyasa_eleven,cap_total_20,"All records, contribution capped at 20",539,525,33,63150.0,480.0,4.0,1394.4806157775931,397.5193842224068,4.0,77.81699864830318,80.12121990976254,74.90348229532492,77.64368684730474,77.86640399652522,,
drupada_vyasa_eleven,cap_total_50,"All records, contribution capped at 50",539,525,33,63150.0,480.0,4.0,1827.7860805067849,447.21391949321514,4.0,80.34224529700153,80.12121990976254,75.75510448260918,80.20123214158775,80.37674771859521,,
drupada_vyasa_eleven,cap_total_200,"All records, contribution capped at 200",539,525,33,63150.0,480.0,4.0,2550.0,480.0,4.0,84.15841584158416,80.12121990976254,76.30692092720295,84.04746209624258,84.17930125247199,,
enbilulu_enki_damgalnunna,all,All records,539,526,33,63149.0,480.0,4.0,63149.0,480.0,4.0,99.24562699398074,80.15757200925431,76.57504621202051,99.23938836767087,99.24567441421904,62669.0,131.56041666666667
enbilulu_enki_damgalnunna,flag_filtered,Exclude extreme-count and cross-tradition flags,516,503,33,1615.0,465.0,4.0,1615.0,465.0,4.0,77.64423076923077,80.44903195802696,71.79001661781413,77.49520153550864,77.68714011516315,1150.0,3.4731182795698925
enbilulu_enki_damgalnunna,direct_filtered,"Flag-filtered, couple or unnamed-spouse rows",469,457,29,1180.0,303.0,4.0,1180.0,303.0,4.0,79.56844234659474,81.75635797198922,73.9844509531126,79.35440484196369,79.62340282447882,877.0,3.8943894389438944
enbilulu_enki_damgalnunna,historical_filtered,"Flag-filtered, historical label only",104,103,2,201.0,127.0,0.0,201.0,127.0,0.0,61.28048780487805,71.87432578209277,64.66417910447761,61.28048780487805,61.28048780487805,74.0,1.5826771653543308
enbilulu_enki_damgalnunna,without_alternatives,"Flag-filtered, omit all alternative-target rows",404,403,32,1081.0,328.0,4.0,1081.0,328.0,4.0,76.72107877927608,81.94101321892884,74.03256881107832,76.5038924274593,76.7869780608634,753.0,3.2957317073170733
enbilulu_enki_damgalnunna,min_sexed_2,"Flag-filtered, at least 2 sex-specified children",271,271,26,1412.0,436.0,2.0,1412.0,436.0,2.0,76.4069264069264,74.41277887412386,72.88070888324381,76.32432432432432,76.43243243243244,976.0,3.238532110091743
enbilulu_enki_damgalnunna,min_sexed_5,"Flag-filtered, at least 5 sex-specified children",93,93,14,1059.0,309.0,2.0,1059.0,309.0,2.0,77.41228070175438,74.81214775864767,73.65794424299057,77.2992700729927,77.44525547445255,750.0,3.4271844660194173
enbilulu_enki_damgalnunna,max_total_5,At most 5 recorded children per row,453,440,32,631.0,185.0,2.0,631.0,185.0,2.0,77.32843137254902,80.81439393939395,73.56233969068876,77.13936430317848,77.38386308068459,446.0,3.4108108108108106
enbilulu_enki_damgalnunna,max_total_10,At most 10 recorded children per row,505,492,33,937.0,280.0,2.0,937.0,280.0,2.0,76.99260476581759,80.29415085817524,72.41739943562746,76.86628383921247,77.03035274815423,657.0,3.3464285714285715
enbilulu_enki_damgalnunna,max_total_20,At most 20 recorded children per row,520,507,33,1072.0,339.0,4.0,1072.0,339.0,4.0,75.97448618001417,79.99108441416134,72.59714246254995,75.75971731448763,76.04240282685512,733.0,3.162241887905605
enbilulu_enki_damgalnunna,max_total_50,At most 50 recorded children per row,525,512,33,1188.0,386.0,4.0,1188.0,386.0,4.0,75.47649301143584,79.85412249190273,72.98110760135835,75.2851711026616,75.53865652724969,802.0,3.077720207253886
enbilulu_enki_damgalnunna,max_total_100,At most 100 recorded children per row,534,521,33,1844.0,478.0,4.0,1844.0,478.0,4.0,79.41429801894918,79.97094640093583,75.58827998629239,79.27773000859845,79.44969905417025,1366.0,3.8577405857740588
enbilulu_enki_damgalnunna,max_total_200,At most 200 recorded children per row,537,524,33,2149.0,480.0,4.0,2149.0,480.0,4.0,81.74210726511981,80.08183755127436,75.82776171040119,81.61792631978732,81.76984428408659,1669.0,4.477083333333334
enbilulu_enki_damgalnunna,cap_total_10,"All records, contribution capped at 10",539,526,33,63149.0,480.0,4.0,1201.982732131221,353.90615675766804,3.111111111111111,77.25376411612504,80.15757200925431,74.34670941024571,77.09959795581918,77.299156077122,,
enbilulu_enki_damgalnunna,cap_total_20,"All records, contribution capped at 20",539,526,33,63149.0,480.0,4.0,1393.4806157775931,397.5193842224068,4.0,77.80461282956968,80.15757200925431,74.90256135621807,77.63123207674613,77.85407330237287,,
enbilulu_enki_damgalnunna,cap_total_50,"All records, contribution capped at 50",539,526,33,63149.0,480.0,4.0,1826.7860805067849,447.21391949321514,4.0,80.33360072589203,80.15757200925431,75.7544980877178,80.19254084753226,80.368133472642,,
enbilulu_enki_damgalnunna,cap_total_200,"All records, contribution capped at 200",539,526,33,63149.0,480.0,4.0,2549.0,480.0,4.0,84.15318586992407,80.15757200925431,76.30666048001513,84.04220243982856,84.17408506429278,,
enki_namma_maternal_account,all,All records,539,526,33,63149.0,480.0,4.0,63149.0,480.0,4.0,99.24562699398074,80.15757200925431,76.57504621202051,99.23938836767087,99.24567441421904,62669.0,131.56041666666667
enki_namma_maternal_account,flag_filtered,Exclude extreme-count and cross-tradition flags,516,503,33,1615.0,465.0,4.0,1615.0,465.0,4.0,77.64423076923077,80.44903195802696,71.79001661781413,77.49520153550864,77.68714011516315,1150.0,3.4731182795698925
enki_namma_maternal_account,direct_filtered,"Flag-filtered, couple or unnamed-spouse rows",469,457,29,1181.0,303.0,4.0,1181.0,303.0,4.0,79.5822102425876,81.75635797198922,74.1076036624722,79.36827956989248,79.63709677419355,878.0,3.897689768976898
enki_namma_maternal_account,historical_filtered,"Flag-filtered, historical label only",104,103,2,201.0,127.0,0.0,201.0,127.0,0.0,61.28048780487805,71.87432578209277,64.66417910447761,61.28048780487805,61.28048780487805,74.0,1.5826771653543308
enki_namma_maternal_account,without_alternatives,"Flag-filtered, omit all alternative-target rows",404,403,32,1081.0,328.0,4.0,1081.0,328.0,4.0,76.72107877927608,81.94101321892884,74.03256881107832,76.5038924274593,76.7869780608634,753.0,3.2957317073170733
enki_namma_maternal_account,min_sexed_2,"Flag-filtered, at least 2 sex-specified children",270,270,26,1411.0,436.0,2.0,1411.0,436.0,2.0,76.39415268002166,74.31801138847247,72.78913379166873,76.31151974040021,76.41968631692806,975.0,3.2362385321100917
enki_namma_maternal_account,min_sexed_5,"Flag-filtered, at least 5 sex-specified children",93,93,14,1059.0,309.0,2.0,1059.0,309.0,2.0,77.41228070175438,74.81214775864767,73.65794424299057,77.2992700729927,77.44525547445255,750.0,3.4271844660194173
enki_namma_maternal_account,max_total_5,At most 5 recorded children per row,453,440,32,631.0,185.0,2.0,631.0,185.0,2.0,77.32843137254902,80.81439393939395,73.56233969068876,77.13936430317848,77.38386308068459,446.0,3.4108108108108106
enki_namma_maternal_account,max_total_10,At most 10 recorded children per row,505,492,33,937.0,280.0,2.0,937.0,280.0,2.0,76.99260476581759,80.29415085817524,72.41739943562746,76.86628383921247,77.03035274815423,657.0,3.3464285714285715
enki_namma_maternal_account,max_total_20,At most 20 recorded children per row,520,507,33,1072.0,339.0,4.0,1072.0,339.0,4.0,75.97448618001417,79.99108441416134,72.59714246254995,75.75971731448763,76.04240282685512,733.0,3.162241887905605
enki_namma_maternal_account,max_total_50,At most 50 recorded children per row,525,512,33,1188.0,386.0,4.0,1188.0,386.0,4.0,75.47649301143584,79.85412249190273,72.98110760135835,75.2851711026616,75.53865652724969,802.0,3.077720207253886
enki_namma_maternal_account,max_total_100,At most 100 recorded children per row,534,521,33,1844.0,478.0,4.0,1844.0,478.0,4.0,79.41429801894918,79.97094640093583,75.58827998629239,79.27773000859845,79.44969905417025,1366.0,3.8577405857740588
enki_namma_maternal_account,max_total_200,At most 200 recorded children per row,537,524,33,2149.0,480.0,4.0,2149.0,480.0,4.0,81.74210726511981,80.08183755127436,75.82776171040119,81.61792631978732,81.76984428408659,1669.0,4.477083333333334
enki_namma_maternal_account,cap_total_10,"All records, contribution capped at 10",539,526,33,63149.0,480.0,4.0,1201.982732131221,353.90615675766804,3.111111111111111,77.25376411612504,80.15757200925431,74.34670941024571,77.09959795581918,77.299156077122,,
enki_namma_maternal_account,cap_total_20,"All records, contribution capped at 20",539,526,33,63149.0,480.0,4.0,1393.4806157775931,397.5193842224068,4.0,77.80461282956968,80.15757200925431,74.90256135621807,77.63123207674613,77.85407330237287,,
enki_namma_maternal_account,cap_total_50,"All records, contribution capped at 50",539,526,33,63149.0,480.0,4.0,1826.7860805067849,447.21391949321514,4.0,80.33360072589203,80.15757200925431,75.7544980877178,80.19254084753226,80.368133472642,,
enki_namma_maternal_account,cap_total_200,"All records, contribution capped at 200",539,526,33,63149.0,480.0,4.0,2549.0,480.0,4.0,84.15318586992407,80.15757200925431,76.30666048001513,84.04220243982856,84.17408506429278,,
galla_smith_merged_child,all,All records,539,525,33,63148.0,480.0,4.0,63148.0,480.0,4.0,99.24561513798956,80.08803087657353,76.56287632033255,99.2393764143827,99.24566255971838,62668.0,131.55833333333334
galla_smith_merged_child,flag_filtered,Exclude extreme-count and cross-tradition flags,516,502,33,1614.0,465.0,4.0,1614.0,465.0,4.0,77.63347763347764,80.37688527534044,71.77784672612619,77.48439750360058,77.67642822851656,1149.0,3.470967741935484
galla_smith_merged_child,direct_filtered,"Flag-filtered, couple or unnamed-spouse rows",469,456,29,1179.0,303.0,4.0,1179.0,303.0,4.0,79.55465587044534,81.67980027748334,73.97060245567457,79.34051144010768,79.60969044414536,876.0,3.891089108910891
galla_smith_merged_child,historical_filtered,"Flag-filtered, historical label only",104,103,2,200.0,127.0,0.0,200.0,127.0,0.0,61.162079510703364,71.71251348435814,64.40994181634201,61.162079510703364,61.162079510703364,73.0,1.5748031496062993
galla_smith_merged_child,without_alternatives,"Flag-filtered, omit all alternative-target rows",404,403,32,1081.0,328.0,4.0,1081.0,328.0,4.0,76.72107877927608,81.94101321892884,74.03256881107832,76.5038924274593,76.7869780608634,753.0,3.2957317073170733
galla_smith_merged_child,min_sexed_2,"Flag-filtered, at least 2 sex-specified children",271,271,26,1412.0,436.0,2.0,1412.0,436.0,2.0,76.4069264069264,74.3512782591177,72.931591099619,76.32432432432432,76.43243243243244,976.0,3.238532110091743
galla_smith_merged_child,min_sexed_5,"Flag-filtered, at least 5 sex-specified children",93,93,14,1059.0,309.0,2.0,1059.0,309.0,2.0,77.41228070175438,74.81214775864767,73.65794424299057,77.2992700729927,77.44525547445255,750.0,3.4271844660194173
galla_smith_merged_child,max_total_5,At most 5 recorded children per row,453,439,32,630.0,185.0,2.0,630.0,185.0,2.0,77.30061349693251,80.73272589217919,73.54380155509554,77.11138310893513,77.3561811505508,445.0,3.4054054054054053
galla_smith_merged_child,max_total_10,At most 10 recorded children per row,505,491,33,936.0,280.0,2.0,936.0,280.0,2.0,76.97368421052632,80.22007241457344,72.4052295439395,76.84729064039409,77.01149425287356,656.0,3.342857142857143
galla_smith_merged_child,max_total_20,At most 20 recorded children per row,520,506,33,1071.0,339.0,4.0,1071.0,339.0,4.0,75.95744680851064,79.91860302631054,72.58497257086199,75.74257425742574,76.02545968882603,732.0,3.15929203539823
galla_smith_merged_child,max_total_50,At most 50 recorded children per row,525,511,33,1187.0,386.0,4.0,1187.0,386.0,4.0,75.46090273363001,79.78208228803821,72.9689377096704,75.26949904882689,75.52314521242866,801.0,3.0751295336787563
galla_smith_merged_child,max_total_100,At most 100 recorded children per row,534,520,33,1843.0,478.0,4.0,1843.0,478.0,4.0,79.40542869452823,79.90037770811712,75.57611009460445,79.26881720430107,79.44086021505376,1365.0,3.8556485355648538
galla_smith_merged_child,max_total_200,At most 200 recorded children per row,537,523,33,2148.0,480.0,4.0,2148.0,480.0,4.0,81.7351598173516,80.0118856791608,75.81559181871323,81.61094224924013,81.7629179331307,1668.0,4.475
galla_smith_merged_child,cap_total_10,"All records, contribution capped at 10",539,525,33,63148.0,480.0,4.0,1200.982732131221,353.90615675766804,3.111111111111111,77.23913526640695,80.08803087657353,74.33453951855775,77.08489936657388,77.28458557396226,,
galla_smith_merged_child,cap_total_20,"All records, contribution capped at 20",539,525,33,63148.0,480.0,4.0,1392.4806157775931,397.5193842224068,4.0,77.79221317193257,80.08803087657353,74.8903914645301,77.61876342127051,77.84172886162726,,
galla_smith_merged_child,cap_total_50,"All records, contribution capped at 50",539,525,33,63148.0,480.0,4.0,1825.7860805067849,447.21391949321514,4.0,80.32494854847272,80.08803087657353,75.74232819602985,80.1838419194899,80.35951166037702,,
galla_smith_merged_child,cap_total_200,"All records, contribution capped at 200",539,525,33,63148.0,480.0,4.0,2548.0,480.0,4.0,84.14795244385733,80.08803087657353,76.29449058832716,84.03693931398416,84.1688654353562,,
gudarz_named_sons,all,All records,539,525,33,63079.0,480.0,4.0,63079.0,480.0,4.0,99.24479617363394,80.10102397817421,76.22575228474494,99.2385507291978,99.24484369837799,62599.0,131.41458333333333
gudarz_named_sons,flag_filtered,Exclude extreme-count and cross-tradition flags,516,502,33,1545.0,465.0,4.0,1545.0,465.0,4.0,76.86567164179104,80.3904736784089,71.44072269053855,76.71300893743793,76.91161866931479,1080.0,3.3225806451612905
gudarz_named_sons,direct_filtered,"Flag-filtered, couple or unnamed-spouse rows",469,456,29,1180.0,303.0,4.0,1180.0,303.0,4.0,79.56844234659474,81.71634998508569,73.9844509531126,79.35440484196369,79.62340282447882,877.0,3.8943894389438944
gudarz_named_sons,historical_filtered,"Flag-filtered, historical label only",104,103,2,201.0,127.0,0.0,201.0,127.0,0.0,61.28048780487805,71.87432578209277,64.66417910447761,61.28048780487805,61.28048780487805,74.0,1.5826771653543308
gudarz_named_sons,without_alternatives,"Flag-filtered, omit all alternative-target rows",404,403,32,1081.0,328.0,4.0,1081.0,328.0,4.0,76.72107877927608,81.94101321892884,74.03256881107832,76.5038924274593,76.7869780608634,753.0,3.2957317073170733
gudarz_named_sons,min_sexed_2,"Flag-filtered, at least 2 sex-specified children",271,271,26,1343.0,436.0,2.0,1343.0,436.0,2.0,75.49184935356942,74.37644939690503,72.37199578261895,75.40707467714768,75.5193711398091,907.0,3.080275229357798
gudarz_named_sons,min_sexed_5,"Flag-filtered, at least 5 sex-specified children",93,93,14,989.0,309.0,2.0,989.0,309.0,2.0,76.19414483821264,74.70628444331109,72.5678279639208,76.07692307692308,76.23076923076923,680.0,3.2006472491909386
gudarz_named_sons,max_total_5,At most 5 recorded children per row,453,439,32,631.0,185.0,2.0,631.0,185.0,2.0,77.32843137254902,80.77069096431283,73.56233969068876,77.13936430317848,77.38386308068459,446.0,3.4108108108108106
gudarz_named_sons,max_total_10,At most 10 recorded children per row,506,492,33,945.0,281.0,2.0,945.0,281.0,2.0,77.07993474714519,80.27156729900632,72.47955949778752,76.9543973941368,77.1172638436482,664.0,3.3629893238434163
gudarz_named_sons,max_total_20,At most 20 recorded children per row,521,507,33,1080.0,340.0,4.0,1080.0,340.0,4.0,76.05633802816901,79.96916900763054,72.65930252471003,75.84269662921348,76.12359550561797,740.0,3.176470588235294
gudarz_named_sons,max_total_50,At most 50 recorded children per row,526,512,33,1196.0,387.0,4.0,1196.0,387.0,4.0,75.5527479469362,79.83242110301383,73.04326766351842,75.3623188405797,75.61436672967864,809.0,3.090439276485788
gudarz_named_sons,max_total_100,At most 100 recorded children per row,534,520,33,1774.0,478.0,4.0,1774.0,478.0,4.0,78.77442273534636,79.91349574338705,75.23898605901681,78.63475177304964,78.81205673758865,1296.0,3.711297071129707
gudarz_named_sons,max_total_200,At most 200 recorded children per row,537,523,33,2079.0,480.0,4.0,2079.0,480.0,4.0,81.24267291910903,80.0249284675745,75.47846778312561,81.11587982832619,81.27194693718299,1599.0,4.33125
gudarz_named_sons,cap_total_10,"All records, contribution capped at 10",539,525,33,63079.0,480.0,4.0,1200.109314409702,354.77957447918703,3.111111111111111,77.18296291044246,80.10102397817421,74.26694388744221,77.0288391790566,77.228525386445,,
gudarz_named_sons,cap_total_20,"All records, contribution capped at 20",539,525,33,63079.0,480.0,4.0,1381.7337803345551,398.2662196654448,4.0,77.6254932772222,80.10102397817421,74.73764048243643,77.45144508601767,77.67566033265445,,
gudarz_named_sons,cap_total_50,"All records, contribution capped at 50",539,525,33,63079.0,480.0,4.0,1785.41899189919,447.5810081008101,4.0,79.95606770708419,80.10102397817421,75.46184418746897,79.81309753684354,79.99190844430889,,
gudarz_named_sons,cap_total_200,"All records, contribution capped at 200",539,525,33,63079.0,480.0,4.0,2479.0,480.0,4.0,83.7783034809057,80.10102397817421,75.95736655273954,83.66520418494768,83.80020249746879,,
hamza_khawla_biography,all,All records,539,525,33,63149.0,482.0,4.0,63149.0,482.0,4.0,99.24250758278198,80.02453881308145,76.56334127238033,99.2362693486289,99.24255519761138,62667.0,131.01452282157678
hamza_khawla_biography,flag_filtered,Exclude extreme-count and cross-tradition flags,516,502,33,1615.0,467.0,4.0,1615.0,467.0,4.0,77.56964457252641,80.31048421292344,71.77831167817396,77.4209012464046,77.61265580057527,1148.0,3.4582441113490363
hamza_khawla_biography,direct_filtered,"Flag-filtered, couple or unnamed-spouse rows",469,456,29,1180.0,305.0,4.0,1180.0,305.0,4.0,79.46127946127946,81.60670086227867,73.96383472559982,79.24781732706515,79.51645399597045,875.0,3.8688524590163933
hamza_khawla_biography,historical_filtered,"Flag-filtered, historical label only",104,103,2,201.0,129.0,0.0,201.0,129.0,0.0,60.90909090909091,71.38888888888889,64.44444444444444,60.90909090909091,60.90909090909091,72.0,1.558139534883721
hamza_khawla_biography,without_alternatives,"Flag-filtered, omit all alternative-target rows",404,403,32,1081.0,328.0,4.0,1081.0,328.0,4.0,76.72107877927608,81.94101321892884,74.03256881107832,76.5038924274593,76.7869780608634,753.0,3.2957317073170733
hamza_khawla_biography,min_sexed_2,"Flag-filtered, at least 2 sex-specified children",271,271,26,1413.0,438.0,2.0,1413.0,438.0,2.0,76.33711507293354,74.22827702910541,72.93365028549707,76.25472207231516,76.36265515380464,975.0,3.2260273972602738
hamza_khawla_biography,min_sexed_5,"Flag-filtered, at least 5 sex-specified children",93,93,14,1059.0,309.0,2.0,1059.0,309.0,2.0,77.41228070175438,74.81214775864767,73.65794424299057,77.2992700729927,77.44525547445255,750.0,3.4271844660194173
hamza_khawla_biography,max_total_5,At most 5 recorded children per row,453,439,32,631.0,187.0,2.0,631.0,187.0,2.0,77.13936430317848,80.65679574791193,73.53495410159431,76.95121951219512,77.1951219512195,444.0,3.374331550802139
hamza_khawla_biography,max_total_10,At most 10 recorded children per row,505,491,33,937.0,282.0,2.0,937.0,282.0,2.0,76.86628383921247,80.15218375198008,72.40115704650373,76.74037674037675,76.90417690417691,655.0,3.3226950354609928
hamza_khawla_biography,max_total_20,At most 20 recorded children per row,520,506,33,1072.0,341.0,4.0,1072.0,341.0,4.0,75.86694975230007,79.85272687347785,72.5835374262997,75.65278757939308,75.93507410021172,731.0,3.1436950146627565
hamza_khawla_biography,max_total_50,At most 50 recorded children per row,525,511,33,1188.0,388.0,4.0,1188.0,388.0,4.0,75.38071065989848,79.71685071595734,72.96940266171818,75.18987341772151,75.44303797468355,800.0,3.0618556701030926
hamza_khawla_biography,max_total_100,At most 100 recorded children per row,534,520,33,1844.0,480.0,4.0,1844.0,480.0,4.0,79.34595524956971,79.83627514401455,75.57657504665222,79.20962199312714,79.38144329896907,1364.0,3.841666666666667
hamza_khawla_biography,max_total_200,At most 200 recorded children per row,537,523,33,2149.0,482.0,4.0,2149.0,482.0,4.0,81.67996959331053,79.94815081619075,75.81605677076102,81.55597722960152,81.707779886148,1667.0,4.45850622406639
hamza_khawla_biography,cap_total_10,"All records, contribution capped at 10",539,525,33,63149.0,482.0,4.0,1201.982732131221,355.90615675766804,3.111111111111111,77.15458661422858,80.02453881308145,74.3331534448755,77.00081563941198,77.20011808086689,,
hamza_khawla_biography,cap_total_20,"All records, contribution capped at 20",539,525,33,63149.0,482.0,4.0,1393.4806157775931,399.5193842224068,4.0,77.71782575446699,80.02453881308145,74.89007944451798,77.54483115067296,77.76742436158003,,
hamza_khawla_biography,cap_total_50,"All records, contribution capped at 50",539,525,33,63149.0,482.0,4.0,1826.7860805067849,449.21391949321514,4.0,80.26300880961269,80.02453881308145,75.74279314807764,80.12219651345548,80.2976351099467,,
hamza_khawla_biography,cap_total_200,"All records, contribution capped at 200",539,525,33,63149.0,482.0,4.0,2549.0,482.0,4.0,84.09765753876609,80.02453881308145,76.29495554037496,83.98682042833607,84.11861614497529,,
hashim_salma_haq_note,all,All records,539,525,33,63149.0,479.0,4.0,63149.0,479.0,4.0,99.24718677311876,80.21501500355764,76.58095531864531,99.24094795071662,99.2472340960523,62670.0,131.83507306889354
hashim_salma_haq_note,flag_filtered,Exclude extreme-count and cross-tradition flags,516,502,33,1615.0,464.0,4.0,1615.0,464.0,4.0,77.68157768157768,80.50968740017443,71.79592572443894,77.53240518482957,77.72443590974557,1151.0,3.480603448275862
hashim_salma_haq_note,direct_filtered,"Flag-filtered, couple or unnamed-spouse rows",469,456,29,1180.0,302.0,4.0,1180.0,302.0,4.0,79.6221322537112,81.8259991078927,73.99490027390675,79.40780619111709,79.67698519515478,878.0,3.9072847682119205
hashim_salma_haq_note,historical_filtered,"Flag-filtered, historical label only",104,103,2,201.0,127.0,0.0,201.0,127.0,0.0,61.28048780487805,71.87432578209277,64.66417910447761,61.28048780487805,61.28048780487805,74.0,1.5826771653543308
hashim_salma_haq_note,without_alternatives,"Flag-filtered, omit all alternative-target rows",404,403,32,1081.0,328.0,4.0,1081.0,328.0,4.0,76.72107877927608,81.94101321892884,74.03256881107832,76.5038924274593,76.7869780608634,753.0,3.2957317073170733
hashim_salma_haq_note,min_sexed_2,"Flag-filtered, at least 2 sex-specified children",270,270,26,1412.0,435.0,2.0,1412.0,435.0,2.0,76.44829453167299,74.50319657365765,72.95132284032239,76.36560302866414,76.47376960519199,977.0,3.245977011494253
hashim_salma_haq_note,min_sexed_5,"Flag-filtered, at least 5 sex-specified children",93,93,14,1059.0,309.0,2.0,1059.0,309.0,2.0,77.41228070175438,74.81214775864767,73.65794424299057,77.2992700729927,77.44525547445255,750.0,3.4271844660194173
hashim_salma_haq_note,max_total_5,At most 5 recorded children per row,453,439,32,631.0,184.0,2.0,631.0,184.0,2.0,77.42331288343559,80.88458618071375,73.57629750706593,77.23378212974296,77.47858017135863,447.0,3.4293478260869565
hashim_salma_haq_note,max_total_10,At most 10 recorded children per row,505,491,33,937.0,279.0,2.0,937.0,279.0,2.0,77.05592105263158,80.35584973976012,72.42562519492618,76.92939244663383,77.0935960591133,658.0,3.3584229390681
hashim_salma_haq_note,max_total_20,At most 20 recorded children per row,520,506,33,1072.0,338.0,4.0,1072.0,338.0,4.0,76.02836879432624,80.05035533197588,72.60401946080054,75.81329561527582,76.0961810466761,734.0,3.171597633136095
hashim_salma_haq_note,max_total_50,At most 50 recorded children per row,525,511,33,1188.0,385.0,4.0,1188.0,385.0,4.0,75.52447552447552,79.91254543219999,72.98701670798316,75.33291058972733,75.5865567533291,803.0,3.085714285714286
hashim_salma_haq_note,max_total_100,At most 100 recorded children per row,534,520,33,1844.0,477.0,4.0,1844.0,477.0,4.0,79.44851357173631,80.02858283632224,75.5941890929172,79.31182795698925,79.48387096774194,1367.0,3.8658280922431865
hashim_salma_haq_note,max_total_200,At most 200 recorded children per row,537,523,33,2149.0,479.0,4.0,2149.0,479.0,4.0,81.77321156773212,80.13935540510089,75.83367081702599,81.64893617021276,81.80091185410335,1670.0,4.48643006263048
hashim_salma_haq_note,cap_total_10,"All records, contribution capped at 10",539,525,33,63149.0,479.0,4.0,1201.982732131221,352.90615675766804,3.111111111111111,77.30344854352572,80.21501500355764,74.35356187625702,77.14908421894872,77.3487704263371,,
hashim_salma_haq_note,cap_total_20,"All records, contribution capped at 20",539,525,33,63149.0,479.0,4.0,1393.4806157775931,396.5193842224068,4.0,77.84807909372029,80.21501500355764,74.90886599529108,77.6745047813597,77.89747022171645,,
hashim_salma_haq_note,cap_total_50,"All records, contribution capped at 50",539,525,33,63149.0,479.0,4.0,1826.7860805067849,446.21391949321514,4.0,80.36894326910624,80.21501500355764,75.76040719434262,80.22775935471168,80.40342909559881,,
hashim_salma_haq_note,cap_total_200,"All records, contribution capped at 200",539,525,33,63149.0,479.0,4.0,2549.0,479.0,4.0,84.18097754293262,80.21501500355764,76.31256958663994,84.06992084432717,84.2018469656992,,
jamadagni_adi_four,all,All records,539,525,33,63148.0,480.0,4.0,63148.0,480.0,4.0,99.24561513798956,80.11977690831955,76.5750461985899,99.2393764143827,99.24566255971838,62668.0,131.55833333333334
jamadagni_adi_four,flag_filtered,Exclude extreme-count and cross-tradition flags,516,502,33,1614.0,465.0,4.0,1614.0,465.0,4.0,77.63347763347764,80.41008580654893,71.78306239399244,77.48439750360058,77.67642822851656,1149.0,3.470967741935484
jamadagni_adi_four,direct_filtered,"Flag-filtered, couple or unnamed-spouse rows",469,456,29,1179.0,303.0,4.0,1179.0,303.0,4.0,79.55465587044534,81.71634998508569,73.97653752600516,79.34051144010768,79.60969044414536,876.0,3.891089108910891
jamadagni_adi_four,historical_filtered,"Flag-filtered, historical label only",104,103,2,201.0,127.0,0.0,201.0,127.0,0.0,61.28048780487805,71.87432578209277,64.66417910447761,61.28048780487805,61.28048780487805,74.0,1.5826771653543308
jamadagni_adi_four,without_alternatives,"Flag-filtered, omit all alternative-target rows",404,403,32,1081.0,328.0,4.0,1081.0,328.0,4.0,76.72107877927608,81.94101321892884,74.03256881107832,76.5038924274593,76.7869780608634,753.0,3.2957317073170733
jamadagni_adi_four,min_sexed_2,"Flag-filtered, at least 2 sex-specified children",271,271,26,1412.0,436.0,2.0,1412.0,436.0,2.0,76.4069264069264,74.41277887412386,72.93965310358044,76.32432432432432,76.43243243243244,976.0,3.238532110091743
jamadagni_adi_four,min_sexed_5,"Flag-filtered, at least 5 sex-specified children",92,92,14,1054.0,309.0,2.0,1054.0,309.0,2.0,77.32942039618489,74.53836675602427,73.5428297040243,77.21611721611721,77.36263736263736,745.0,3.411003236245955
jamadagni_adi_four,max_total_5,At most 5 recorded children per row,453,439,32,630.0,185.0,2.0,630.0,185.0,2.0,77.30061349693251,80.77069096431283,73.54001826211733,77.11138310893513,77.3561811505508,445.0,3.4054054054054053
jamadagni_adi_four,max_total_10,At most 10 recorded children per row,505,491,33,936.0,280.0,2.0,936.0,280.0,2.0,76.97368421052632,80.2540167458701,72.3917731943564,76.84729064039409,77.01149425287356,656.0,3.342857142857143
jamadagni_adi_four,max_total_20,At most 20 recorded children per row,520,506,33,1071.0,339.0,4.0,1071.0,339.0,4.0,75.95744680851064,79.95154110272686,72.5715162212789,75.74257425742574,76.02545968882603,732.0,3.15929203539823
jamadagni_adi_four,max_total_50,At most 50 recorded children per row,525,511,33,1187.0,386.0,4.0,1187.0,386.0,4.0,75.46090273363001,79.81469807407866,72.97415337753665,75.26949904882689,75.52314521242866,801.0,3.0751295336787563
jamadagni_adi_four,max_total_100,At most 100 recorded children per row,534,520,33,1843.0,478.0,4.0,1843.0,478.0,4.0,79.40542869452823,79.93242899016839,75.5813257624707,79.26881720430107,79.44086021505376,1365.0,3.8556485355648538
jamadagni_adi_four,max_total_200,At most 200 recorded children per row,537,523,33,2148.0,480.0,4.0,2148.0,480.0,4.0,81.7351598173516,80.04375311064582,75.8208074865795,81.61094224924013,81.7629179331307,1668.0,4.475
jamadagni_adi_four,cap_total_10,"All records, contribution capped at 10",539,525,33,63148.0,480.0,4.0,1200.982732131221,353.90615675766804,3.111111111111111,77.23913526640695,80.11977690831955,74.3346843982207,77.08489936657388,77.28458557396226,,
jamadagni_adi_four,cap_total_20,"All records, contribution capped at 20",539,525,33,63148.0,480.0,4.0,1392.4806157775931,397.5193842224068,4.0,77.79221317193257,80.11977690831955,74.89560713239636,77.61876342127051,77.84172886162726,,
jamadagni_adi_four,cap_total_50,"All records, contribution capped at 50",539,525,33,63148.0,480.0,4.0,1825.7860805067849,447.21391949321514,4.0,80.32494854847272,80.11977690831955,75.7517775822479,80.1838419194899,80.35951166037702,,
jamadagni_adi_four,cap_total_200,"All records, contribution capped at 200",539,525,33,63148.0,480.0,4.0,2548.0,480.0,4.0,84.14795244385733,80.11977690831955,76.30605722454699,84.03693931398416,84.1688654353562,,
jamshid_sisters_reading,all,All records,539,524,33,63149.0,478.0,4.0,63149.0,478.0,4.0,99.24874660128562,80.27267724593085,76.62804988330421,99.24250758278198,99.24879382690827,62671.0,132.11087866108787
jamshid_sisters_reading,flag_filtered,Exclude extreme-count and cross-tradition flags,516,501,33,1615.0,463.0,4.0,1615.0,463.0,4.0,77.71896053897979,80.57058497981551,71.84302028909785,77.56964457252641,77.76176753121999,1152.0,3.488120950323974
jamshid_sisters_reading,direct_filtered,"Flag-filtered, couple or unnamed-spouse rows",469,456,29,1180.0,303.0,4.0,1180.0,303.0,4.0,79.56844234659474,81.71634998508569,73.9844509531126,79.35440484196369,79.62340282447882,877.0,3.8943894389438944
jamshid_sisters_reading,historical_filtered,"Flag-filtered, historical label only",104,103,2,201.0,127.0,0.0,201.0,127.0,0.0,61.28048780487805,71.87432578209277,64.66417910447761,61.28048780487805,61.28048780487805,74.0,1.5826771653543308
jamshid_sisters_reading,without_alternatives,"Flag-filtered, omit all alternative-target rows",404,403,32,1081.0,328.0,4.0,1081.0,328.0,4.0,76.72107877927608,81.94101321892884,74.03256881107832,76.5038924274593,76.7869780608634,753.0,3.2957317073170733
jamshid_sisters_reading,min_sexed_2,"Flag-filtered, at least 2 sex-specified children",270,270,26,1413.0,434.0,2.0,1413.0,434.0,2.0,76.50243638332431,74.68838175884284,73.02103424415742,76.41968631692806,76.52785289345593,979.0,3.2557603686635943
jamshid_sisters_reading,min_sexed_5,"Flag-filtered, at least 5 sex-specified children",93,93,14,1059.0,309.0,2.0,1059.0,309.0,2.0,77.41228070175438,74.81214775864767,73.65794424299057,77.2992700729927,77.44525547445255,750.0,3.4271844660194173
jamshid_sisters_reading,max_total_5,At most 5 recorded children per row,453,438,32,631.0,183.0,2.0,631.0,183.0,2.0,77.51842751842752,80.95509893455099,73.80819890393927,77.32843137254902,77.57352941176471,448.0,3.448087431693989
jamshid_sisters_reading,max_total_10,At most 10 recorded children per row,505,490,33,937.0,278.0,2.0,937.0,278.0,2.0,77.11934156378601,80.41780045351473,72.59055960878763,76.99260476581759,77.1569433032046,659.0,3.370503597122302
jamshid_sisters_reading,max_total_20,At most 20 recorded children per row,520,505,33,1072.0,337.0,4.0,1072.0,337.0,4.0,76.08232789212207,80.10986098609861,72.77030263571012,75.86694975230007,76.15003538570417,735.0,3.1810089020771515
jamshid_sisters_reading,max_total_50,At most 50 recorded children per row,525,510,33,1188.0,384.0,4.0,1188.0,384.0,4.0,75.57251908396947,79.97119748206705,73.15426777451853,75.38071065989848,75.63451776649747,804.0,3.09375
jamshid_sisters_reading,max_total_100,At most 100 recorded children per row,534,519,33,1844.0,476.0,4.0,1844.0,476.0,4.0,79.48275862068965,80.08644137743269,75.64128365757611,79.34595524956971,79.51807228915662,1368.0,3.8739495798319328
jamshid_sisters_reading,max_total_200,At most 200 recorded children per row,537,522,33,2149.0,478.0,4.0,2149.0,478.0,4.0,81.80433955081843,80.1970936338463,75.8807653816849,81.67996959331053,81.83200304066895,1671.0,4.49581589958159
jamshid_sisters_reading,cap_total_10,"All records, contribution capped at 10",539,524,33,63149.0,478.0,4.0,1201.982732131221,351.90615675766804,3.111111111111111,77.35319691942072,80.27267724593085,74.48177088441444,77.19863404824798,77.39844850625126,,
jamshid_sisters_reading,cap_total_20,"All records, contribution capped at 20",539,524,33,63149.0,478.0,4.0,1393.4806157775931,395.5193842224068,4.0,77.89159395067597,80.27267724593085,75.0130331628924,77.71782575446699,77.94091554810893,,
jamshid_sisters_reading,cap_total_50,"All records, contribution capped at 50",539,524,33,63149.0,478.0,4.0,1826.7860805067849,445.21391949321514,4.0,80.40431692371412,80.27267724593085,75.8257559437858,80.26300880961269,80.43875573404151,,
jamshid_sisters_reading,cap_total_200,"All records, contribution capped at 200",539,524,33,63149.0,478.0,4.0,2549.0,478.0,4.0,84.20878757846052,80.27267724593085,76.35966415129883,84.09765753876609,84.22962718574728,,
jason_apollodorus_two,all,All records,539,525,33,63150.0,480.0,4.0,63150.0,480.0,4.0,99.24563884959925,80.11977690831955,76.59553077795962,99.23940032058334,99.24568626834711,62670.0,131.5625
jason_apollodorus_two,flag_filtered,Exclude extreme-count and cross-tradition flags,516,502,33,1616.0,465.0,4.0,1616.0,465.0,4.0,77.65497357039885,80.41008580654893,71.81050118375325,77.50599520383693,77.6978417266187,1151.0,3.475268817204301
jason_apollodorus_two,direct_filtered,"Flag-filtered, couple or unnamed-spouse rows",469,456,29,1181.0,303.0,4.0,1181.0,303.0,4.0,79.5822102425876,81.71634998508569,74.00848941465105,79.36827956989248,79.63709677419355,878.0,3.897689768976898
jason_apollodorus_two,historical_filtered,"Flag-filtered, historical label only",104,103,2,201.0,127.0,0.0,201.0,127.0,0.0,61.28048780487805,71.87432578209277,64.66417910447761,61.28048780487805,61.28048780487805,74.0,1.5826771653543308
jason_apollodorus_two,without_alternatives,"Flag-filtered, omit all alternative-target rows",404,403,32,1081.0,328.0,4.0,1081.0,328.0,4.0,76.72107877927608,81.94101321892884,74.03256881107832,76.5038924274593,76.7869780608634,753.0,3.2957317073170733
jason_apollodorus_two,min_sexed_2,"Flag-filtered, at least 2 sex-specified children",272,272,26,1415.0,436.0,2.0,1415.0,436.0,2.0,76.44516477579687,74.50684954002782,73.0362334498626,76.36265515380464,76.47058823529412,979.0,3.2454128440366974
jason_apollodorus_two,min_sexed_5,"Flag-filtered, at least 5 sex-specified children",93,93,14,1059.0,309.0,2.0,1059.0,309.0,2.0,77.41228070175438,74.81214775864767,73.65794424299057,77.2992700729927,77.44525547445255,750.0,3.4271844660194173
jason_apollodorus_two,max_total_5,At most 5 recorded children per row,453,439,32,632.0,185.0,2.0,632.0,185.0,2.0,77.3561811505508,80.77069096431283,73.58838135735542,77.16727716727716,77.4114774114774,447.0,3.4162162162162164
jason_apollodorus_two,max_total_10,At most 10 recorded children per row,505,491,33,938.0,280.0,2.0,938.0,280.0,2.0,77.01149425287356,80.2540167458701,72.43609143545154,76.88524590163935,77.04918032786885,658.0,3.35
jason_apollodorus_two,max_total_20,At most 20 recorded children per row,520,506,33,1073.0,339.0,4.0,1073.0,339.0,4.0,75.9915014164306,79.95154110272686,72.61762702848907,75.7768361581921,76.05932203389831,734.0,3.1651917404129795
jason_apollodorus_two,max_total_50,At most 50 recorded children per row,525,511,33,1189.0,386.0,4.0,1189.0,386.0,4.0,75.4920634920635,79.81469807407866,73.00159216729746,75.3008233058898,75.55414819506016,803.0,3.0803108808290154
jason_apollodorus_two,max_total_100,At most 100 recorded children per row,534,520,33,1845.0,478.0,4.0,1845.0,478.0,4.0,79.42315970727508,79.93242899016839,75.6087645522315,79.28663515255694,79.45853029651913,1367.0,3.8598326359832638
jason_apollodorus_two,max_total_200,At most 200 recorded children per row,537,523,33,2150.0,480.0,4.0,2150.0,480.0,4.0,81.74904942965779,80.04375311064582,75.8482462763403,81.62490508731966,81.77676537585421,1670.0,4.479166666666667
jason_apollodorus_two,cap_total_10,"All records, contribution capped at 10",539,525,33,63150.0,480.0,4.0,1202.982732131221,353.90615675766804,3.111111111111111,77.26837417342983,80.11977690831955,74.36705943059573,77.1142777007193,77.3137079001495,,
jason_apollodorus_two,cap_total_20,"All records, contribution capped at 20",539,525,33,63150.0,480.0,4.0,1394.4806157775931,397.5193842224068,4.0,77.81699864830318,80.11977690831955,74.92304592215717,77.64368684730474,77.86640399652522,,
jason_apollodorus_two,cap_total_50,"All records, contribution capped at 50",539,525,33,63150.0,480.0,4.0,1827.7860805067849,447.21391949321514,4.0,80.34224529700153,80.11977690831955,75.77498265365692,80.20123214158775,80.37674771859521,,
jason_apollodorus_two,cap_total_200,"All records, contribution capped at 200",539,525,33,63150.0,480.0,4.0,2550.0,480.0,4.0,84.15841584158416,80.11977690831955,76.32714504595424,84.04746209624258,84.17930125247199,,
jesse_eight_sons,all,All records,539,525,33,63150.0,480.0,4.0,63150.0,480.0,4.0,99.24563884959925,80.12400971255236,76.5764686538008,99.23940032058334,99.24568626834711,62670.0,131.5625
jesse_eight_sons,flag_filtered,Exclude extreme-count and cross-tradition flags,516,502,33,1616.0,465.0,4.0,1616.0,465.0,4.0,77.65497357039885,80.41451254404339,71.79143905959444,77.50599520383693,77.6978417266187,1151.0,3.475268817204301
jesse_eight_sons,direct_filtered,"Flag-filtered, couple or unnamed-spouse rows",469,456,29,1181.0,303.0,4.0,1181.0,303.0,4.0,79.5822102425876,81.72122327943266,73.98566475864541,79.36827956989248,79.63709677419355,878.0,3.897689768976898
jesse_eight_sons,historical_filtered,"Flag-filtered, historical label only",104,103,2,201.0,127.0,0.0,201.0,127.0,0.0,61.28048780487805,71.87432578209277,64.66417910447761,61.28048780487805,61.28048780487805,74.0,1.5826771653543308
jesse_eight_sons,without_alternatives,"Flag-filtered, omit all alternative-target rows",404,403,32,1081.0,328.0,4.0,1081.0,328.0,4.0,76.72107877927608,81.94101321892884,74.03256881107832,76.5038924274593,76.7869780608634,753.0,3.2957317073170733
jesse_eight_sons,min_sexed_2,"Flag-filtered, at least 2 sex-specified children",271,271,26,1414.0,436.0,2.0,1414.0,436.0,2.0,76.43243243243244,74.42097895612469,72.95138070284987,76.34989200863932,76.45788336933046,978.0,3.243119266055046
jesse_eight_sons,min_sexed_5,"Flag-filtered, at least 5 sex-specified children",93,93,14,1060.0,309.0,2.0,1060.0,309.0,2.0,77.42878013148284,74.8360426212522,73.66308400418316,77.31582786287382,77.4617067833698,751.0,3.43042071197411
jesse_eight_sons,max_total_5,At most 5 recorded children per row,453,439,32,631.0,185.0,2.0,631.0,185.0,2.0,77.32843137254902,80.77069096431283,73.56233969068876,77.13936430317848,77.38386308068459,446.0,3.4108108108108106
jesse_eight_sons,max_total_10,At most 10 recorded children per row,505,491,33,938.0,280.0,2.0,938.0,280.0,2.0,77.01149425287356,80.25854265670966,72.41896907609011,76.88524590163935,77.04918032786885,658.0,3.35
jesse_eight_sons,max_total_20,At most 20 recorded children per row,520,506,33,1073.0,339.0,4.0,1073.0,339.0,4.0,75.9915014164306,79.95593284624906,72.59860054763173,75.7768361581921,76.05932203389831,734.0,3.1651917404129795
jesse_eight_sons,max_total_50,At most 50 recorded children per row,525,511,33,1189.0,386.0,4.0,1189.0,386.0,4.0,75.4920634920635,79.81904684555072,72.98218573640779,75.3008233058898,75.55414819506016,803.0,3.0803108808290154
jesse_eight_sons,max_total_100,At most 100 recorded children per row,534,520,33,1845.0,478.0,4.0,1845.0,478.0,4.0,79.42315970727508,79.93670249444189,75.5897024280727,79.28663515255694,79.45853029651913,1367.0,3.8598326359832638
jesse_eight_sons,max_total_200,At most 200 recorded children per row,537,523,33,2150.0,480.0,4.0,2150.0,480.0,4.0,81.74904942965779,80.04800210151049,75.8291841521815,81.62490508731966,81.77676537585421,1670.0,4.479166666666667
jesse_eight_sons,cap_total_10,"All records, contribution capped at 10",539,525,33,63150.0,480.0,4.0,1202.982732131221,353.90615675766804,3.111111111111111,77.26837417342983,80.12400971255236,74.34825054950035,77.1142777007193,77.3137079001495,,
jesse_eight_sons,cap_total_20,"All records, contribution capped at 20",539,525,33,63150.0,480.0,4.0,1394.4806157775931,397.5193842224068,4.0,77.81699864830318,80.12400971255236,74.90406682230804,77.64368684730474,77.86640399652522,,
jesse_eight_sons,cap_total_50,"All records, contribution capped at 50",539,525,33,63150.0,480.0,4.0,1827.7860805067849,447.21391949321514,4.0,80.34224529700153,80.12400971255236,75.75590556503913,80.20123214158775,80.37674771859521,,
jesse_eight_sons,cap_total_200,"All records, contribution capped at 200",539,525,33,63150.0,480.0,4.0,2550.0,480.0,4.0,84.15841584158416,80.12400971255236,76.30808292179542,84.04746209624258,84.17930125247199,,
ji_chang_shiji_tai_si_ten,all,All records,539,525,33,63059.0,480.0,4.0,63059.0,480.0,4.0,99.24455846015833,80.11977690831955,76.57504621202051,99.23831106494815,99.24460601482461,62579.0,131.37291666666667
ji_chang_shiji_tai_si_ten,flag_filtered,Exclude extreme-count and cross-tradition flags,516,502,33,1525.0,465.0,4.0,1525.0,465.0,4.0,76.63316582914572,80.41008580654893,71.79001661781413,76.47943831494483,76.68004012036108,1060.0,3.2795698924731185
ji_chang_shiji_tai_si_ten,direct_filtered,"Flag-filtered, couple or unnamed-spouse rows",469,456,29,1180.0,303.0,4.0,1180.0,303.0,4.0,79.56844234659474,81.71634998508569,73.9844509531126,79.35440484196369,79.62340282447882,877.0,3.8943894389438944
ji_chang_shiji_tai_si_ten,historical_filtered,"Flag-filtered, historical label only",104,103,2,201.0,127.0,0.0,201.0,127.0,0.0,61.28048780487805,71.87432578209277,64.66417910447761,61.28048780487805,61.28048780487805,74.0,1.5826771653543308
ji_chang_shiji_tai_si_ten,without_alternatives,"Flag-filtered, omit all alternative-target rows",404,403,32,1081.0,328.0,4.0,1081.0,328.0,4.0,76.72107877927608,81.94101321892884,74.03256881107832,76.5038924274593,76.7869780608634,753.0,3.2957317073170733
ji_chang_shiji_tai_si_ten,min_sexed_2,"Flag-filtered, at least 2 sex-specified children",271,271,26,1323.0,436.0,2.0,1323.0,436.0,2.0,75.21318931210915,74.41277887412386,72.94939020192513,75.12776831345826,75.24134014764338,887.0,3.0344036697247705
ji_chang_shiji_tai_si_ten,min_sexed_5,"Flag-filtered, at least 5 sex-specified children",93,93,14,969.0,309.0,2.0,969.0,309.0,2.0,75.82159624413146,74.81214775864767,73.65794424299057,75.703125,75.859375,660.0,3.1359223300970873
ji_chang_shiji_tai_si_ten,max_total_5,At most 5 recorded children per row,453,439,32,631.0,185.0,2.0,631.0,185.0,2.0,77.32843137254902,80.77069096431283,73.56233969068876,77.13936430317848,77.38386308068459,446.0,3.4108108108108106
ji_chang_shiji_tai_si_ten,max_total_10,At most 10 recorded children per row,506,492,33,947.0,280.0,2.0,947.0,280.0,2.0,77.1801140994295,80.29415085817524,72.41739943562746,77.05451586655818,77.21724979658259,667.0,3.382142857142857
ji_chang_shiji_tai_si_ten,max_total_20,At most 20 recorded children per row,521,507,33,1082.0,339.0,4.0,1082.0,339.0,4.0,76.14356087262492,79.99108441416134,72.59714246254995,75.9298245614035,76.21052631578948,743.0,3.191740412979351
ji_chang_shiji_tai_si_ten,max_total_50,At most 50 recorded children per row,526,512,33,1198.0,386.0,4.0,1198.0,386.0,4.0,75.63131313131314,79.85412249190273,72.98110760135835,75.44080604534005,75.6926952141058,812.0,3.1036269430051813
ji_chang_shiji_tai_si_ten,max_total_100,At most 100 recorded children per row,534,520,33,1754.0,478.0,4.0,1754.0,478.0,4.0,78.584229390681,79.93242899016839,75.58827998629239,78.44364937388193,78.62254025044723,1276.0,3.6694560669456067
ji_chang_shiji_tai_si_ten,max_total_200,At most 200 recorded children per row,537,523,33,2059.0,480.0,4.0,2059.0,480.0,4.0,81.094919259551,80.04375311064582,75.82776171040119,80.9673613841919,81.12465591820684,1579.0,4.289583333333334
ji_chang_shiji_tai_si_ten,cap_total_10,"All records, contribution capped at 10",539,525,33,63059.0,480.0,4.0,1201.982732131221,353.90615675766804,3.111111111111111,77.25376411612504,80.11977690831955,74.34670941024571,77.09959795581918,77.299156077122,,
ji_chang_shiji_tai_si_ten,cap_total_20,"All records, contribution capped at 20",539,525,33,63059.0,480.0,4.0,1383.4806157775931,397.5193842224068,4.0,77.67998965623768,80.11977690831955,74.90256135621807,77.50591685028533,77.73000648613967,,
ji_chang_shiji_tai_si_ten,cap_total_50,"All records, contribution capped at 50",539,525,33,63059.0,480.0,4.0,1786.7860805067849,447.21391949321514,4.0,79.98147182214794,80.11977690831955,75.7544980877178,79.83852012988315,80.01725113971335,,
ji_chang_shiji_tai_si_ten,cap_total_200,"All records, contribution capped at 200",539,525,33,63059.0,480.0,4.0,2459.0,480.0,4.0,83.66791425654985,80.11977690831955,76.30666048001513,83.55419639823309,83.69011213047911,,
job_both_families,all,All records,539,525,33,63156.0,483.0,4.0,63156.0,483.0,4.0,99.24103144298307,80.11977690831955,76.57130000828128,99.23479408575963,99.24107914460349,62673.0,130.75776397515529
job_both_families,flag_filtered,Exclude extreme-count and cross-tradition flags,516,502,33,1622.0,468.0,4.0,1622.0,468.0,4.0,77.60765550239235,80.41008580654893,71.78627041407492,77.45940783190066,77.65042979942693,1154.0,3.465811965811966
job_both_families,direct_filtered,"Flag-filtered, couple or unnamed-spouse rows",468,455,29,1173.0,300.0,4.0,1173.0,300.0,4.0,79.63340122199592,81.74210020483312,74.01220082347817,79.41773865944482,79.68855788761002,873.0,3.91
job_both_families,historical_filtered,"Flag-filtered, historical label only",104,103,2,201.0,127.0,0.0,201.0,127.0,0.0,61.28048780487805,71.87432578209277,64.66417910447761,61.28048780487805,61.28048780487805,74.0,1.5826771653543308
job_both_families,without_alternatives,"Flag-filtered, omit all alternative-target rows",404,403,32,1081.0,328.0,4.0,1081.0,328.0,4.0,76.72107877927608,81.94101321892884,74.03256881107832,76.5038924274593,76.7869780608634,753.0,3.2957317073170733
job_both_families,min_sexed_2,"Flag-filtered, at least 2 sex-specified children",271,271,26,1420.0,439.0,2.0,1420.0,439.0,2.0,76.38515330823023,74.41277887412386,72.94523441728816,76.30306286942503,76.41053197205804,981.0,3.234624145785877
job_both_families,min_sexed_5,"Flag-filtered, at least 5 sex-specified children",93,93,14,1066.0,312.0,2.0,1066.0,312.0,2.0,77.35849056603773,74.81214775864767,73.65262903124828,77.2463768115942,77.3913043478261,754.0,3.4166666666666665
job_both_families,max_total_5,At most 5 recorded children per row,453,439,32,631.0,185.0,2.0,631.0,185.0,2.0,77.32843137254902,80.77069096431283,73.56233969068876,77.13936430317848,77.38386308068459,446.0,3.4108108108108106
job_both_families,max_total_10,At most 10 recorded children per row,504,490,33,930.0,277.0,2.0,930.0,277.0,2.0,77.05053852526926,80.27494331065759,72.44187532217232,76.92307692307692,77.0885028949545,653.0,3.357400722021661
job_both_families,max_total_20,At most 20 recorded children per row,520,506,33,1079.0,342.0,4.0,1079.0,342.0,4.0,75.93244194229416,79.95154110272686,72.57555807121767,75.71929824561404,76.0,737.0,3.154970760233918
job_both_families,max_total_50,At most 50 recorded children per row,525,511,33,1195.0,389.0,4.0,1195.0,389.0,4.0,75.4419191919192,79.81469807407866,72.96074338830904,75.25188916876574,75.50377833753149,806.0,3.0719794344473006
job_both_families,max_total_100,At most 100 recorded children per row,534,520,33,1851.0,481.0,4.0,1851.0,481.0,4.0,79.37392795883362,79.93242899016839,75.58453378255318,79.23801369863014,79.40924657534246,1370.0,3.8482328482328483
job_both_families,max_total_200,At most 200 recorded children per row,537,523,33,2156.0,483.0,4.0,2156.0,483.0,4.0,81.6976127320955,80.04375311064582,75.82401550666196,81.57396897465001,81.72531214528945,1673.0,4.463768115942029
job_both_families,cap_total_10,"All records, contribution capped at 10",539,525,33,63156.0,483.0,4.0,1201.982732131221,353.90615675766804,3.111111111111111,77.25376411612504,80.11977690831955,74.34670941024571,77.09959795581918,77.299156077122,,
job_both_families,cap_total_20,"All records, contribution capped at 20",539,525,33,63156.0,483.0,4.0,1400.4806157775931,400.5193842224068,4.0,77.76127794434164,80.11977690831955,74.89007452147887,77.58895378269213,77.81056043089158,,
job_both_families,cap_total_50,"All records, contribution capped at 50",539,525,33,63156.0,483.0,4.0,1833.7860805067849,450.21391949321514,4.0,80.28835729013944,80.11977690831955,75.74785919340324,80.1479930291427,80.32281820396787,,
job_both_families,cap_total_200,"All records, contribution capped at 200",539,525,33,63156.0,483.0,4.0,2556.0,483.0,4.0,84.106614017769,80.11977690831955,76.3029142762759,83.99605652316792,84.12750575090371,,
katayun_farshidvard_reading,all,All records,539,525,33,63149.0,480.0,4.0,63149.0,480.0,4.0,99.24562699398074,80.11977690831955,76.57504621202051,99.23938836767087,99.24567441421904,62669.0,131.56041666666667
katayun_farshidvard_reading,flag_filtered,Exclude extreme-count and cross-tradition flags,516,502,33,1615.0,465.0,4.0,1615.0,465.0,4.0,77.64423076923077,80.41008580654893,71.79001661781413,77.49520153550864,77.68714011516315,1150.0,3.4731182795698925
katayun_farshidvard_reading,direct_filtered,"Flag-filtered, couple or unnamed-spouse rows",469,456,29,1180.0,303.0,4.0,1180.0,303.0,4.0,79.56844234659474,81.71634998508569,73.9844509531126,79.35440484196369,79.62340282447882,877.0,3.8943894389438944
katayun_farshidvard_reading,historical_filtered,"Flag-filtered, historical label only",104,103,2,201.0,127.0,0.0,201.0,127.0,0.0,61.28048780487805,71.87432578209277,64.66417910447761,61.28048780487805,61.28048780487805,74.0,1.5826771653543308
katayun_farshidvard_reading,without_alternatives,"Flag-filtered, omit all alternative-target rows",404,403,32,1081.0,328.0,4.0,1081.0,328.0,4.0,76.72107877927608,81.94101321892884,74.03256881107832,76.5038924274593,76.7869780608634,753.0,3.2957317073170733
katayun_farshidvard_reading,min_sexed_2,"Flag-filtered, at least 2 sex-specified children",271,271,26,1413.0,436.0,2.0,1413.0,436.0,2.0,76.41968631692806,74.41277887412386,72.94939020192513,76.33711507293354,76.44516477579687,977.0,3.2408256880733943
katayun_farshidvard_reading,min_sexed_5,"Flag-filtered, at least 5 sex-specified children",93,93,14,1059.0,309.0,2.0,1059.0,309.0,2.0,77.41228070175438,74.81214775864767,73.65794424299057,77.2992700729927,77.44525547445255,750.0,3.4271844660194173
katayun_farshidvard_reading,max_total_5,At most 5 recorded children per row,453,439,32,631.0,185.0,2.0,631.0,185.0,2.0,77.32843137254902,80.77069096431283,73.56233969068876,77.13936430317848,77.38386308068459,446.0,3.4108108108108106
katayun_farshidvard_reading,max_total_10,At most 10 recorded children per row,505,491,33,937.0,280.0,2.0,937.0,280.0,2.0,76.99260476581759,80.2540167458701,72.41739943562746,76.86628383921247,77.03035274815423,657.0,3.3464285714285715
katayun_farshidvard_reading,max_total_20,At most 20 recorded children per row,520,506,33,1072.0,339.0,4.0,1072.0,339.0,4.0,75.97448618001417,79.95154110272686,72.59714246254995,75.75971731448763,76.04240282685512,733.0,3.162241887905605
katayun_farshidvard_reading,max_total_50,At most 50 recorded children per row,525,511,33,1188.0,386.0,4.0,1188.0,386.0,4.0,75.47649301143584,79.81469807407866,72.98110760135835,75.2851711026616,75.53865652724969,802.0,3.077720207253886
katayun_farshidvard_reading,max_total_100,At most 100 recorded children per row,534,520,33,1844.0,478.0,4.0,1844.0,478.0,4.0,79.41429801894918,79.93242899016839,75.58827998629239,79.27773000859845,79.44969905417025,1366.0,3.8577405857740588
katayun_farshidvard_reading,max_total_200,At most 200 recorded children per row,537,523,33,2149.0,480.0,4.0,2149.0,480.0,4.0,81.74210726511981,80.04375311064582,75.82776171040119,81.61792631978732,81.76984428408659,1669.0,4.477083333333334
katayun_farshidvard_reading,cap_total_10,"All records, contribution capped at 10",539,525,33,63149.0,480.0,4.0,1201.982732131221,353.90615675766804,3.111111111111111,77.25376411612504,80.11977690831955,74.34670941024571,77.09959795581918,77.299156077122,,
katayun_farshidvard_reading,cap_total_20,"All records, contribution capped at 20",539,525,33,63149.0,480.0,4.0,1393.4806157775931,397.5193842224068,4.0,77.80461282956968,80.11977690831955,74.90256135621807,77.63123207674613,77.85407330237287,,
katayun_farshidvard_reading,cap_total_50,"All records, contribution capped at 50",539,525,33,63149.0,480.0,4.0,1826.7860805067849,447.21391949321514,4.0,80.33360072589203,80.11977690831955,75.7544980877178,80.19254084753226,80.368133472642,,
katayun_farshidvard_reading,cap_total_200,"All records, contribution capped at 200",539,525,33,63149.0,480.0,4.0,2549.0,480.0,4.0,84.15318586992407,80.11977690831955,76.30666048001513,84.04220243982856,84.17408506429278,,
kesari_brahmanda_five,all,All records,539,525,33,63153.0,480.0,4.0,63153.0,480.0,4.0,99.24567441421904,80.11977690831955,76.57719544476362,99.2394361770668,99.245721828496,62673.0,131.56875
kesari_brahmanda_five,flag_filtered,Exclude extreme-count and cross-tradition flags,516,502,33,1619.0,465.0,4.0,1619.0,465.0,4.0,77.68714011516315,80.41008580654893,71.81941664721417,77.53831417624521,77.72988505747126,1154.0,3.481720430107527
kesari_brahmanda_five,direct_filtered,"Flag-filtered, couple or unnamed-spouse rows",469,456,29,1184.0,303.0,4.0,1184.0,303.0,4.0,79.62340282447882,81.71634998508569,74.02107479805288,79.40979208584842,79.67806841046277,881.0,3.907590759075908
kesari_brahmanda_five,historical_filtered,"Flag-filtered, historical label only",104,103,2,201.0,127.0,0.0,201.0,127.0,0.0,61.28048780487805,71.87432578209277,64.66417910447761,61.28048780487805,61.28048780487805,74.0,1.5826771653543308
kesari_brahmanda_five,without_alternatives,"Flag-filtered, omit all alternative-target rows",404,403,32,1081.0,328.0,4.0,1081.0,328.0,4.0,76.72107877927608,81.94101321892884,74.03256881107832,76.5038924274593,76.7869780608634,753.0,3.2957317073170733
kesari_brahmanda_five,min_sexed_2,"Flag-filtered, at least 2 sex-specified children",272,272,26,1418.0,436.0,2.0,1418.0,436.0,2.0,76.48327939590075,74.50684954002782,73.01254543749415,76.40086206896552,76.50862068965517,982.0,3.2522935779816513
kesari_brahmanda_five,min_sexed_5,"Flag-filtered, at least 5 sex-specified children",94,94,14,1064.0,309.0,2.0,1064.0,309.0,2.0,77.49453750910415,75.08010363355567,73.95856954361588,77.38181818181818,77.52727272727273,755.0,3.44336569579288
kesari_brahmanda_five,max_total_5,At most 5 recorded children per row,453,439,32,635.0,185.0,2.0,635.0,185.0,2.0,77.4390243902439,80.77069096431283,73.600972932447,77.25060827250608,77.49391727493918,450.0,3.4324324324324325
kesari_brahmanda_five,max_total_10,At most 10 recorded children per row,505,491,33,941.0,280.0,2.0,941.0,280.0,2.0,77.06797706797707,80.2540167458701,72.44896509219312,76.94194603434178,77.10547833197056,661.0,3.3607142857142858
kesari_brahmanda_five,max_total_20,At most 20 recorded children per row,520,506,33,1076.0,339.0,4.0,1076.0,339.0,4.0,76.04240282685512,79.95154110272686,72.62654249194998,75.82804792107117,76.10993657505286,737.0,3.174041297935103
kesari_brahmanda_five,max_total_50,At most 50 recorded children per row,525,511,33,1192.0,386.0,4.0,1192.0,386.0,4.0,75.53865652724969,79.81469807407866,73.01050763075838,75.34766118836916,75.60050568900127,806.0,3.088082901554404
kesari_brahmanda_five,max_total_100,At most 100 recorded children per row,534,520,33,1848.0,478.0,4.0,1848.0,478.0,4.0,79.44969905417025,79.93242899016839,75.59375903090357,79.31330472103004,79.48497854077253,1370.0,3.8661087866108788
kesari_brahmanda_five,max_total_200,At most 200 recorded children per row,537,523,33,2153.0,480.0,4.0,2153.0,480.0,4.0,81.76984428408659,80.04375311064582,75.8299109431443,81.64580963215775,81.79749715585893,1673.0,4.485416666666667
kesari_brahmanda_five,cap_total_10,"All records, contribution capped at 10",539,525,33,63153.0,480.0,4.0,1205.982732131221,353.90615675766804,3.111111111111111,77.31209195228284,80.11977690831955,74.36513070526274,77.15820423104421,77.35725164698222,,
kesari_brahmanda_five,cap_total_20,"All records, contribution capped at 20",539,525,33,63153.0,480.0,4.0,1397.4806157775931,397.5193842224068,4.0,77.85407330237287,80.11977690831955,74.91517635545215,77.6809680810224,77.90331382865998,,
kesari_brahmanda_five,cap_total_50,"All records, contribution capped at 50",539,525,33,63153.0,480.0,4.0,1830.7860805067849,447.21391949321514,4.0,80.368133472642,80.11977690831955,75.75997713232897,80.22726032019214,80.40254515805367,,
kesari_brahmanda_five,cap_total_200,"All records, contribution capped at 200",539,525,33,63153.0,480.0,4.0,2553.0,480.0,4.0,84.17408506429278,80.11977690831955,76.30880971275822,84.06322028317419,84.19492920645374,,
khalid_mughultay_five,all,All records,539,525,33,63150.0,480.0,4.0,63150.0,480.0,4.0,99.24563884959925,80.11977690831955,76.57888749399685,99.23940032058334,99.24568626834711,62670.0,131.5625
khalid_mughultay_five,flag_filtered,Exclude extreme-count and cross-tradition flags,516,502,33,1616.0,465.0,4.0,1616.0,465.0,4.0,77.65497357039885,80.41008580654893,71.79385789979047,77.50599520383693,77.6978417266187,1151.0,3.475268817204301
khalid_mughultay_five,direct_filtered,"Flag-filtered, couple or unnamed-spouse rows",469,456,29,1180.0,303.0,4.0,1180.0,303.0,4.0,79.56844234659474,81.71634998508569,73.9844509531126,79.35440484196369,79.62340282447882,877.0,3.8943894389438944
khalid_mughultay_five,historical_filtered,"Flag-filtered, historical label only",104,103,2,202.0,127.0,0.0,202.0,127.0,0.0,61.39817629179331,71.87432578209277,64.73977695167287,61.39817629179331,61.39817629179331,75.0,1.5905511811023623
khalid_mughultay_five,without_alternatives,"Flag-filtered, omit all alternative-target rows",404,403,32,1081.0,328.0,4.0,1081.0,328.0,4.0,76.72107877927608,81.94101321892884,74.03256881107832,76.5038924274593,76.7869780608634,753.0,3.2957317073170733
khalid_mughultay_five,min_sexed_2,"Flag-filtered, at least 2 sex-specified children",271,271,26,1414.0,436.0,2.0,1414.0,436.0,2.0,76.43243243243244,74.41277887412386,72.95537686424518,76.34989200863932,76.45788336933046,978.0,3.243119266055046
khalid_mughultay_five,min_sexed_5,"Flag-filtered, at least 5 sex-specified children",94,94,14,1064.0,309.0,2.0,1064.0,309.0,2.0,77.49453750910415,75.08010363355567,73.75980316837891,77.38181818181818,77.52727272727273,755.0,3.44336569579288
khalid_mughultay_five,max_total_5,At most 5 recorded children per row,453,439,32,632.0,185.0,2.0,632.0,185.0,2.0,77.3561811505508,80.77069096431283,73.56846413948837,77.16727716727716,77.4114774114774,447.0,3.4162162162162164
khalid_mughultay_five,max_total_10,At most 10 recorded children per row,505,491,33,938.0,280.0,2.0,938.0,280.0,2.0,77.01149425287356,80.2540167458701,72.42213858930279,76.88524590163935,77.04918032786885,658.0,3.35
khalid_mughultay_five,max_total_20,At most 20 recorded children per row,520,506,33,1073.0,339.0,4.0,1073.0,339.0,4.0,75.9915014164306,79.95154110272686,72.60129465642547,75.7768361581921,76.05932203389831,734.0,3.1651917404129795
khalid_mughultay_five,max_total_50,At most 50 recorded children per row,525,511,33,1189.0,386.0,4.0,1189.0,386.0,4.0,75.4920634920635,79.81469807407866,72.98494888333468,75.3008233058898,75.55414819506016,803.0,3.0803108808290154
khalid_mughultay_five,max_total_100,At most 100 recorded children per row,534,520,33,1845.0,478.0,4.0,1845.0,478.0,4.0,79.42315970727508,79.93242899016839,75.59212126826873,79.28663515255694,79.45853029651913,1367.0,3.8598326359832638
khalid_mughultay_five,max_total_200,At most 200 recorded children per row,537,523,33,2150.0,480.0,4.0,2150.0,480.0,4.0,81.74904942965779,80.04375311064582,75.83160299237753,81.62490508731966,81.77676537585421,1670.0,4.479166666666667
khalid_mughultay_five,cap_total_10,"All records, contribution capped at 10",539,525,33,63150.0,480.0,4.0,1202.982732131221,353.90615675766804,3.111111111111111,77.26837417342983,80.11977690831955,74.3509260640974,77.1142777007193,77.3137079001495,,
khalid_mughultay_five,cap_total_20,"All records, contribution capped at 20",539,525,33,63150.0,480.0,4.0,1394.4806157775931,397.5193842224068,4.0,77.81699864830318,80.11977690831955,74.90653682629522,77.64368684730474,77.86640399652522,,
khalid_mughultay_five,cap_total_50,"All records, contribution capped at 50",539,525,33,63150.0,480.0,4.0,1827.7860805067849,447.21391949321514,4.0,80.34224529700153,80.11977690831955,75.75833936969414,80.20123214158775,80.37674771859521,,
khalid_mughultay_five,cap_total_200,"All records, contribution capped at 200",539,525,33,63150.0,480.0,4.0,2550.0,480.0,4.0,84.15841584158416,80.11977690831955,76.31050176199146,84.04746209624258,84.17930125247199,,
lot_two_daughters,all,All records,539,525,33,63149.0,478.0,4.0,63149.0,478.0,4.0,99.24874660128562,80.11977690831955,76.58428131131407,99.24250758278198,99.24879382690827,62671.0,132.11087866108787
lot_two_daughters,flag_filtered,Exclude extreme-count and cross-tradition flags,516,502,33,1615.0,463.0,4.0,1615.0,463.0,4.0,77.71896053897979,80.41008580654893,71.79925171710768,77.56964457252641,77.76176753121999,1152.0,3.488120950323974
lot_two_daughters,direct_filtered,"Flag-filtered, couple or unnamed-spouse rows",469,456,29,1180.0,301.0,4.0,1180.0,301.0,4.0,79.67589466576638,81.71634998508569,74.00811905754294,79.46127946127946,79.73063973063974,879.0,3.920265780730897
lot_two_daughters,historical_filtered,"Flag-filtered, historical label only",104,103,2,201.0,127.0,0.0,201.0,127.0,0.0,61.28048780487805,71.87432578209277,64.66417910447761,61.28048780487805,61.28048780487805,74.0,1.5826771653543308
lot_two_daughters,without_alternatives,"Flag-filtered, omit all alternative-target rows",404,403,32,1081.0,328.0,4.0,1081.0,328.0,4.0,76.72107877927608,81.94101321892884,74.03256881107832,76.5038924274593,76.7869780608634,753.0,3.2957317073170733
lot_two_daughters,min_sexed_2,"Flag-filtered, at least 2 sex-specified children",271,271,26,1413.0,434.0,2.0,1413.0,434.0,2.0,76.50243638332431,74.41277887412386,72.96157838888988,76.41968631692806,76.52785289345593,979.0,3.2557603686635943
lot_two_daughters,min_sexed_5,"Flag-filtered, at least 5 sex-specified children",93,93,14,1059.0,309.0,2.0,1059.0,309.0,2.0,77.41228070175438,74.81214775864767,73.65794424299057,77.2992700729927,77.44525547445255,750.0,3.4271844660194173
lot_two_daughters,max_total_5,At most 5 recorded children per row,453,439,32,631.0,183.0,2.0,631.0,183.0,2.0,77.51842751842752,80.77069096431283,73.60132359410927,77.32843137254902,77.57352941176471,448.0,3.448087431693989
lot_two_daughters,max_total_10,At most 10 recorded children per row,505,491,33,937.0,278.0,2.0,937.0,278.0,2.0,77.11934156378601,80.2540167458701,72.44056966869275,76.99260476581759,77.1569433032046,659.0,3.370503597122302
lot_two_daughters,max_total_20,At most 20 recorded children per row,520,506,33,1072.0,337.0,4.0,1072.0,337.0,4.0,76.08232789212207,79.95154110272686,72.61913105596712,75.86694975230007,76.15003538570417,735.0,3.1810089020771515
lot_two_daughters,max_total_50,At most 50 recorded children per row,525,511,33,1188.0,384.0,4.0,1188.0,384.0,4.0,75.57251908396947,79.81469807407866,73.00034404239135,75.38071065989848,75.63451776649747,804.0,3.09375
lot_two_daughters,max_total_100,At most 100 recorded children per row,534,520,33,1844.0,476.0,4.0,1844.0,476.0,4.0,79.48275862068965,79.93242899016839,75.59751508558594,79.34595524956971,79.51807228915662,1368.0,3.8739495798319328
lot_two_daughters,max_total_200,At most 200 recorded children per row,537,523,33,2149.0,478.0,4.0,2149.0,478.0,4.0,81.80433955081843,80.04375311064582,75.83699680969474,81.67996959331053,81.83200304066895,1671.0,4.49581589958159
lot_two_daughters,cap_total_10,"All records, contribution capped at 10",539,525,33,63149.0,478.0,4.0,1201.982732131221,351.90615675766804,3.111111111111111,77.35319691942072,80.11977690831955,74.36523912896885,77.19863404824798,77.39844850625126,,
lot_two_daughters,cap_total_20,"All records, contribution capped at 20",539,525,33,63149.0,478.0,4.0,1393.4806157775931,395.5193842224068,4.0,77.89159395067597,80.11977690831955,74.91828594497952,77.71782575446699,77.94091554810893,,
lot_two_daughters,cap_total_50,"All records, contribution capped at 50",539,525,33,63149.0,478.0,4.0,1826.7860805067849,445.21391949321514,4.0,80.40431692371412,80.11977690831955,75.76566041066567,80.26300880961269,80.43875573404151,,
lot_two_daughters,cap_total_200,"All records, contribution capped at 200",539,525,33,63149.0,478.0,4.0,2549.0,478.0,4.0,84.20878757846052,80.11977690831955,76.31589557930867,84.09765753876609,84.22962718574728,,
louhi_two_daughters_scope,all,All records,539,525,33,63148.0,480.0,4.0,63148.0,480.0,4.0,99.24561513798956,80.05628484482749,76.06999570697,99.2393764143827,99.24566255971838,62668.0,131.55833333333334
louhi_two_daughters_scope,flag_filtered,Exclude extreme-count and cross-tradition flags,516,502,33,1614.0,465.0,4.0,1614.0,465.0,4.0,77.63347763347764,80.34368474413193,71.28496611276364,77.48439750360058,77.67642822851656,1149.0,3.470967741935484
louhi_two_daughters_scope,direct_filtered,"Flag-filtered, couple or unnamed-spouse rows",469,456,29,1180.0,303.0,4.0,1180.0,303.0,4.0,79.56844234659474,81.71634998508569,73.9844509531126,79.35440484196369,79.62340282447882,877.0,3.8943894389438944
louhi_two_daughters_scope,historical_filtered,"Flag-filtered, historical label only",104,103,2,201.0,127.0,0.0,201.0,127.0,0.0,61.28048780487805,71.87432578209277,64.66417910447761,61.28048780487805,61.28048780487805,74.0,1.5826771653543308
louhi_two_daughters_scope,without_alternatives,"Flag-filtered, omit all alternative-target rows",404,403,32,1081.0,328.0,4.0,1081.0,328.0,4.0,76.72107877927608,81.94101321892884,74.03256881107832,76.5038924274593,76.7869780608634,753.0,3.2957317073170733
louhi_two_daughters_scope,min_sexed_2,"Flag-filtered, at least 2 sex-specified children",271,271,26,1412.0,436.0,2.0,1412.0,436.0,2.0,76.4069264069264,74.28977764411157,71.66733891987386,76.32432432432432,76.43243243243244,976.0,3.238532110091743
louhi_two_daughters_scope,min_sexed_5,"Flag-filtered, at least 5 sex-specified children",93,93,14,1059.0,309.0,2.0,1059.0,309.0,2.0,77.41228070175438,74.81214775864767,73.65794424299057,77.2992700729927,77.44525547445255,750.0,3.4271844660194173
louhi_two_daughters_scope,max_total_5,At most 5 recorded children per row,453,439,32,630.0,185.0,2.0,630.0,185.0,2.0,77.30061349693251,80.69476082004556,73.04150635735543,77.11138310893513,77.3561811505508,445.0,3.4054054054054053
louhi_two_daughters_scope,max_total_10,At most 10 recorded children per row,505,491,33,936.0,280.0,2.0,936.0,280.0,2.0,76.97368421052632,80.18612808327676,71.91234893057695,76.84729064039409,77.01149425287356,656.0,3.342857142857143
louhi_two_daughters_scope,max_total_20,At most 20 recorded children per row,520,506,33,1071.0,339.0,4.0,1071.0,339.0,4.0,75.95744680851064,79.8856649498942,72.09209195749945,75.74257425742574,76.02545968882603,732.0,3.15929203539823
louhi_two_daughters_scope,max_total_50,At most 50 recorded children per row,525,511,33,1187.0,386.0,4.0,1187.0,386.0,4.0,75.46090273363001,79.74946650199777,72.47605709630784,75.26949904882689,75.52314521242866,801.0,3.0751295336787563
louhi_two_daughters_scope,max_total_100,At most 100 recorded children per row,534,520,33,1843.0,478.0,4.0,1843.0,478.0,4.0,79.40542869452823,79.86832642606582,75.0832294812419,79.26881720430107,79.44086021505376,1365.0,3.8556485355648538
louhi_two_daughters_scope,max_total_200,At most 200 recorded children per row,537,523,33,2148.0,480.0,4.0,2148.0,480.0,4.0,81.7351598173516,79.98001824767577,75.3227112053507,81.61094224924013,81.7629179331307,1668.0,4.475
louhi_two_daughters_scope,cap_total_10,"All records, contribution capped at 10",539,525,33,63148.0,480.0,4.0,1200.982732131221,353.90615675766804,3.111111111111111,77.23913526640695,80.05628484482749,73.8416589051952,77.08489936657388,77.28458557396226,,
louhi_two_daughters_scope,cap_total_20,"All records, contribution capped at 20",539,525,33,63148.0,480.0,4.0,1392.4806157775931,397.5193842224068,4.0,77.79221317193257,80.05628484482749,74.39751085116755,77.61876342127051,77.84172886162726,,
louhi_two_daughters_scope,cap_total_50,"All records, contribution capped at 50",539,525,33,63148.0,480.0,4.0,1825.7860805067849,447.21391949321514,4.0,80.32494854847272,80.05628484482749,75.2494475826673,80.1838419194899,80.35951166037702,,
louhi_two_daughters_scope,cap_total_200,"All records, contribution capped at 200",539,525,33,63148.0,480.0,4.0,2548.0,480.0,4.0,84.14795244385733,80.05628484482749,75.80160997496462,84.03693931398416,84.1688654353562,,
mahavira_digambara_celibacy,all,All records,539,524,33,63149.0,479.0,4.0,63149.0,479.0,4.0,99.24718677311876,80.27267724593085,76.60205566270598,99.24094795071662,99.2472340960523,62670.0,131.83507306889354
mahavira_digambara_celibacy,flag_filtered,Exclude extreme-count and cross-tradition flags,516,501,33,1615.0,464.0,4.0,1615.0,464.0,4.0,77.68157768157768,80.57058497981551,72.00646683426436,77.53240518482957,77.72443590974557,1151.0,3.480603448275862
mahavira_digambara_celibacy,direct_filtered,"Flag-filtered, couple or unnamed-spouse rows",469,455,29,1180.0,302.0,4.0,1180.0,302.0,4.0,79.6221322537112,81.89594635867928,74.23075637183182,79.40780619111709,79.67698519515478,878.0,3.9072847682119205
mahavira_digambara_celibacy,historical_filtered,"Flag-filtered, historical label only",104,103,2,201.0,127.0,0.0,201.0,127.0,0.0,61.28048780487805,71.87432578209277,64.66417910447761,61.28048780487805,61.28048780487805,74.0,1.5826771653543308
mahavira_digambara_celibacy,without_alternatives,"Flag-filtered, omit all alternative-target rows",404,403,32,1081.0,328.0,4.0,1081.0,328.0,4.0,76.72107877927608,81.94101321892884,74.03256881107832,76.5038924274593,76.7869780608634,753.0,3.2957317073170733
mahavira_digambara_celibacy,min_sexed_2,"Flag-filtered, at least 2 sex-specified children",271,271,26,1413.0,436.0,2.0,1413.0,436.0,2.0,76.41968631692806,74.41277887412386,72.94939020192513,76.33711507293354,76.44516477579687,977.0,3.2408256880733943
mahavira_digambara_celibacy,min_sexed_5,"Flag-filtered, at least 5 sex-specified children",93,93,14,1059.0,309.0,2.0,1059.0,309.0,2.0,77.41228070175438,74.81214775864767,73.65794424299057,77.2992700729927,77.44525547445255,750.0,3.4271844660194173
mahavira_digambara_celibacy,max_total_5,At most 5 recorded children per row,453,438,32,631.0,184.0,2.0,631.0,184.0,2.0,77.42331288343559,80.95509893455099,73.78555397640304,77.23378212974296,77.47858017135863,447.0,3.4293478260869565
mahavira_digambara_celibacy,max_total_10,At most 10 recorded children per row,505,490,33,937.0,279.0,2.0,937.0,279.0,2.0,77.05592105263158,80.41780045351473,72.63384965207769,76.92939244663383,77.0935960591133,658.0,3.3584229390681
mahavira_digambara_celibacy,max_total_20,At most 20 recorded children per row,520,505,33,1072.0,338.0,4.0,1072.0,338.0,4.0,76.02836879432624,80.10986098609861,72.81359267900018,75.81329561527582,76.0961810466761,734.0,3.171597633136095
mahavira_digambara_celibacy,max_total_50,At most 50 recorded children per row,525,510,33,1188.0,385.0,4.0,1188.0,385.0,4.0,75.52447552447552,79.97119748206705,73.19755781780857,75.33291058972733,75.5865567533291,803.0,3.085714285714286
mahavira_digambara_celibacy,max_total_100,At most 100 recorded children per row,534,519,33,1844.0,477.0,4.0,1844.0,477.0,4.0,79.44851357173631,80.08644137743269,75.61528943697786,79.31182795698925,79.48387096774194,1367.0,3.8658280922431865
mahavira_digambara_celibacy,max_total_200,At most 200 recorded children per row,537,522,33,2149.0,479.0,4.0,2149.0,479.0,4.0,81.77321156773212,80.1970936338463,75.85477116108665,81.64893617021276,81.80091185410335,1670.0,4.48643006263048
mahavira_digambara_celibacy,cap_total_10,"All records, contribution capped at 10",539,524,33,63149.0,479.0,4.0,1201.982732131221,352.90615675766804,3.111111111111111,77.30344854352572,80.27267724593085,74.48436043024968,77.14908421894872,77.3487704263371,,
mahavira_digambara_celibacy,cap_total_20,"All records, contribution capped at 20",539,524,33,63149.0,479.0,4.0,1393.4806157775931,396.5193842224068,4.0,77.84807909372029,80.27267724593085,74.99795978494983,77.6745047813597,77.89747022171645,,
mahavira_digambara_celibacy,cap_total_50,"All records, contribution capped at 50",539,524,33,63149.0,479.0,4.0,1826.7860805067849,446.21391949321514,4.0,80.36894326910624,80.27267724593085,75.80353656688332,80.22775935471168,80.40342909559881,,
mahavira_digambara_celibacy,cap_total_200,"All records, contribution capped at 200",539,524,33,63149.0,479.0,4.0,2549.0,479.0,4.0,84.18097754293262,80.27267724593085,76.3336699307006,84.06992084432717,84.2018469656992,,
manasa_shiva_lotus,all,All records,539,524,32,63149.0,480.0,4.0,63149.0,480.0,4.0,99.24562699398074,80.20906401437868,78.95595978674649,99.23938836767087,99.24567441421904,62669.0,131.56041666666667
manasa_shiva_lotus,flag_filtered,Exclude extreme-count and cross-tradition flags,516,501,32,1615.0,465.0,4.0,1615.0,465.0,4.0,77.64423076923077,80.50405138034776,74.02139801772117,77.49520153550864,77.68714011516315,1150.0,3.4731182795698925
manasa_shiva_lotus,direct_filtered,"Flag-filtered, couple or unnamed-spouse rows",469,456,29,1180.0,303.0,4.0,1180.0,303.0,4.0,79.56844234659474,81.71634998508569,73.9844509531126,79.35440484196369,79.62340282447882,877.0,3.8943894389438944
manasa_shiva_lotus,historical_filtered,"Flag-filtered, historical label only",104,103,2,201.0,127.0,0.0,201.0,127.0,0.0,61.28048780487805,71.87432578209277,64.66417910447761,61.28048780487805,61.28048780487805,74.0,1.5826771653543308
manasa_shiva_lotus,without_alternatives,"Flag-filtered, omit all alternative-target rows",404,403,32,1081.0,328.0,4.0,1081.0,328.0,4.0,76.72107877927608,81.94101321892884,74.03256881107832,76.5038924274593,76.7869780608634,753.0,3.2957317073170733
manasa_shiva_lotus,min_sexed_2,"Flag-filtered, at least 2 sex-specified children",271,271,26,1413.0,437.0,2.0,1413.0,437.0,2.0,76.37837837837837,74.28977764411157,72.93424469224651,76.29589632829374,76.40388768898488,976.0,3.2334096109839816
manasa_shiva_lotus,min_sexed_5,"Flag-filtered, at least 5 sex-specified children",93,93,14,1059.0,309.0,2.0,1059.0,309.0,2.0,77.41228070175438,74.81214775864767,73.65794424299057,77.2992700729927,77.44525547445255,750.0,3.4271844660194173
manasa_shiva_lotus,max_total_5,At most 5 recorded children per row,453,438,31,631.0,185.0,2.0,631.0,185.0,2.0,77.32843137254902,80.87899543378995,75.83854419684,77.13936430317848,77.38386308068459,446.0,3.4108108108108106
manasa_shiva_lotus,max_total_10,At most 10 recorded children per row,505,490,32,937.0,280.0,2.0,937.0,280.0,2.0,76.99260476581759,80.34977324263039,74.58669316799082,76.86628383921247,77.03035274815423,657.0,3.3464285714285715
manasa_shiva_lotus,max_total_20,At most 20 recorded children per row,520,505,32,1072.0,339.0,4.0,1072.0,339.0,4.0,75.97448618001417,80.04385438543855,74.8103953630862,75.75971731448763,76.04240282685512,733.0,3.162241887905605
manasa_shiva_lotus,max_total_50,At most 50 recorded children per row,525,510,32,1188.0,386.0,4.0,1188.0,386.0,4.0,75.47649301143584,79.90583800494286,75.23731494473023,75.2851711026616,75.53865652724969,802.0,3.077720207253886
manasa_shiva_lotus,max_total_100,At most 100 recorded children per row,534,519,32,1844.0,478.0,4.0,1844.0,478.0,4.0,79.41429801894918,80.02221530164591,77.93835711646437,79.27773000859845,79.44969905417025,1366.0,3.8577405857740588
manasa_shiva_lotus,max_total_200,At most 200 recorded children per row,537,522,32,2149.0,480.0,4.0,2149.0,480.0,4.0,81.74210726511981,80.1332366734376,78.18532264445156,81.61792631978732,81.76984428408659,1669.0,4.477083333333334
manasa_shiva_lotus,cap_total_10,"All records, contribution capped at 10",539,524,32,63149.0,480.0,4.0,1201.982732131221,353.90615675766804,3.111111111111111,77.25376411612504,80.20906401437868,76.63789829717011,77.09959795581918,77.299156077122,,
manasa_shiva_lotus,cap_total_20,"All records, contribution capped at 20",539,524,32,63149.0,480.0,4.0,1393.4806157775931,397.5193842224068,4.0,77.80461282956968,80.20906401437868,77.22163261528385,77.63123207674613,77.85407330237287,,
manasa_shiva_lotus,cap_total_50,"All records, contribution capped at 50",539,524,32,63149.0,480.0,4.0,1826.7860805067849,447.21391949321514,4.0,80.33360072589203,80.20906401437868,78.10695127195804,80.19254084753226,80.368133472642,,
manasa_shiva_lotus,cap_total_200,"All records, contribution capped at 200",539,524,32,63149.0,480.0,4.0,2549.0,480.0,4.0,84.15318586992407,80.20906401437868,78.67918700061593,84.04220243982856,84.17408506429278,,
mandodari_mani_three,all,All records,539,524,33,63149.0,480.0,4.0,63149.0,480.0,4.0,99.24562699398074,80.08183755127436,76.57504621202051,99.23938836767087,99.24567441421904,62669.0,131.56041666666667
mandodari_mani_three,flag_filtered,Exclude extreme-count and cross-tradition flags,516,501,33,1615.0,465.0,4.0,1615.0,465.0,4.0,77.64423076923077,80.37098418141231,71.79001661781413,77.49520153550864,77.68714011516315,1150.0,3.4731182795698925
mandodari_mani_three,direct_filtered,"Flag-filtered, couple or unnamed-spouse rows",469,455,29,1181.0,303.0,4.0,1181.0,303.0,4.0,79.5822102425876,81.67616613889906,73.99400499961875,79.36827956989248,79.63709677419355,878.0,3.897689768976898
mandodari_mani_three,historical_filtered,"Flag-filtered, historical label only",104,103,2,201.0,127.0,0.0,201.0,127.0,0.0,61.28048780487805,71.87432578209277,64.66417910447761,61.28048780487805,61.28048780487805,74.0,1.5826771653543308
mandodari_mani_three,without_alternatives,"Flag-filtered, omit all alternative-target rows",404,403,32,1081.0,328.0,4.0,1081.0,328.0,4.0,76.72107877927608,81.94101321892884,74.03256881107832,76.5038924274593,76.7869780608634,753.0,3.2957317073170733
mandodari_mani_three,min_sexed_2,"Flag-filtered, at least 2 sex-specified children",272,272,26,1415.0,436.0,2.0,1415.0,436.0,2.0,76.44516477579687,74.50684954002782,72.97591540086412,76.36265515380464,76.47058823529412,979.0,3.2454128440366974
mandodari_mani_three,min_sexed_5,"Flag-filtered, at least 5 sex-specified children",93,93,14,1059.0,309.0,2.0,1059.0,309.0,2.0,77.41228070175438,74.81214775864767,73.65794424299057,77.2992700729927,77.44525547445255,750.0,3.4271844660194173
mandodari_mani_three,max_total_5,At most 5 recorded children per row,453,438,32,631.0,185.0,2.0,631.0,185.0,2.0,77.32843137254902,80.7267884322679,73.56233969068876,77.13936430317848,77.38386308068459,446.0,3.4108108108108106
mandodari_mani_three,max_total_10,At most 10 recorded children per row,505,490,33,937.0,280.0,2.0,937.0,280.0,2.0,76.99260476581759,80.21371882086167,72.41739943562746,76.86628383921247,77.03035274815423,657.0,3.3464285714285715
mandodari_mani_three,max_total_20,At most 20 recorded children per row,520,505,33,1072.0,339.0,4.0,1072.0,339.0,4.0,75.97448618001417,79.9118411841184,72.59714246254995,75.75971731448763,76.04240282685512,733.0,3.162241887905605
mandodari_mani_three,max_total_50,At most 50 recorded children per row,525,510,33,1188.0,386.0,4.0,1188.0,386.0,4.0,75.47649301143584,79.7751190506945,72.98110760135835,75.2851711026616,75.53865652724969,802.0,3.077720207253886
mandodari_mani_three,max_total_100,At most 100 recorded children per row,534,519,33,1844.0,478.0,4.0,1844.0,478.0,4.0,79.41429801894918,79.89376315007237,75.58827998629239,79.27773000859845,79.44969905417025,1366.0,3.8577405857740588
mandodari_mani_three,max_total_200,At most 200 recorded children per row,537,522,33,2149.0,480.0,4.0,2149.0,480.0,4.0,81.74210726511981,80.00552275262024,75.82776171040119,81.61792631978732,81.76984428408659,1669.0,4.477083333333334
mandodari_mani_three,cap_total_10,"All records, contribution capped at 10",539,524,33,63149.0,480.0,4.0,1201.982732131221,353.90615675766804,3.111111111111111,77.25376411612504,80.08183755127436,74.34670941024571,77.09959795581918,77.299156077122,,
mandodari_mani_three,cap_total_20,"All records, contribution capped at 20",539,524,33,63149.0,480.0,4.0,1393.4806157775931,397.5193842224068,4.0,77.80461282956968,80.08183755127436,74.90256135621807,77.63123207674613,77.85407330237287,,
mandodari_mani_three,cap_total_50,"All records, contribution capped at 50",539,524,33,63149.0,480.0,4.0,1826.7860805067849,447.21391949321514,4.0,80.33360072589203,80.08183755127436,75.7544980877178,80.19254084753226,80.368133472642,,
mandodari_mani_three,cap_total_200,"All records, contribution capped at 200",539,524,33,63149.0,480.0,4.0,2549.0,480.0,4.0,84.15318586992407,80.08183755127436,76.30666048001513,84.04220243982856,84.17408506429278,,
mary_catholic_kinship,all,All records,539,525,33,63145.0,478.0,4.0,63145.0,478.0,4.0,99.24869936972479,80.17419867702704,76.57504621202051,99.24245996196584,99.24874660128562,62667.0,132.10251046025104
mary_catholic_kinship,flag_filtered,Exclude extreme-count and cross-tradition flags,516,502,33,1611.0,463.0,4.0,1611.0,463.0,4.0,77.67598842815815,80.46700100290636,71.79001661781413,77.5264677574591,77.71896053897979,1148.0,3.4794816414686824
mary_catholic_kinship,direct_filtered,"Flag-filtered, couple or unnamed-spouse rows",469,456,29,1176.0,301.0,4.0,1176.0,301.0,4.0,79.62085308056872,81.77900662668969,73.9844509531126,79.40580688723836,79.67589466576638,875.0,3.9069767441860463
mary_catholic_kinship,historical_filtered,"Flag-filtered, historical label only",104,103,2,201.0,127.0,0.0,201.0,127.0,0.0,61.28048780487805,71.87432578209277,64.66417910447761,61.28048780487805,61.28048780487805,74.0,1.5826771653543308
mary_catholic_kinship,without_alternatives,"Flag-filtered, omit all alternative-target rows",404,403,32,1081.0,328.0,4.0,1081.0,328.0,4.0,76.72107877927608,81.94101321892884,74.03256881107832,76.5038924274593,76.7869780608634,753.0,3.2957317073170733
mary_catholic_kinship,min_sexed_2,"Flag-filtered, at least 2 sex-specified children",270,270,26,1408.0,434.0,2.0,1408.0,434.0,2.0,76.43865363735071,74.42383149429257,72.93330813258602,76.35574837310195,76.46420824295011,974.0,3.2442396313364057
mary_catholic_kinship,min_sexed_5,"Flag-filtered, at least 5 sex-specified children",92,92,14,1054.0,307.0,2.0,1054.0,307.0,2.0,77.44305657604703,74.84892576223545,73.61406919911553,77.32942039618489,77.47615553925165,747.0,3.433224755700326
mary_catholic_kinship,max_total_5,At most 5 recorded children per row,454,440,32,632.0,185.0,2.0,632.0,185.0,2.0,77.3561811505508,80.81439393939395,73.58027001855761,77.16727716727716,77.4114774114774,447.0,3.4162162162162164
mary_catholic_kinship,max_total_10,At most 10 recorded children per row,505,491,33,933.0,278.0,2.0,933.0,278.0,2.0,77.04376548307184,80.31220702809298,72.41739943562746,76.91673536685903,77.08161582852432,655.0,3.356115107913669
mary_catholic_kinship,max_total_20,At most 20 recorded children per row,520,506,33,1068.0,337.0,4.0,1068.0,337.0,4.0,76.01423487544484,80.00800637658345,72.59714246254995,75.79843860894252,76.08232789212207,731.0,3.169139465875371
mary_catholic_kinship,max_total_50,At most 50 recorded children per row,525,511,33,1184.0,384.0,4.0,1184.0,384.0,4.0,75.51020408163265,79.870610850148,72.98110760135835,75.31806615776081,75.57251908396947,800.0,3.0833333333333335
mary_catholic_kinship,max_total_100,At most 100 recorded children per row,534,520,33,1840.0,476.0,4.0,1840.0,476.0,4.0,79.44732297063904,79.98737404511346,75.58827998629239,79.3103448275862,79.48275862068965,1364.0,3.865546218487395
mary_catholic_kinship,max_total_200,At most 200 recorded children per row,537,523,33,2145.0,478.0,4.0,2145.0,478.0,4.0,81.77659168890584,80.09838299319156,75.82776171040119,81.65207460982109,81.80433955081843,1667.0,4.48744769874477
mary_catholic_kinship,cap_total_10,"All records, contribution capped at 10",539,525,33,63145.0,478.0,4.0,1197.982732131221,351.90615675766804,3.111111111111111,77.29474936684342,80.17419867702704,74.34670941024571,77.13990548172704,77.3402345938398,,
mary_catholic_kinship,cap_total_20,"All records, contribution capped at 20",539,525,33,63145.0,478.0,4.0,1389.4806157775931,395.5193842224068,4.0,77.84205130406684,80.17419867702704,74.90256135621807,77.66800535369441,77.89159395067597,,
mary_catholic_kinship,cap_total_50,"All records, contribution capped at 50",539,525,33,63145.0,478.0,4.0,1822.7860805067849,445.21391949321514,4.0,80.36975663610163,80.17419867702704,75.7544980877178,80.22826058568594,80.40431692371412,,
mary_catholic_kinship,cap_total_200,"All records, contribution capped at 200",539,525,33,63145.0,478.0,4.0,2545.0,478.0,4.0,84.1878928217003,80.17419867702704,76.30666048001513,84.07664354146019,84.20878757846052,,
menelaus_apollodorus_nicostratus,all,All records,539,525,33,63150.0,480.0,4.0,63150.0,480.0,4.0,99.24563884959925,80.21501500355764,76.59948413968425,99.23940032058334,99.24568626834711,62670.0,131.5625
menelaus_apollodorus_nicostratus,flag_filtered,Exclude extreme-count and cross-tradition flags,516,502,33,1616.0,465.0,4.0,1616.0,465.0,4.0,77.65497357039885,80.50968740017443,71.81445454547787,77.50599520383693,77.6978417266187,1151.0,3.475268817204301
menelaus_apollodorus_nicostratus,direct_filtered,"Flag-filtered, couple or unnamed-spouse rows",469,456,29,1181.0,303.0,4.0,1181.0,303.0,4.0,79.5822102425876,81.8259991078927,74.01225962941962,79.36827956989248,79.63709677419355,878.0,3.897689768976898
menelaus_apollodorus_nicostratus,historical_filtered,"Flag-filtered, historical label only",104,103,2,201.0,127.0,0.0,201.0,127.0,0.0,61.28048780487805,71.87432578209277,64.66417910447761,61.28048780487805,61.28048780487805,74.0,1.5826771653543308
menelaus_apollodorus_nicostratus,without_alternatives,"Flag-filtered, omit all alternative-target rows",404,403,32,1081.0,328.0,4.0,1081.0,328.0,4.0,76.72107877927608,81.94101321892884,74.03256881107832,76.5038924274593,76.7869780608634,753.0,3.2957317073170733
menelaus_apollodorus_nicostratus,min_sexed_2,"Flag-filtered, at least 2 sex-specified children",272,272,26,1414.0,437.0,2.0,1414.0,437.0,2.0,76.3911399243652,74.32302601061605,72.88553324151646,76.3086886130599,76.41662169454938,977.0,3.2356979405034325
menelaus_apollodorus_nicostratus,min_sexed_5,"Flag-filtered, at least 5 sex-specified children",93,93,14,1059.0,309.0,2.0,1059.0,309.0,2.0,77.41228070175438,74.81214775864767,73.65794424299057,77.2992700729927,77.44525547445255,750.0,3.4271844660194173
menelaus_apollodorus_nicostratus,max_total_5,At most 5 recorded children per row,453,439,32,632.0,185.0,2.0,632.0,185.0,2.0,77.3561811505508,80.88458618071375,73.73595080179987,77.16727716727716,77.4114774114774,447.0,3.4162162162162164
menelaus_apollodorus_nicostratus,max_total_10,At most 10 recorded children per row,505,491,33,938.0,280.0,2.0,938.0,280.0,2.0,77.01149425287356,80.35584973976012,72.58574960397763,76.88524590163935,77.04918032786885,658.0,3.35
menelaus_apollodorus_nicostratus,max_total_20,At most 20 recorded children per row,520,506,33,1073.0,339.0,4.0,1073.0,339.0,4.0,75.9915014164306,80.05035533197588,72.76549263090013,75.7768361581921,76.05932203389831,734.0,3.1651917404129795
menelaus_apollodorus_nicostratus,max_total_50,At most 50 recorded children per row,525,511,33,1189.0,386.0,4.0,1189.0,386.0,4.0,75.4920634920635,79.91254543219999,73.00554552902209,75.3008233058898,75.55414819506016,803.0,3.0803108808290154
menelaus_apollodorus_nicostratus,max_total_100,At most 100 recorded children per row,534,520,33,1845.0,478.0,4.0,1845.0,478.0,4.0,79.42315970727508,80.02858283632224,75.61271791395613,79.28663515255694,79.45853029651913,1367.0,3.8598326359832638
menelaus_apollodorus_nicostratus,max_total_200,At most 200 recorded children per row,537,523,33,2150.0,480.0,4.0,2150.0,480.0,4.0,81.74904942965779,80.13935540510089,75.85219963806492,81.62490508731966,81.77676537585421,1670.0,4.479166666666667
menelaus_apollodorus_nicostratus,cap_total_10,"All records, contribution capped at 10",539,525,33,63150.0,480.0,4.0,1202.982732131221,353.90615675766804,3.111111111111111,77.26837417342983,80.21501500355764,74.39756117734463,77.1142777007193,77.3137079001495,,
menelaus_apollodorus_nicostratus,cap_total_20,"All records, contribution capped at 20",539,525,33,63150.0,480.0,4.0,1394.4806157775931,397.5193842224068,4.0,77.81699864830318,80.21501500355764,74.93046948007822,77.64368684730474,77.86640399652522,,
menelaus_apollodorus_nicostratus,cap_total_50,"All records, contribution capped at 50",539,525,33,63150.0,480.0,4.0,1827.7860805067849,447.21391949321514,4.0,80.34224529700153,80.21501500355764,75.77893601538155,80.20123214158775,80.37674771859521,,
menelaus_apollodorus_nicostratus,cap_total_200,"All records, contribution capped at 200",539,525,33,63150.0,480.0,4.0,2550.0,480.0,4.0,84.15841584158416,80.21501500355764,76.33109840767887,84.04746209624258,84.17930125247199,,
musa_irshad_english_37,all,All records,539,525,33,63150.0,479.0,4.0,63150.0,479.0,4.0,99.24719860440995,80.12506791361056,76.58478995166779,99.24095987930791,99.24724592585608,62671.0,131.83716075156576
musa_irshad_english_37,flag_filtered,Exclude extreme-count and cross-tradition flags,516,502,33,1616.0,464.0,4.0,1616.0,464.0,4.0,77.6923076923077,80.41561922841703,71.79976035746142,77.54318618042227,77.73512476007677,1152.0,3.4827586206896552
musa_irshad_english_37,direct_filtered,"Flag-filtered, couple or unnamed-spouse rows",469,456,29,1180.0,303.0,4.0,1180.0,303.0,4.0,79.56844234659474,81.71634998508569,73.9844509531126,79.35440484196369,79.62340282447882,877.0,3.8943894389438944
musa_irshad_english_37,historical_filtered,"Flag-filtered, historical label only",104,103,2,202.0,126.0,0.0,202.0,126.0,0.0,61.58536585365854,71.90129449838187,64.85074626865672,61.58536585365854,61.58536585365854,76.0,1.6031746031746033
musa_irshad_english_37,without_alternatives,"Flag-filtered, omit all alternative-target rows",404,403,32,1081.0,328.0,4.0,1081.0,328.0,4.0,76.72107877927608,81.94101321892884,74.03256881107832,76.5038924274593,76.7869780608634,753.0,3.2957317073170733
musa_irshad_english_37,min_sexed_2,"Flag-filtered, at least 2 sex-specified children",271,271,26,1414.0,435.0,2.0,1414.0,435.0,2.0,76.47376960519199,74.42302897662488,72.96332554194743,76.3911399243652,76.49918962722853,979.0,3.250574712643678
musa_irshad_english_37,min_sexed_5,"Flag-filtered, at least 5 sex-specified children",93,93,14,1060.0,308.0,2.0,1060.0,308.0,2.0,77.48538011695906,74.84201633690333,73.70123428628062,77.37226277372262,77.51824817518248,752.0,3.4415584415584415
musa_irshad_english_37,max_total_5,At most 5 recorded children per row,453,439,32,631.0,185.0,2.0,631.0,185.0,2.0,77.32843137254902,80.77069096431283,73.56233969068876,77.13936430317848,77.38386308068459,446.0,3.4108108108108106
musa_irshad_english_37,max_total_10,At most 10 recorded children per row,505,491,33,937.0,280.0,2.0,937.0,280.0,2.0,76.99260476581759,80.2540167458701,72.41739943562746,76.86628383921247,77.03035274815423,657.0,3.3464285714285715
musa_irshad_english_37,max_total_20,At most 20 recorded children per row,520,506,33,1072.0,339.0,4.0,1072.0,339.0,4.0,75.97448618001417,79.95154110272686,72.59714246254995,75.75971731448763,76.04240282685512,733.0,3.162241887905605
musa_irshad_english_37,max_total_50,At most 50 recorded children per row,525,511,33,1189.0,385.0,4.0,1189.0,385.0,4.0,75.54002541296062,79.82013403841873,72.99085134100564,75.34854245880862,75.6020278833967,804.0,3.088311688311688
musa_irshad_english_37,max_total_100,At most 100 recorded children per row,534,520,33,1845.0,477.0,4.0,1845.0,477.0,4.0,79.45736434108527,79.93777087051028,75.59802372593968,79.3207222699914,79.49269131556319,1368.0,3.8679245283018866
musa_irshad_english_37,max_total_200,At most 200 recorded children per row,537,523,33,2150.0,479.0,4.0,2150.0,479.0,4.0,81.78014454165081,80.04906434922667,75.83750545004847,81.65590581086214,81.80782377516141,1671.0,4.488517745302714
musa_irshad_english_37,cap_total_10,"All records, contribution capped at 10",539,525,33,63150.0,479.0,4.0,1202.2605099089985,353.6283789798903,3.111111111111111,77.27161743327136,80.12506791361056,74.34978149360975,77.11741564522121,77.31697376652404,,
musa_irshad_english_37,cap_total_20,"All records, contribution capped at 20",539,525,33,63150.0,479.0,4.0,1394.0361713331488,396.96382866685127,4.0,77.83563212357056,80.12506791361056,74.90826814158588,77.66218224697207,77.88502347259882,,
musa_irshad_english_37,cap_total_50,"All records, contribution capped at 50",539,525,33,63150.0,479.0,4.0,1827.7860805067849,446.21391949321514,4.0,80.37757609968271,80.12506791361056,75.7642418273651,80.23643900380969,80.41203162891944,,
musa_irshad_english_37,cap_total_200,"All records, contribution capped at 200",539,525,33,63150.0,479.0,4.0,2550.0,479.0,4.0,84.18620006602839,80.12506791361056,76.31640421966242,84.0751730959446,84.20705572040883,,
muttalib_fatimah_tabari,all,All records,539,525,33,63150.0,478.0,4.0,63150.0,478.0,4.0,99.24875840824794,80.15719187430594,76.59073048971081,99.24251948705054,99.24880563238622,62672.0,132.11297071129707
muttalib_fatimah_tabari,flag_filtered,Exclude extreme-count and cross-tradition flags,516,502,33,1616.0,463.0,4.0,1616.0,463.0,4.0,77.72967772967773,80.44921500404466,71.80570089550443,77.58041286605857,77.77244359097456,1153.0,3.490280777537797
muttalib_fatimah_tabari,direct_filtered,"Flag-filtered, couple or unnamed-spouse rows",469,456,29,1181.0,301.0,4.0,1181.0,301.0,4.0,79.68960863697706,81.75942642618844,74.01064582578833,79.47510094212652,79.7442799461642,880.0,3.9235880398671097
muttalib_fatimah_tabari,historical_filtered,"Flag-filtered, historical label only",104,103,2,202.0,125.0,0.0,202.0,125.0,0.0,61.7737003058104,72.0650331329943,64.9625468164794,61.7737003058104,61.7737003058104,77.0,1.616
muttalib_fatimah_tabari,without_alternatives,"Flag-filtered, omit all alternative-target rows",404,403,32,1081.0,328.0,4.0,1081.0,328.0,4.0,76.72107877927608,81.94101321892884,74.03256881107832,76.5038924274593,76.7869780608634,753.0,3.2957317073170733
muttalib_fatimah_tabari,min_sexed_2,"Flag-filtered, at least 2 sex-specified children",271,271,26,1414.0,434.0,2.0,1414.0,434.0,2.0,76.51515151515152,74.48526174180968,72.97133202821479,76.43243243243244,76.54054054054055,980.0,3.2580645161290325
muttalib_fatimah_tabari,min_sexed_5,"Flag-filtered, at least 5 sex-specified children",93,93,14,1060.0,307.0,2.0,1060.0,307.0,2.0,77.542062911485,75.0233612763128,73.72393516264003,77.42878013148284,77.57487216946676,753.0,3.452768729641694
muttalib_fatimah_tabari,max_total_5,At most 5 recorded children per row,453,439,32,631.0,185.0,2.0,631.0,185.0,2.0,77.32843137254902,80.77069096431283,73.56233969068876,77.13936430317848,77.38386308068459,446.0,3.4108108108108106
muttalib_fatimah_tabari,max_total_10,At most 10 recorded children per row,505,491,33,938.0,278.0,2.0,938.0,278.0,2.0,77.13815789473684,80.29402256489833,72.43863078733092,77.01149425287356,77.17569786535304,660.0,3.3741007194244603
muttalib_fatimah_tabari,max_total_20,At most 20 recorded children per row,520,506,33,1073.0,337.0,4.0,1073.0,337.0,4.0,76.09929078014184,79.99036097850328,72.61507896091115,75.88401697312588,76.16690240452617,736.0,3.1839762611275964
muttalib_fatimah_tabari,max_total_50,At most 50 recorded children per row,525,511,33,1189.0,384.0,4.0,1189.0,384.0,4.0,75.58804831532105,79.85313810762632,72.99679187904866,75.39632213062778,75.64996829422955,805.0,3.0963541666666665
muttalib_fatimah_tabari,max_total_100,At most 100 recorded children per row,534,520,33,1845.0,476.0,4.0,1845.0,476.0,4.0,79.49159844894442,79.97020371544312,75.6039642639827,79.35483870967742,79.52688172043011,1369.0,3.8760504201680672
muttalib_fatimah_tabari,max_total_200,At most 200 recorded children per row,537,523,33,2150.0,478.0,4.0,2150.0,478.0,4.0,81.81126331811264,80.08131115489601,75.84344598809149,81.68693009118542,81.83890577507599,1672.0,4.497907949790795
muttalib_fatimah_tabari,cap_total_10,"All records, contribution capped at 10",539,525,33,63150.0,478.0,4.0,1202.982732131221,351.90615675766804,3.111111111111111,77.36776182064447,80.15719187430594,74.36466188735703,77.21326907132355,77.41295527871195,,
muttalib_fatimah_tabari,cap_total_20,"All records, contribution capped at 20",539,525,33,63150.0,478.0,4.0,1394.4806157775931,395.5193842224068,4.0,77.90394501550799,80.15719187430594,74.91917314845537,77.73024614144889,77.95321158180563,,
muttalib_fatimah_tabari,cap_total_50,"All records, contribution capped at 50",539,525,33,63150.0,478.0,4.0,1827.7860805067849,445.21391949321514,4.0,80.41293798973976,80.15719187430594,75.7701823654081,80.27167678993345,80.44734653082058,,
muttalib_fatimah_tabari,cap_total_200,"All records, contribution capped at 200",539,525,33,63150.0,478.0,4.0,2550.0,478.0,4.0,84.21400264200793,80.15719187430594,76.32234475770542,84.10290237467018,84.23482849604221,,
muttalib_nutaylah_ibn_sad,all,All records,539,525,33,63150.0,480.0,4.0,63150.0,480.0,4.0,99.24563884959925,80.11977690831955,76.57888749399685,99.23940032058334,99.24568626834711,62670.0,131.5625
muttalib_nutaylah_ibn_sad,flag_filtered,Exclude extreme-count and cross-tradition flags,516,502,33,1616.0,465.0,4.0,1616.0,465.0,4.0,77.65497357039885,80.41008580654893,71.79385789979047,77.50599520383693,77.6978417266187,1151.0,3.475268817204301
muttalib_nutaylah_ibn_sad,direct_filtered,"Flag-filtered, couple or unnamed-spouse rows",469,456,29,1181.0,303.0,4.0,1181.0,303.0,4.0,79.5822102425876,81.71634998508569,73.98969925450695,79.36827956989248,79.63709677419355,878.0,3.897689768976898
muttalib_nutaylah_ibn_sad,historical_filtered,"Flag-filtered, historical label only",104,103,2,202.0,127.0,0.0,202.0,127.0,0.0,61.39817629179331,71.87432578209277,64.73977695167287,61.39817629179331,61.39817629179331,75.0,1.5905511811023623
muttalib_nutaylah_ibn_sad,without_alternatives,"Flag-filtered, omit all alternative-target rows",404,403,32,1081.0,328.0,4.0,1081.0,328.0,4.0,76.72107877927608,81.94101321892884,74.03256881107832,76.5038924274593,76.7869780608634,753.0,3.2957317073170733
muttalib_nutaylah_ibn_sad,min_sexed_2,"Flag-filtered, at least 2 sex-specified children",271,271,26,1414.0,436.0,2.0,1414.0,436.0,2.0,76.43243243243244,74.41277887412386,72.95537686424518,76.34989200863932,76.45788336933046,978.0,3.243119266055046
muttalib_nutaylah_ibn_sad,min_sexed_5,"Flag-filtered, at least 5 sex-specified children",93,93,14,1059.0,309.0,2.0,1059.0,309.0,2.0,77.41228070175438,74.81214775864767,73.65794424299057,77.2992700729927,77.44525547445255,750.0,3.4271844660194173
muttalib_nutaylah_ibn_sad,max_total_5,At most 5 recorded children per row,453,439,32,632.0,185.0,2.0,632.0,185.0,2.0,77.3561811505508,80.77069096431283,73.56846413948837,77.16727716727716,77.4114774114774,447.0,3.4162162162162164
muttalib_nutaylah_ibn_sad,max_total_10,At most 10 recorded children per row,505,491,33,938.0,280.0,2.0,938.0,280.0,2.0,77.01149425287356,80.2540167458701,72.42213858930279,76.88524590163935,77.04918032786885,658.0,3.35
muttalib_nutaylah_ibn_sad,max_total_20,At most 20 recorded children per row,520,506,33,1073.0,339.0,4.0,1073.0,339.0,4.0,75.9915014164306,79.95154110272686,72.60129465642547,75.7768361581921,76.05932203389831,734.0,3.1651917404129795
muttalib_nutaylah_ibn_sad,max_total_50,At most 50 recorded children per row,525,511,33,1189.0,386.0,4.0,1189.0,386.0,4.0,75.4920634920635,79.81469807407866,72.98494888333468,75.3008233058898,75.55414819506016,803.0,3.0803108808290154
muttalib_nutaylah_ibn_sad,max_total_100,At most 100 recorded children per row,534,520,33,1845.0,478.0,4.0,1845.0,478.0,4.0,79.42315970727508,79.93242899016839,75.59212126826873,79.28663515255694,79.45853029651913,1367.0,3.8598326359832638
muttalib_nutaylah_ibn_sad,max_total_200,At most 200 recorded children per row,537,523,33,2150.0,480.0,4.0,2150.0,480.0,4.0,81.74904942965779,80.04375311064582,75.83160299237753,81.62490508731966,81.77676537585421,1670.0,4.479166666666667
muttalib_nutaylah_ibn_sad,cap_total_10,"All records, contribution capped at 10",539,525,33,63150.0,480.0,4.0,1202.982732131221,353.90615675766804,3.111111111111111,77.26837417342983,80.11977690831955,74.3509260640974,77.1142777007193,77.3137079001495,,
muttalib_nutaylah_ibn_sad,cap_total_20,"All records, contribution capped at 20",539,525,33,63150.0,480.0,4.0,1394.4806157775931,397.5193842224068,4.0,77.81699864830318,80.11977690831955,74.90653682629522,77.64368684730474,77.86640399652522,,
muttalib_nutaylah_ibn_sad,cap_total_50,"All records, contribution capped at 50",539,525,33,63150.0,480.0,4.0,1827.7860805067849,447.21391949321514,4.0,80.34224529700153,80.11977690831955,75.75833936969414,80.20123214158775,80.37674771859521,,
muttalib_nutaylah_ibn_sad,cap_total_200,"All records, contribution capped at 200",539,525,33,63150.0,480.0,4.0,2550.0,480.0,4.0,84.15841584158416,80.11977690831955,76.31050176199146,84.04746209624258,84.17930125247199,,
numa_four_sons,all,All records,539,526,33,63153.0,480.0,4.0,63153.0,480.0,4.0,99.24567441421904,80.15757200925431,76.73738387435817,99.2394361770668,99.245721828496,62673.0,131.56875
numa_four_sons,flag_filtered,Exclude extreme-count and cross-tradition flags,516,503,33,1619.0,465.0,4.0,1619.0,465.0,4.0,77.68714011516315,80.44903195802696,72.04254187033939,77.53831417624521,77.72988505747126,1154.0,3.481720430107527
numa_four_sons,direct_filtered,"Flag-filtered, couple or unnamed-spouse rows",469,456,29,1180.0,303.0,4.0,1180.0,303.0,4.0,79.56844234659474,81.71634998508569,73.9844509531126,79.35440484196369,79.62340282447882,877.0,3.8943894389438944
numa_four_sons,historical_filtered,"Flag-filtered, historical label only",104,103,2,201.0,127.0,0.0,201.0,127.0,0.0,61.28048780487805,71.87432578209277,64.66417910447761,61.28048780487805,61.28048780487805,74.0,1.5826771653543308
numa_four_sons,without_alternatives,"Flag-filtered, omit all alternative-target rows",404,403,32,1081.0,328.0,4.0,1081.0,328.0,4.0,76.72107877927608,81.94101321892884,74.03256881107832,76.5038924274593,76.7869780608634,753.0,3.2957317073170733
numa_four_sons,min_sexed_2,"Flag-filtered, at least 2 sex-specified children",272,272,26,1417.0,436.0,2.0,1417.0,436.0,2.0,76.47058823529412,74.50684954002782,73.43015943269437,76.38814016172506,76.49595687331536,981.0,3.25
numa_four_sons,min_sexed_5,"Flag-filtered, at least 5 sex-specified children",93,93,14,1059.0,309.0,2.0,1059.0,309.0,2.0,77.41228070175438,74.81214775864767,73.65794424299057,77.2992700729927,77.44525547445255,750.0,3.4271844660194173
numa_four_sons,max_total_5,At most 5 recorded children per row,453,440,32,635.0,185.0,2.0,635.0,185.0,2.0,77.4390243902439,80.81439393939395,73.75901801236708,77.25060827250608,77.49391727493918,450.0,3.4324324324324325
numa_four_sons,max_total_10,At most 10 recorded children per row,505,492,33,941.0,280.0,2.0,941.0,280.0,2.0,77.06797706797707,80.29415085817524,72.57973709796512,76.94194603434178,77.10547833197056,661.0,3.3607142857142858
numa_four_sons,max_total_20,At most 20 recorded children per row,520,507,33,1076.0,339.0,4.0,1076.0,339.0,4.0,76.04240282685512,79.99108441416134,72.75948012488763,75.82804792107117,76.10993657505286,737.0,3.174041297935103
numa_four_sons,max_total_50,At most 50 recorded children per row,525,512,33,1192.0,386.0,4.0,1192.0,386.0,4.0,75.53865652724969,79.85412249190273,73.14344526369602,75.34766118836916,75.60050568900127,806.0,3.088082901554404
numa_four_sons,max_total_100,At most 100 recorded children per row,534,521,33,1848.0,478.0,4.0,1848.0,478.0,4.0,79.44969905417025,79.97094640093583,75.75061764863007,79.31330472103004,79.48497854077253,1370.0,3.8661087866108788
numa_four_sons,max_total_200,At most 200 recorded children per row,537,524,33,2153.0,480.0,4.0,2153.0,480.0,4.0,81.76984428408659,80.08183755127436,75.99009937273885,81.64580963215775,81.79749715585893,1673.0,4.485416666666667
numa_four_sons,cap_total_10,"All records, contribution capped at 10",539,526,33,63153.0,480.0,4.0,1205.982732131221,353.90615675766804,3.111111111111111,77.31209195228284,80.15757200925431,74.50904707258337,77.15820423104421,77.35725164698222,,
numa_four_sons,cap_total_20,"All records, contribution capped at 20",539,526,33,63153.0,480.0,4.0,1397.4806157775931,397.5193842224068,4.0,77.85407330237287,80.15757200925431,75.06489901855572,77.6809680810224,77.90331382865998,,
numa_four_sons,cap_total_50,"All records, contribution capped at 50",539,526,33,63153.0,480.0,4.0,1830.7860805067849,447.21391949321514,4.0,80.368133472642,80.15757200925431,75.91683575005548,80.22726032019214,80.40254515805367,,
numa_four_sons,cap_total_200,"All records, contribution capped at 200",539,526,33,63153.0,480.0,4.0,2553.0,480.0,4.0,84.17408506429278,80.15757200925431,76.4689981423528,84.06322028317419,84.19492920645374,,
numa_lucretia_pompilia,all,All records,539,525,33,63149.0,480.0,4.0,63149.0,480.0,4.0,99.24562699398074,80.11977690831955,76.57504621202051,99.23938836767087,99.24567441421904,62669.0,131.56041666666667
numa_lucretia_pompilia,flag_filtered,Exclude extreme-count and cross-tradition flags,516,502,33,1615.0,465.0,4.0,1615.0,465.0,4.0,77.64423076923077,80.41008580654893,71.79001661781413,77.49520153550864,77.68714011516315,1150.0,3.4731182795698925
numa_lucretia_pompilia,direct_filtered,"Flag-filtered, couple or unnamed-spouse rows",469,456,29,1180.0,303.0,4.0,1180.0,303.0,4.0,79.56844234659474,81.71634998508569,73.9844509531126,79.35440484196369,79.62340282447882,877.0,3.8943894389438944
numa_lucretia_pompilia,historical_filtered,"Flag-filtered, historical label only",104,103,2,201.0,127.0,0.0,201.0,127.0,0.0,61.28048780487805,71.87432578209277,64.66417910447761,61.28048780487805,61.28048780487805,74.0,1.5826771653543308
numa_lucretia_pompilia,without_alternatives,"Flag-filtered, omit all alternative-target rows",404,403,32,1081.0,328.0,4.0,1081.0,328.0,4.0,76.72107877927608,81.94101321892884,74.03256881107832,76.5038924274593,76.7869780608634,753.0,3.2957317073170733
numa_lucretia_pompilia,min_sexed_2,"Flag-filtered, at least 2 sex-specified children",271,271,26,1413.0,436.0,2.0,1413.0,436.0,2.0,76.41968631692806,74.41277887412386,72.94939020192513,76.33711507293354,76.44516477579687,977.0,3.2408256880733943
numa_lucretia_pompilia,min_sexed_5,"Flag-filtered, at least 5 sex-specified children",93,93,14,1059.0,309.0,2.0,1059.0,309.0,2.0,77.41228070175438,74.81214775864767,73.65794424299057,77.2992700729927,77.44525547445255,750.0,3.4271844660194173
numa_lucretia_pompilia,max_total_5,At most 5 recorded children per row,453,439,32,631.0,185.0,2.0,631.0,185.0,2.0,77.32843137254902,80.77069096431283,73.56233969068876,77.13936430317848,77.38386308068459,446.0,3.4108108108108106
numa_lucretia_pompilia,max_total_10,At most 10 recorded children per row,505,491,33,937.0,280.0,2.0,937.0,280.0,2.0,76.99260476581759,80.2540167458701,72.41739943562746,76.86628383921247,77.03035274815423,657.0,3.3464285714285715
numa_lucretia_pompilia,max_total_20,At most 20 recorded children per row,520,506,33,1072.0,339.0,4.0,1072.0,339.0,4.0,75.97448618001417,79.95154110272686,72.59714246254995,75.75971731448763,76.04240282685512,733.0,3.162241887905605
numa_lucretia_pompilia,max_total_50,At most 50 recorded children per row,525,511,33,1188.0,386.0,4.0,1188.0,386.0,4.0,75.47649301143584,79.81469807407866,72.98110760135835,75.2851711026616,75.53865652724969,802.0,3.077720207253886
numa_lucretia_pompilia,max_total_100,At most 100 recorded children per row,534,520,33,1844.0,478.0,4.0,1844.0,478.0,4.0,79.41429801894918,79.93242899016839,75.58827998629239,79.27773000859845,79.44969905417025,1366.0,3.8577405857740588
numa_lucretia_pompilia,max_total_200,At most 200 recorded children per row,537,523,33,2149.0,480.0,4.0,2149.0,480.0,4.0,81.74210726511981,80.04375311064582,75.82776171040119,81.61792631978732,81.76984428408659,1669.0,4.477083333333334
numa_lucretia_pompilia,cap_total_10,"All records, contribution capped at 10",539,525,33,63149.0,480.0,4.0,1201.982732131221,353.90615675766804,3.111111111111111,77.25376411612504,80.11977690831955,74.34670941024571,77.09959795581918,77.299156077122,,
numa_lucretia_pompilia,cap_total_20,"All records, contribution capped at 20",539,525,33,63149.0,480.0,4.0,1393.4806157775931,397.5193842224068,4.0,77.80461282956968,80.11977690831955,74.90256135621807,77.63123207674613,77.85407330237287,,
numa_lucretia_pompilia,cap_total_50,"All records, contribution capped at 50",539,525,33,63149.0,480.0,4.0,1826.7860805067849,447.21391949321514,4.0,80.33360072589203,80.11977690831955,75.7544980877178,80.19254084753226,80.368133472642,,
numa_lucretia_pompilia,cap_total_200,"All records, contribution capped at 200",539,525,33,63149.0,480.0,4.0,2549.0,480.0,4.0,84.15318586992407,80.11977690831955,76.30666048001513,84.04220243982856,84.17408506429278,,
nut_plutarch_epagomenal,all,All records,539,527,33,63150.0,480.0,4.0,63150.0,480.0,4.0,99.24563884959925,80.00547035458779,76.61960949187791,99.23940032058334,99.24568626834711,62670.0,131.5625
nut_plutarch_epagomenal,flag_filtered,Exclude extreme-count and cross-tradition flags,516,504,33,1616.0,465.0,4.0,1616.0,465.0,4.0,77.65497357039885,80.28941086287216,71.83457989767153,77.50599520383693,77.6978417266187,1151.0,3.475268817204301
nut_plutarch_epagomenal,direct_filtered,"Flag-filtered, couple or unnamed-spouse rows",469,458,29,1181.0,303.0,4.0,1181.0,303.0,4.0,79.5822102425876,81.57785064017266,74.03371203685644,79.36827956989248,79.63709677419355,878.0,3.897689768976898
nut_plutarch_epagomenal,historical_filtered,"Flag-filtered, historical label only",104,103,2,201.0,127.0,0.0,201.0,127.0,0.0,61.28048780487805,71.87432578209277,64.66417910447761,61.28048780487805,61.28048780487805,74.0,1.5826771653543308
nut_plutarch_epagomenal,without_alternatives,"Flag-filtered, omit all alternative-target rows",404,403,32,1081.0,328.0,4.0,1081.0,328.0,4.0,76.72107877927608,81.94101321892884,74.03256881107832,76.5038924274593,76.7869780608634,753.0,3.2957317073170733
nut_plutarch_epagomenal,min_sexed_2,"Flag-filtered, at least 2 sex-specified children",272,272,26,1414.0,435.0,2.0,1414.0,435.0,2.0,76.47376960519199,74.50684954002782,73.26990302243796,76.3911399243652,76.49918962722853,979.0,3.250574712643678
nut_plutarch_epagomenal,min_sexed_5,"Flag-filtered, at least 5 sex-specified children",93,93,14,1059.0,309.0,2.0,1059.0,309.0,2.0,77.41228070175438,74.81214775864767,73.65794424299057,77.2992700729927,77.44525547445255,750.0,3.4271844660194173
nut_plutarch_epagomenal,max_total_5,At most 5 recorded children per row,453,441,32,632.0,185.0,2.0,632.0,185.0,2.0,77.3561811505508,80.63114134542707,73.6082955730417,77.16727716727716,77.4114774114774,447.0,3.4162162162162164
nut_plutarch_epagomenal,max_total_10,At most 10 recorded children per row,505,493,33,938.0,280.0,2.0,938.0,280.0,2.0,77.01149425287356,80.13128239801667,72.46196271548486,76.88524590163935,77.04918032786885,658.0,3.35
nut_plutarch_epagomenal,max_total_20,At most 20 recorded children per row,520,508,33,1073.0,339.0,4.0,1073.0,339.0,4.0,75.9915014164306,79.83362164956652,72.64170574240735,75.7768361581921,76.05932203389831,734.0,3.1651917404129795
nut_plutarch_epagomenal,max_total_50,At most 50 recorded children per row,525,513,33,1189.0,386.0,4.0,1189.0,386.0,4.0,75.4920634920635,79.69846143441364,73.02567088121575,75.3008233058898,75.55414819506016,803.0,3.0803108808290154
nut_plutarch_epagomenal,max_total_100,At most 100 recorded children per row,534,522,33,1845.0,478.0,4.0,1845.0,478.0,4.0,79.42315970727508,79.81774535419073,75.63284326614979,79.28663515255694,79.45853029651913,1367.0,3.8598326359832638
nut_plutarch_epagomenal,max_total_200,At most 200 recorded children per row,537,525,33,2150.0,480.0,4.0,2150.0,480.0,4.0,81.74904942965779,79.92930071784336,75.87232499025859,81.62490508731966,81.77676537585421,1670.0,4.479166666666667
nut_plutarch_epagomenal,cap_total_10,"All records, contribution capped at 10",539,527,33,63150.0,480.0,4.0,1202.982732131221,353.90615675766804,3.111111111111111,77.26837417342983,80.00547035458779,74.39127269010311,77.1142777007193,77.3137079001495,,
nut_plutarch_epagomenal,cap_total_20,"All records, contribution capped at 20",539,527,33,63150.0,480.0,4.0,1394.4806157775931,397.5193842224068,4.0,77.81699864830318,80.00547035458779,74.94712463607547,77.64368684730474,77.86640399652522,,
nut_plutarch_epagomenal,cap_total_50,"All records, contribution capped at 50",539,527,33,63150.0,480.0,4.0,1827.7860805067849,447.21391949321514,4.0,80.34224529700153,80.00547035458779,75.7990613675752,80.20123214158775,80.37674771859521,,
nut_plutarch_epagomenal,cap_total_200,"All records, contribution capped at 200",539,527,33,63150.0,480.0,4.0,2550.0,480.0,4.0,84.15841584158416,80.00547035458779,76.35122375987252,84.04746209624258,84.17930125247199,,
paris_dictys_three,all,All records,539,525,33,63152.0,479.0,4.0,63152.0,479.0,4.0,99.2472222658767,80.31025309879574,76.66063226775583,99.24098373536576,99.24726958434823,62673.0,131.84133611691024
paris_dictys_three,flag_filtered,Exclude extreme-count and cross-tradition flags,516,502,33,1618.0,464.0,4.0,1618.0,464.0,4.0,77.7137367915466,80.60928899379994,71.87560267354944,77.5647171620326,77.75647171620327,1154.0,3.4870689655172415
paris_dictys_three,direct_filtered,"Flag-filtered, couple or unnamed-spouse rows",469,456,29,1183.0,302.0,4.0,1183.0,302.0,4.0,79.66329966329967,81.93564823069973,74.08404604193183,79.44929482874413,79.71793149764943,881.0,3.9172185430463577
paris_dictys_three,historical_filtered,"Flag-filtered, historical label only",104,103,2,201.0,127.0,0.0,201.0,127.0,0.0,61.28048780487805,71.87432578209277,64.66417910447761,61.28048780487805,61.28048780487805,74.0,1.5826771653543308
paris_dictys_three,without_alternatives,"Flag-filtered, omit all alternative-target rows",404,403,32,1081.0,328.0,4.0,1081.0,328.0,4.0,76.72107877927608,81.94101321892884,74.03256881107832,76.5038924274593,76.7869780608634,753.0,3.2957317073170733
paris_dictys_three,min_sexed_2,"Flag-filtered, at least 2 sex-specified children",272,272,26,1416.0,436.0,2.0,1416.0,436.0,2.0,76.45788336933046,74.50684954002782,73.07704977639322,76.37540453074433,76.48327939590075,980.0,3.2477064220183487
paris_dictys_three,min_sexed_5,"Flag-filtered, at least 5 sex-specified children",93,93,14,1059.0,309.0,2.0,1059.0,309.0,2.0,77.41228070175438,74.81214775864767,73.65794424299057,77.2992700729927,77.44525547445255,750.0,3.4271844660194173
paris_dictys_three,max_total_5,At most 5 recorded children per row,453,439,32,634.0,184.0,2.0,634.0,184.0,2.0,77.50611246943765,80.99848139711466,73.68937221101396,77.3170731707317,77.5609756097561,450.0,3.4456521739130435
paris_dictys_three,max_total_10,At most 10 recorded children per row,505,491,33,940.0,279.0,2.0,940.0,279.0,2.0,77.1123872026251,80.45768273365015,72.51020786176922,76.98607698607698,77.14987714987716,661.0,3.369175627240143
paris_dictys_three,max_total_20,At most 20 recorded children per row,520,506,33,1075.0,338.0,4.0,1075.0,338.0,4.0,76.07926397735315,80.1491695612249,72.68272851828526,75.86450247000705,76.14678899082568,737.0,3.1804733727810652
paris_dictys_three,max_total_50,At most 50 recorded children per row,525,511,33,1191.0,385.0,4.0,1191.0,385.0,4.0,75.57106598984771,80.01039279032132,73.06669365709367,75.37974683544304,75.63291139240506,806.0,3.0935064935064935
paris_dictys_three,max_total_100,At most 100 recorded children per row,534,520,33,1847.0,477.0,4.0,1847.0,477.0,4.0,79.4750430292599,80.12473668247608,75.6738660420277,79.33848797250859,79.51030927835052,1370.0,3.8721174004192873
paris_dictys_three,max_total_200,At most 200 recorded children per row,537,523,33,2152.0,479.0,4.0,2152.0,479.0,4.0,81.79399467882934,80.23495769955595,75.9133477661365,81.66982922201139,81.82163187855788,1673.0,4.492693110647181
paris_dictys_three,cap_total_10,"All records, contribution capped at 10",539,525,33,63152.0,479.0,4.0,1204.982732131221,352.90615675766804,3.111111111111111,77.34715490465008,80.31025309879574,74.43412199765831,77.19300013652921,77.39230257798411,,
paris_dictys_three,cap_total_20,"All records, contribution capped at 20",539,525,33,63152.0,479.0,4.0,1396.4806157775931,396.5193842224068,4.0,77.88514309969844,80.31025309879574,74.98814741195338,77.71177605885326,77.93436926976032,,
paris_dictys_three,cap_total_50,"All records, contribution capped at 50",539,525,33,63152.0,479.0,4.0,1829.7860805067849,446.21391949321514,4.0,80.3948190029343,80.31025309879574,75.84008414345311,80.25377546082389,80.42921405731512,,
paris_dictys_three,cap_total_200,"All records, contribution capped at 200",539,525,33,63152.0,479.0,4.0,2552.0,479.0,4.0,84.19663477400198,80.31025309879574,76.39224653575043,84.08566721581549,84.2174629324547,,
poseidon_apollodorus_rhode,all,All records,539,525,33,63149.0,481.0,4.0,63149.0,481.0,4.0,99.24406726386924,80.02453881308145,76.54961709568231,99.2378288336424,99.24411478140617,62668.0,131.2869022869023
poseidon_apollodorus_rhode,flag_filtered,Exclude extreme-count and cross-tradition flags,516,502,33,1615.0,466.0,4.0,1615.0,466.0,4.0,77.60691975012014,80.31048421292344,71.76458750147593,77.45803357314149,77.64988009592327,1149.0,3.4656652360515023
poseidon_apollodorus_rhode,direct_filtered,"Flag-filtered, couple or unnamed-spouse rows",469,456,29,1180.0,304.0,4.0,1180.0,304.0,4.0,79.51482479784367,81.60670086227867,73.95543901677307,79.3010752688172,79.56989247311827,876.0,3.8815789473684212
poseidon_apollodorus_rhode,historical_filtered,"Flag-filtered, historical label only",104,103,2,201.0,127.0,0.0,201.0,127.0,0.0,61.28048780487805,71.87432578209277,64.66417910447761,61.28048780487805,61.28048780487805,74.0,1.5826771653543308
poseidon_apollodorus_rhode,without_alternatives,"Flag-filtered, omit all alternative-target rows",404,403,32,1081.0,328.0,4.0,1081.0,328.0,4.0,76.72107877927608,81.94101321892884,74.03256881107832,76.5038924274593,76.7869780608634,753.0,3.2957317073170733
poseidon_apollodorus_rhode,min_sexed_2,"Flag-filtered, at least 2 sex-specified children",272,272,26,1414.0,437.0,2.0,1414.0,437.0,2.0,76.3911399243652,74.32302601061605,72.95774051422681,76.3086886130599,76.41662169454938,977.0,3.2356979405034325
poseidon_apollodorus_rhode,min_sexed_5,"Flag-filtered, at least 5 sex-specified children",93,93,14,1059.0,309.0,2.0,1059.0,309.0,2.0,77.41228070175438,74.81214775864767,73.65794424299057,77.2992700729927,77.44525547445255,750.0,3.4271844660194173
poseidon_apollodorus_rhode,max_total_5,At most 5 recorded children per row,453,439,32,631.0,186.0,2.0,631.0,186.0,2.0,77.23378212974296,80.65679574791193,73.51025635735542,77.04517704517704,77.28937728937728,445.0,3.39247311827957
poseidon_apollodorus_rhode,max_total_10,At most 10 recorded children per row,505,491,33,937.0,281.0,2.0,937.0,281.0,2.0,76.92939244663383,80.15218375198008,72.3789159065779,76.80327868852459,76.9672131147541,656.0,3.3345195729537367
poseidon_apollodorus_rhode,max_total_20,At most 20 recorded children per row,520,506,33,1072.0,340.0,4.0,1072.0,340.0,4.0,75.92067988668555,79.85272687347785,72.57171334621175,75.70621468926554,75.98870056497175,732.0,3.152941176470588
poseidon_apollodorus_rhode,max_total_50,At most 50 recorded children per row,525,511,33,1188.0,387.0,4.0,1188.0,387.0,4.0,75.42857142857143,79.71685071595734,72.95567848502014,75.23749208359722,75.49081697276758,801.0,3.0697674418604652
poseidon_apollodorus_rhode,max_total_100,At most 100 recorded children per row,534,520,33,1844.0,479.0,4.0,1844.0,479.0,4.0,79.3801119242359,79.83627514401455,75.56285086995419,79.2436613665664,79.41555651052857,1365.0,3.849686847599165
poseidon_apollodorus_rhode,max_total_200,At most 200 recorded children per row,537,523,33,2149.0,481.0,4.0,2149.0,481.0,4.0,81.71102661596959,79.94815081619075,75.80233259406299,81.58694001518603,81.73880030372058,1668.0,4.467775467775468
poseidon_apollodorus_rhode,cap_total_10,"All records, contribution capped at 10",539,525,33,63149.0,481.0,4.0,1201.982732131221,354.90615675766804,3.111111111111111,77.20414351399506,80.02453881308145,74.31895938249568,77.05017513661673,77.24960533604693,,
poseidon_apollodorus_rhode,cap_total_20,"All records, contribution capped at 20",539,525,33,63149.0,481.0,4.0,1393.4806157775931,398.5193842224068,4.0,77.76119507687461,80.02453881308145,74.87713223987986,77.58800755999961,77.8107247092201,,
poseidon_apollodorus_rhode,cap_total_50,"All records, contribution capped at 50",539,525,33,63149.0,481.0,4.0,1826.7860805067849,448.21391949321514,4.0,80.29828925304548,80.02453881308145,75.7290689713796,80.15735324733588,80.33286882434334,,
poseidon_apollodorus_rhode,cap_total_200,"All records, contribution capped at 200",539,525,33,63149.0,481.0,4.0,2549.0,481.0,4.0,84.12541254125412,80.02453881308145,76.28123136367692,84.01450230718524,84.14634146341463,,
prahlada_mahabharata_three,all,All records,539,525,33,63151.0,480.0,4.0,63151.0,480.0,4.0,99.24565070484512,80.11977690831955,76.57882434079863,99.23941227312014,99.24569812210261,62671.0,131.56458333333333
prahlada_mahabharata_three,flag_filtered,Exclude extreme-count and cross-tradition flags,516,502,33,1617.0,465.0,4.0,1617.0,465.0,4.0,77.6657060518732,80.41008580654893,71.79379474659227,77.51677852348993,77.70853307766059,1152.0,3.47741935483871
prahlada_mahabharata_three,direct_filtered,"Flag-filtered, couple or unnamed-spouse rows",469,456,29,1182.0,303.0,4.0,1182.0,303.0,4.0,79.5959595959596,81.71634998508569,73.98914259128408,79.3821356615178,79.65077233042311,879.0,3.900990099009901
prahlada_mahabharata_three,historical_filtered,"Flag-filtered, historical label only",104,103,2,201.0,127.0,0.0,201.0,127.0,0.0,61.28048780487805,71.87432578209277,64.66417910447761,61.28048780487805,61.28048780487805,74.0,1.5826771653543308
prahlada_mahabharata_three,without_alternatives,"Flag-filtered, omit all alternative-target rows",404,403,32,1081.0,328.0,4.0,1081.0,328.0,4.0,76.72107877927608,81.94101321892884,74.03256881107832,76.5038924274593,76.7869780608634,753.0,3.2957317073170733
prahlada_mahabharata_three,min_sexed_2,"Flag-filtered, at least 2 sex-specified children",272,272,26,1416.0,436.0,2.0,1416.0,436.0,2.0,76.45788336933046,74.50684954002782,72.95657509640299,76.37540453074433,76.48327939590075,980.0,3.2477064220183487
prahlada_mahabharata_three,min_sexed_5,"Flag-filtered, at least 5 sex-specified children",93,93,14,1059.0,309.0,2.0,1059.0,309.0,2.0,77.41228070175438,74.81214775864767,73.65794424299057,77.2992700729927,77.44525547445255,750.0,3.4271844660194173
prahlada_mahabharata_three,max_total_5,At most 5 recorded children per row,453,439,32,633.0,185.0,2.0,633.0,185.0,2.0,77.38386308068459,80.77069096431283,73.6224358445349,77.1951219512195,77.4390243902439,448.0,3.4216216216216218
prahlada_mahabharata_three,max_total_10,At most 10 recorded children per row,505,491,33,939.0,280.0,2.0,939.0,280.0,2.0,77.03035274815423,80.2540167458701,72.47567449390252,76.90417690417691,77.06797706797707,659.0,3.3535714285714286
prahlada_mahabharata_three,max_total_20,At most 20 recorded children per row,520,506,33,1074.0,339.0,4.0,1074.0,339.0,4.0,76.00849256900213,79.95154110272686,72.61556375756699,75.7939308398024,76.07621736062103,735.0,3.168141592920354
prahlada_mahabharata_three,max_total_50,At most 50 recorded children per row,525,511,33,1190.0,386.0,4.0,1190.0,386.0,4.0,75.50761421319797,79.81469807407866,73.01735664397437,75.31645569620254,75.56962025316456,804.0,3.082901554404145
prahlada_mahabharata_three,max_total_100,At most 100 recorded children per row,534,520,33,1846.0,478.0,4.0,1846.0,478.0,4.0,79.43201376936317,79.93242899016839,75.59205811507053,79.29553264604812,79.46735395189003,1368.0,3.8619246861924688
prahlada_mahabharata_three,max_total_200,At most 200 recorded children per row,537,523,33,2151.0,480.0,4.0,2151.0,480.0,4.0,81.75598631698973,80.04375311064582,75.83153983917933,81.63187855787476,81.78368121442125,1671.0,4.48125
prahlada_mahabharata_three,cap_total_10,"All records, contribution capped at 10",539,525,33,63151.0,480.0,4.0,1203.982732131221,353.90615675766804,3.111111111111111,77.28296547450958,80.11977690831955,74.36493119880242,77.12893863749014,77.32824107894504,,
prahlada_mahabharata_three,cap_total_20,"All records, contribution capped at 20",539,525,33,63151.0,480.0,4.0,1395.4806157775931,397.5193842224068,4.0,77.82937065128796,80.11977690831955,74.91659173979316,77.6561277561265,77.87872096703356,,
prahlada_mahabharata_three,cap_total_50,"All records, contribution capped at 50",539,525,33,63151.0,480.0,4.0,1828.7860805067849,447.21391949321514,4.0,80.3508822718271,80.11977690831955,75.76084899154361,80.20991581170108,80.38535440819231,,
prahlada_mahabharata_three,cap_total_200,"All records, contribution capped at 200",539,525,33,63151.0,480.0,4.0,2551.0,480.0,4.0,84.16364236225668,80.11977690831955,76.31043860879325,84.05271828665569,84.1845140032949,,
priam_apollodorus_ten,all,All records,539,525,33,63140.0,480.0,4.0,63140.0,480.0,4.0,99.24552027664257,80.09848143360793,76.25513152260436,99.23928077455048,99.245567710298,62660.0,131.54166666666666
priam_apollodorus_ten,flag_filtered,Exclude extreme-count and cross-tradition flags,516,502,33,1606.0,465.0,4.0,1606.0,465.0,4.0,77.54707870593916,80.3878146427569,71.47010192839798,77.39759036144578,77.59036144578313,1141.0,3.453763440860215
priam_apollodorus_ten,direct_filtered,"Flag-filtered, couple or unnamed-spouse rows",469,456,29,1171.0,303.0,4.0,1171.0,303.0,4.0,79.4436906377205,81.69183216880586,73.62041009963905,79.22868741542625,79.49932341001353,868.0,3.8646864686468647
priam_apollodorus_ten,historical_filtered,"Flag-filtered, historical label only",104,103,2,201.0,127.0,0.0,201.0,127.0,0.0,61.28048780487805,71.87432578209277,64.66417910447761,61.28048780487805,61.28048780487805,74.0,1.5826771653543308
priam_apollodorus_ten,without_alternatives,"Flag-filtered, omit all alternative-target rows",404,403,32,1081.0,328.0,4.0,1081.0,328.0,4.0,76.72107877927608,81.94101321892884,74.03256881107832,76.5038924274593,76.7869780608634,753.0,3.2957317073170733
priam_apollodorus_ten,min_sexed_2,"Flag-filtered, at least 2 sex-specified children",271,271,26,1404.0,436.0,2.0,1404.0,436.0,2.0,76.30434782608695,74.37152380318805,72.45081470334964,76.2214983713355,76.3300760043431,968.0,3.220183486238532
priam_apollodorus_ten,min_sexed_5,"Flag-filtered, at least 5 sex-specified children",93,93,14,1050.0,309.0,2.0,1050.0,309.0,2.0,77.2626931567329,74.69193136914656,72.8593639413047,77.14915503306392,77.29610580455548,741.0,3.3980582524271843
priam_apollodorus_ten,max_total_5,At most 5 recorded children per row,453,439,32,631.0,185.0,2.0,631.0,185.0,2.0,77.32843137254902,80.77069096431283,73.56233969068876,77.13936430317848,77.38386308068459,446.0,3.4108108108108106
priam_apollodorus_ten,max_total_10,At most 10 recorded children per row,505,491,33,937.0,280.0,2.0,937.0,280.0,2.0,76.99260476581759,80.2540167458701,72.41739943562746,76.86628383921247,77.03035274815423,657.0,3.3464285714285715
priam_apollodorus_ten,max_total_20,At most 20 recorded children per row,521,507,33,1082.0,343.0,4.0,1082.0,343.0,4.0,75.9298245614035,79.93473051165358,73.01036560304581,75.71728481455564,75.99720083974807,739.0,3.1545189504373177
priam_apollodorus_ten,max_total_50,At most 50 recorded children per row,525,511,33,1179.0,386.0,4.0,1179.0,386.0,4.0,75.33546325878594,79.7928191617037,72.6611929119422,75.1434034416826,75.39834289356278,793.0,3.0544041450777204
priam_apollodorus_ten,max_total_100,At most 100 recorded children per row,534,520,33,1835.0,478.0,4.0,1835.0,478.0,4.0,79.33419801124082,79.91092875127686,75.26836529687624,79.19723780750971,79.36987483815278,1357.0,3.8389121338912133
priam_apollodorus_ten,max_total_200,At most 200 recorded children per row,537,523,33,2140.0,480.0,4.0,2140.0,480.0,4.0,81.6793893129771,80.02237620008444,75.50784702098504,81.5548780487805,81.70731707317073,1660.0,4.458333333333333
priam_apollodorus_ten,cap_total_10,"All records, contribution capped at 10",539,525,33,63140.0,480.0,4.0,1200.8647197088605,355.0241691800283,3.111111111111111,77.18190728686527,80.09848143360793,74.15849183072378,77.02788452269792,77.22744264400075,,
priam_apollodorus_ten,cap_total_20,"All records, contribution capped at 20",539,525,33,63140.0,480.0,4.0,1386.9588766471584,398.0411233528416,4.0,77.70077740320215,80.09848143360793,74.6099685735067,77.52704732516257,77.75063592214413,,
priam_apollodorus_ten,cap_total_50,"All records, contribution capped at 50",539,525,33,63140.0,480.0,4.0,1817.7860805067849,447.21391949321514,4.0,80.25545609301479,80.09848143360793,75.43458339830165,80.11397446041362,80.29026357456081,,
priam_apollodorus_ten,cap_total_200,"All records, contribution capped at 200",539,525,33,63140.0,480.0,4.0,2540.0,480.0,4.0,84.10596026490066,80.09848143360793,75.98674579059897,83.994708994709,84.12698412698413,,
pururavas_bhagavata_names,all,All records,539,525,33,63149.0,480.0,4.0,63149.0,480.0,4.0,99.24562699398074,80.11977690831955,76.57504621202051,99.23938836767087,99.24567441421904,62669.0,131.56041666666667
pururavas_bhagavata_names,flag_filtered,Exclude extreme-count and cross-tradition flags,516,502,33,1615.0,465.0,4.0,1615.0,465.0,4.0,77.64423076923077,80.41008580654893,71.79001661781413,77.49520153550864,77.68714011516315,1150.0,3.4731182795698925
pururavas_bhagavata_names,direct_filtered,"Flag-filtered, couple or unnamed-spouse rows",469,456,29,1180.0,303.0,4.0,1180.0,303.0,4.0,79.56844234659474,81.71634998508569,73.9844509531126,79.35440484196369,79.62340282447882,877.0,3.8943894389438944
pururavas_bhagavata_names,historical_filtered,"Flag-filtered, historical label only",104,103,2,201.0,127.0,0.0,201.0,127.0,0.0,61.28048780487805,71.87432578209277,64.66417910447761,61.28048780487805,61.28048780487805,74.0,1.5826771653543308
pururavas_bhagavata_names,without_alternatives,"Flag-filtered, omit all alternative-target rows",404,403,32,1081.0,328.0,4.0,1081.0,328.0,4.0,76.72107877927608,81.94101321892884,74.03256881107832,76.5038924274593,76.7869780608634,753.0,3.2957317073170733
pururavas_bhagavata_names,min_sexed_2,"Flag-filtered, at least 2 sex-specified children",271,271,26,1413.0,436.0,2.0,1413.0,436.0,2.0,76.41968631692806,74.41277887412386,72.94939020192513,76.33711507293354,76.44516477579687,977.0,3.2408256880733943
pururavas_bhagavata_names,min_sexed_5,"Flag-filtered, at least 5 sex-specified children",93,93,14,1059.0,309.0,2.0,1059.0,309.0,2.0,77.41228070175438,74.81214775864767,73.65794424299057,77.2992700729927,77.44525547445255,750.0,3.4271844660194173
pururavas_bhagavata_names,max_total_5,At most 5 recorded children per row,453,439,32,631.0,185.0,2.0,631.0,185.0,2.0,77.32843137254902,80.77069096431283,73.56233969068876,77.13936430317848,77.38386308068459,446.0,3.4108108108108106
pururavas_bhagavata_names,max_total_10,At most 10 recorded children per row,505,491,33,937.0,280.0,2.0,937.0,280.0,2.0,76.99260476581759,80.2540167458701,72.41739943562746,76.86628383921247,77.03035274815423,657.0,3.3464285714285715
pururavas_bhagavata_names,max_total_20,At most 20 recorded children per row,520,506,33,1072.0,339.0,4.0,1072.0,339.0,4.0,75.97448618001417,79.95154110272686,72.59714246254995,75.75971731448763,76.04240282685512,733.0,3.162241887905605
pururavas_bhagavata_names,max_total_50,At most 50 recorded children per row,525,511,33,1188.0,386.0,4.0,1188.0,386.0,4.0,75.47649301143584,79.81469807407866,72.98110760135835,75.2851711026616,75.53865652724969,802.0,3.077720207253886
pururavas_bhagavata_names,max_total_100,At most 100 recorded children per row,534,520,33,1844.0,478.0,4.0,1844.0,478.0,4.0,79.41429801894918,79.93242899016839,75.58827998629239,79.27773000859845,79.44969905417025,1366.0,3.8577405857740588
pururavas_bhagavata_names,max_total_200,At most 200 recorded children per row,537,523,33,2149.0,480.0,4.0,2149.0,480.0,4.0,81.74210726511981,80.04375311064582,75.82776171040119,81.61792631978732,81.76984428408659,1669.0,4.477083333333334
pururavas_bhagavata_names,cap_total_10,"All records, contribution capped at 10",539,525,33,63149.0,480.0,4.0,1201.982732131221,353.90615675766804,3.111111111111111,77.25376411612504,80.11977690831955,74.34670941024571,77.09959795581918,77.299156077122,,
pururavas_bhagavata_names,cap_total_20,"All records, contribution capped at 20",539,525,33,63149.0,480.0,4.0,1393.4806157775931,397.5193842224068,4.0,77.80461282956968,80.11977690831955,74.90256135621807,77.63123207674613,77.85407330237287,,
pururavas_bhagavata_names,cap_total_50,"All records, contribution capped at 50",539,525,33,63149.0,480.0,4.0,1826.7860805067849,447.21391949321514,4.0,80.33360072589203,80.11977690831955,75.7544980877178,80.19254084753226,80.368133472642,,
pururavas_bhagavata_names,cap_total_200,"All records, contribution capped at 200",539,525,33,63149.0,480.0,4.0,2549.0,480.0,4.0,84.15318586992407,80.11977690831955,76.30666048001513,84.04220243982856,84.17408506429278,,
sad_baladhuri_named_additions,all,All records,539,525,33,63150.0,481.0,4.0,63150.0,481.0,4.0,99.24407914381355,80.1016363187504,76.57302275171037,99.23784081087452,99.244126659857,62669.0,131.2889812889813
sad_baladhuri_named_additions,flag_filtered,Exclude extreme-count and cross-tradition flags,516,502,33,1616.0,466.0,4.0,1616.0,466.0,4.0,77.61767531219981,80.3911140744298,71.787993157504,77.46883988494727,77.66059443911793,1150.0,3.467811158798283
sad_baladhuri_named_additions,direct_filtered,"Flag-filtered, couple or unnamed-spouse rows",469,456,29,1181.0,304.0,4.0,1181.0,304.0,4.0,79.52861952861953,81.69546443788435,73.97936749975328,79.31497649429147,79.58361316319677,877.0,3.8848684210526314
sad_baladhuri_named_additions,historical_filtered,"Flag-filtered, historical label only",104,103,2,202.0,128.0,0.0,202.0,128.0,0.0,61.21212121212121,71.7818616119587,64.62962962962963,61.21212121212121,61.21212121212121,74.0,1.578125
sad_baladhuri_named_additions,without_alternatives,"Flag-filtered, omit all alternative-target rows",404,403,32,1081.0,328.0,4.0,1081.0,328.0,4.0,76.72107877927608,81.94101321892884,74.03256881107832,76.5038924274593,76.7869780608634,753.0,3.2957317073170733
sad_baladhuri_named_additions,min_sexed_2,"Flag-filtered, at least 2 sex-specified children",271,271,26,1414.0,437.0,2.0,1414.0,437.0,2.0,76.3911399243652,74.37763566554892,72.94748537127461,76.3086886130599,76.41662169454938,977.0,3.2356979405034325
sad_baladhuri_named_additions,min_sexed_5,"Flag-filtered, at least 5 sex-specified children",93,93,14,1060.0,309.0,2.0,1060.0,309.0,2.0,77.42878013148284,74.88895267416225,73.67880691445566,77.31582786287382,77.4617067833698,751.0,3.43042071197411
sad_baladhuri_named_additions,max_total_5,At most 5 recorded children per row,453,439,32,631.0,186.0,2.0,631.0,186.0,2.0,77.23378212974296,80.73272589217919,73.54855968088964,77.04517704517704,77.28937728937728,445.0,3.39247311827957
sad_baladhuri_named_additions,max_total_10,At most 10 recorded children per row,505,491,33,938.0,281.0,2.0,938.0,281.0,2.0,76.94831829368334,80.23461998512914,72.41399731358128,76.82227682227682,76.98607698607698,657.0,3.3380782918149468
sad_baladhuri_named_additions,max_total_20,At most 20 recorded children per row,520,506,33,1073.0,340.0,4.0,1073.0,340.0,4.0,75.9377211606511,79.93271934477468,72.59447714843076,75.72335920959775,76.00564573041638,733.0,3.1558823529411764
sad_baladhuri_named_additions,max_total_50,At most 50 recorded children per row,525,511,33,1189.0,387.0,4.0,1189.0,387.0,4.0,75.44416243654823,79.79606048205555,72.97908414104822,75.25316455696202,75.50632911392405,802.0,3.0723514211886305
sad_baladhuri_named_additions,max_total_100,At most 100 recorded children per row,534,520,33,1845.0,479.0,4.0,1845.0,479.0,4.0,79.38898450946644,79.91411397185338,75.58625652598226,79.25257731958763,79.42439862542955,1366.0,3.8517745302713986
sad_baladhuri_named_additions,max_total_200,At most 200 recorded children per row,537,523,33,2150.0,481.0,4.0,2150.0,481.0,4.0,81.71797795515013,80.02554314979723,75.82573825009105,81.59392789373814,81.74573055028463,1669.0,4.46985446985447
sad_baladhuri_named_additions,cap_total_10,"All records, contribution capped at 10",539,525,33,63150.0,481.0,4.0,1202.982732131221,354.90615675766804,3.111111111111111,77.21877604436908,80.1016363187504,74.34413280368095,77.06487713845105,77.26417957990596,,
sad_baladhuri_named_additions,cap_total_20,"All records, contribution capped at 20",539,525,33,63150.0,481.0,4.0,1394.4806157775931,398.5193842224068,4.0,77.77359820287747,80.1016363187504,74.90028248502405,77.60047945339973,77.82307266430679,,
sad_baladhuri_named_additions,cap_total_50,"All records, contribution capped at 50",539,525,33,63150.0,481.0,4.0,1827.7860805067849,448.21391949321514,4.0,80.3069455407199,80.1016363187504,75.75247462740768,80.16605616257829,80.3414947590695,,
sad_baladhuri_named_additions,cap_total_200,"All records, contribution capped at 200",539,525,33,63150.0,481.0,4.0,2550.0,481.0,4.0,84.13064995051138,80.1016363187504,76.304637019705,84.01976935749587,84.15156507413509,,
saul_samuel_roster,all,All records,539,525,33,63148.0,480.0,4.0,63148.0,480.0,4.0,99.24561513798956,80.10707849562114,76.57361810314148,99.2393764143827,99.24566255971838,62668.0,131.55833333333334
saul_samuel_roster,flag_filtered,Exclude extreme-count and cross-tradition flags,516,502,33,1614.0,465.0,4.0,1614.0,465.0,4.0,77.63347763347764,80.39680559406554,71.78858850893512,77.48439750360058,77.67642822851656,1149.0,3.470967741935484
saul_samuel_roster,direct_filtered,"Flag-filtered, couple or unnamed-spouse rows",469,456,29,1179.0,303.0,4.0,1179.0,303.0,4.0,79.55465587044534,81.70173010204473,73.9832279867833,79.34051144010768,79.60969044414536,876.0,3.891089108910891
saul_samuel_roster,historical_filtered,"Flag-filtered, historical label only",104,103,2,201.0,127.0,0.0,201.0,127.0,0.0,61.28048780487805,71.87432578209277,64.66417910447761,61.28048780487805,61.28048780487805,74.0,1.5826771653543308
saul_samuel_roster,without_alternatives,"Flag-filtered, omit all alternative-target rows",404,403,32,1081.0,328.0,4.0,1081.0,328.0,4.0,76.72107877927608,81.94101321892884,74.03256881107832,76.5038924274593,76.7869780608634,753.0,3.2957317073170733
saul_samuel_roster,min_sexed_2,"Flag-filtered, at least 2 sex-specified children",271,271,26,1412.0,436.0,2.0,1412.0,436.0,2.0,76.4069264069264,74.3881786281214,72.94739133755114,76.32432432432432,76.43243243243244,976.0,3.238532110091743
saul_samuel_roster,min_sexed_5,"Flag-filtered, at least 5 sex-specified children",93,93,14,1058.0,309.0,2.0,1058.0,309.0,2.0,77.39575713240673,74.74046317083403,73.65277706973829,77.2826880934989,77.42878013148284,749.0,3.423948220064725
saul_samuel_roster,max_total_5,At most 5 recorded children per row,454,440,32,634.0,187.0,2.0,634.0,187.0,2.0,77.22289890377589,80.72348484848486,73.53329638322492,77.03523693803159,77.27825030376671,447.0,3.390374331550802
saul_samuel_roster,max_total_10,At most 10 recorded children per row,505,491,33,936.0,280.0,2.0,936.0,280.0,2.0,76.97368421052632,80.24043901335143,72.41581620520411,76.84729064039409,77.01149425287356,656.0,3.342857142857143
saul_samuel_roster,max_total_20,At most 20 recorded children per row,520,506,33,1071.0,339.0,4.0,1071.0,339.0,4.0,75.95744680851064,79.93836587216033,72.59567242595111,75.74257425742574,76.02545968882603,732.0,3.15929203539823
saul_samuel_roster,max_total_50,At most 50 recorded children per row,525,511,33,1187.0,386.0,4.0,1187.0,386.0,4.0,75.46090273363001,79.80165175966248,72.98002187380857,75.26949904882689,75.52314521242866,801.0,3.0751295336787563
saul_samuel_roster,max_total_100,At most 100 recorded children per row,534,520,33,1843.0,478.0,4.0,1843.0,478.0,4.0,79.40542869452823,79.9196084773479,75.58685187741338,79.26881720430107,79.44086021505376,1365.0,3.8556485355648538
saul_samuel_roster,max_total_200,At most 200 recorded children per row,537,523,33,2148.0,480.0,4.0,2148.0,480.0,4.0,81.7351598173516,80.03100613805181,75.82633360152218,81.61094224924013,81.7629179331307,1668.0,4.475
saul_samuel_roster,cap_total_10,"All records, contribution capped at 10",539,525,33,63148.0,480.0,4.0,1200.982732131221,353.90615675766804,3.111111111111111,77.23913526640695,80.10707849562114,74.34515730202841,77.08489936657388,77.28458557396226,,
saul_samuel_roster,cap_total_20,"All records, contribution capped at 20",539,525,33,63148.0,480.0,4.0,1392.4806157775931,397.5193842224068,4.0,77.79221317193257,80.10707849562114,74.90104659712756,77.61876342127051,77.84172886162726,,
saul_samuel_roster,cap_total_50,"All records, contribution capped at 50",539,525,33,63148.0,480.0,4.0,1825.7860805067849,447.21391949321514,4.0,80.32494854847272,80.10707849562114,75.75308412432588,80.1838419194899,80.35951166037702,,
saul_samuel_roster,cap_total_200,"All records, contribution capped at 200",539,525,33,63148.0,480.0,4.0,2548.0,480.0,4.0,84.14795244385733,80.10707849562114,76.3052323711361,84.03693931398416,84.1688654353562,,
shantanu_surviving_son,all,All records,539,525,33,63142.0,480.0,4.0,63142.0,480.0,4.0,99.24554399421584,80.11977690831955,76.57463768310396,99.23930468676328,99.2455914248892,62662.0,131.54583333333332
shantanu_surviving_son,flag_filtered,Exclude extreme-count and cross-tradition flags,516,502,33,1608.0,465.0,4.0,1608.0,465.0,4.0,77.56874095513749,80.41008580654893,71.78071480434018,77.41935483870968,77.61194029850746,1143.0,3.458064516129032
shantanu_surviving_son,direct_filtered,"Flag-filtered, couple or unnamed-spouse rows",469,456,29,1173.0,303.0,4.0,1173.0,303.0,4.0,79.47154471544715,81.71634998508569,73.97268045382724,79.25675675675676,79.52702702702703,870.0,3.871287128712871
shantanu_surviving_son,historical_filtered,"Flag-filtered, historical label only",104,103,2,201.0,127.0,0.0,201.0,127.0,0.0,61.28048780487805,71.87432578209277,64.66417910447761,61.28048780487805,61.28048780487805,74.0,1.5826771653543308
shantanu_surviving_son,without_alternatives,"Flag-filtered, omit all alternative-target rows",404,403,32,1081.0,328.0,4.0,1081.0,328.0,4.0,76.72107877927608,81.94101321892884,74.03256881107832,76.5038924274593,76.7869780608634,753.0,3.2957317073170733
shantanu_surviving_son,min_sexed_2,"Flag-filtered, at least 2 sex-specified children",270,270,26,1405.0,436.0,2.0,1405.0,436.0,2.0,76.31721890277024,74.31801138847247,72.93208979399972,76.23440043407487,76.34291915355399,969.0,3.2224770642201834
shantanu_surviving_son,min_sexed_5,"Flag-filtered, at least 5 sex-specified children",92,92,14,1051.0,309.0,2.0,1051.0,309.0,2.0,77.27941176470588,74.53836675602427,73.61753203850482,77.16593245227607,77.31277533039648,742.0,3.401294498381877
shantanu_surviving_son,max_total_5,At most 5 recorded children per row,454,440,32,632.0,185.0,2.0,632.0,185.0,2.0,77.3561811505508,80.81439393939395,73.56549331590223,77.16727716727716,77.4114774114774,447.0,3.4162162162162164
shantanu_surviving_son,max_total_10,At most 10 recorded children per row,505,491,33,930.0,280.0,2.0,930.0,280.0,2.0,76.85950413223141,80.2540167458701,72.40943328730471,76.73267326732673,76.8976897689769,650.0,3.3214285714285716
shantanu_surviving_son,max_total_20,At most 20 recorded children per row,520,506,33,1065.0,339.0,4.0,1065.0,339.0,4.0,75.85470085470085,79.95154110272686,72.587840649076,75.63920454545455,75.92329545454545,726.0,3.1415929203539825
shantanu_surviving_son,max_total_50,At most 50 recorded children per row,525,511,33,1181.0,386.0,4.0,1181.0,386.0,4.0,75.36694320357371,79.81469807407866,72.97180578788439,75.17504774029281,75.42966263526417,795.0,3.0595854922279795
shantanu_surviving_son,max_total_100,At most 100 recorded children per row,534,520,33,1837.0,478.0,4.0,1837.0,478.0,4.0,79.35205183585313,79.93242899016839,75.57897817281844,79.21517895644675,79.38766709788702,1359.0,3.8430962343096233
shantanu_surviving_son,max_total_200,At most 200 recorded children per row,537,523,33,2142.0,480.0,4.0,2142.0,480.0,4.0,81.69336384439359,80.04375311064582,75.82419419517555,81.56892612338157,81.72124904798171,1662.0,4.4625
shantanu_surviving_son,cap_total_10,"All records, contribution capped at 10",539,525,33,63142.0,480.0,4.0,1194.982732131221,353.90615675766804,3.111111111111111,77.15096548910321,80.11977690831955,74.33913698126699,76.99631006000135,77.19676825015026,,
shantanu_surviving_son,cap_total_20,"All records, contribution capped at 20",539,525,33,63142.0,480.0,4.0,1386.4806157775931,397.5193842224068,4.0,77.71752330591889,80.11977690831955,74.89597387375426,77.54365860053652,77.76737224706896,,
shantanu_surviving_son,cap_total_50,"All records, contribution capped at 50",539,525,33,63142.0,480.0,4.0,1819.7860805067849,447.21391949321514,4.0,80.27287518777172,80.11977690831955,75.75017885393015,80.13148747277783,80.30762133451276,,
shantanu_surviving_son,cap_total_200,"All records, contribution capped at 200",539,525,33,63142.0,480.0,4.0,2542.0,480.0,4.0,84.11647915287888,80.11977690831955,76.30481674935783,84.00528750826173,84.13747521480502,,
shukra_adi_four_names,all,All records,539,525,33,63149.0,480.0,4.0,63149.0,480.0,4.0,99.24562699398074,80.11977690831955,76.57504621202051,99.23938836767087,99.24567441421904,62669.0,131.56041666666667
shukra_adi_four_names,flag_filtered,Exclude extreme-count and cross-tradition flags,516,502,33,1615.0,465.0,4.0,1615.0,465.0,4.0,77.64423076923077,80.41008580654893,71.79001661781413,77.49520153550864,77.68714011516315,1150.0,3.4731182795698925
shukra_adi_four_names,direct_filtered,"Flag-filtered, couple or unnamed-spouse rows",469,456,29,1180.0,303.0,4.0,1180.0,303.0,4.0,79.56844234659474,81.71634998508569,73.9844509531126,79.35440484196369,79.62340282447882,877.0,3.8943894389438944
shukra_adi_four_names,historical_filtered,"Flag-filtered, historical label only",104,103,2,201.0,127.0,0.0,201.0,127.0,0.0,61.28048780487805,71.87432578209277,64.66417910447761,61.28048780487805,61.28048780487805,74.0,1.5826771653543308
shukra_adi_four_names,without_alternatives,"Flag-filtered, omit all alternative-target rows",404,403,32,1081.0,328.0,4.0,1081.0,328.0,4.0,76.72107877927608,81.94101321892884,74.03256881107832,76.5038924274593,76.7869780608634,753.0,3.2957317073170733
shukra_adi_four_names,min_sexed_2,"Flag-filtered, at least 2 sex-specified children",271,271,26,1413.0,436.0,2.0,1413.0,436.0,2.0,76.41968631692806,74.41277887412386,72.94939020192513,76.33711507293354,76.44516477579687,977.0,3.2408256880733943
shukra_adi_four_names,min_sexed_5,"Flag-filtered, at least 5 sex-specified children",93,93,14,1059.0,309.0,2.0,1059.0,309.0,2.0,77.41228070175438,74.81214775864767,73.65794424299057,77.2992700729927,77.44525547445255,750.0,3.4271844660194173
shukra_adi_four_names,max_total_5,At most 5 recorded children per row,453,439,32,631.0,185.0,2.0,631.0,185.0,2.0,77.32843137254902,80.77069096431283,73.56233969068876,77.13936430317848,77.38386308068459,446.0,3.4108108108108106
shukra_adi_four_names,max_total_10,At most 10 recorded children per row,505,491,33,937.0,280.0,2.0,937.0,280.0,2.0,76.99260476581759,80.2540167458701,72.41739943562746,76.86628383921247,77.03035274815423,657.0,3.3464285714285715
shukra_adi_four_names,max_total_20,At most 20 recorded children per row,520,506,33,1072.0,339.0,4.0,1072.0,339.0,4.0,75.97448618001417,79.95154110272686,72.59714246254995,75.75971731448763,76.04240282685512,733.0,3.162241887905605
shukra_adi_four_names,max_total_50,At most 50 recorded children per row,525,511,33,1188.0,386.0,4.0,1188.0,386.0,4.0,75.47649301143584,79.81469807407866,72.98110760135835,75.2851711026616,75.53865652724969,802.0,3.077720207253886
shukra_adi_four_names,max_total_100,At most 100 recorded children per row,534,520,33,1844.0,478.0,4.0,1844.0,478.0,4.0,79.41429801894918,79.93242899016839,75.58827998629239,79.27773000859845,79.44969905417025,1366.0,3.8577405857740588
shukra_adi_four_names,max_total_200,At most 200 recorded children per row,537,523,33,2149.0,480.0,4.0,2149.0,480.0,4.0,81.74210726511981,80.04375311064582,75.82776171040119,81.61792631978732,81.76984428408659,1669.0,4.477083333333334
shukra_adi_four_names,cap_total_10,"All records, contribution capped at 10",539,525,33,63149.0,480.0,4.0,1201.982732131221,353.90615675766804,3.111111111111111,77.25376411612504,80.11977690831955,74.34670941024571,77.09959795581918,77.299156077122,,
shukra_adi_four_names,cap_total_20,"All records, contribution capped at 20",539,525,33,63149.0,480.0,4.0,1393.4806157775931,397.5193842224068,4.0,77.80461282956968,80.11977690831955,74.90256135621807,77.63123207674613,77.85407330237287,,
shukra_adi_four_names,cap_total_50,"All records, contribution capped at 50",539,525,33,63149.0,480.0,4.0,1826.7860805067849,447.21391949321514,4.0,80.33360072589203,80.11977690831955,75.7544980877178,80.19254084753226,80.368133472642,,
shukra_adi_four_names,cap_total_200,"All records, contribution capped at 200",539,525,33,63149.0,480.0,4.0,2549.0,480.0,4.0,84.15318586992407,80.11977690831955,76.30666048001513,84.04220243982856,84.17408506429278,,
shukra_devayani_urjasvati,all,All records,539,525,33,63149.0,480.0,4.0,63149.0,480.0,4.0,99.24562699398074,80.11977690831955,76.57504621202051,99.23938836767087,99.24567441421904,62669.0,131.56041666666667
shukra_devayani_urjasvati,flag_filtered,Exclude extreme-count and cross-tradition flags,516,502,33,1615.0,465.0,4.0,1615.0,465.0,4.0,77.64423076923077,80.41008580654893,71.79001661781413,77.49520153550864,77.68714011516315,1150.0,3.4731182795698925
shukra_devayani_urjasvati,direct_filtered,"Flag-filtered, couple or unnamed-spouse rows",469,456,29,1180.0,303.0,4.0,1180.0,303.0,4.0,79.56844234659474,81.71634998508569,73.9844509531126,79.35440484196369,79.62340282447882,877.0,3.8943894389438944
shukra_devayani_urjasvati,historical_filtered,"Flag-filtered, historical label only",104,103,2,201.0,127.0,0.0,201.0,127.0,0.0,61.28048780487805,71.87432578209277,64.66417910447761,61.28048780487805,61.28048780487805,74.0,1.5826771653543308
shukra_devayani_urjasvati,without_alternatives,"Flag-filtered, omit all alternative-target rows",404,403,32,1081.0,328.0,4.0,1081.0,328.0,4.0,76.72107877927608,81.94101321892884,74.03256881107832,76.5038924274593,76.7869780608634,753.0,3.2957317073170733
shukra_devayani_urjasvati,min_sexed_2,"Flag-filtered, at least 2 sex-specified children",271,271,26,1413.0,436.0,2.0,1413.0,436.0,2.0,76.41968631692806,74.41277887412386,72.94939020192513,76.33711507293354,76.44516477579687,977.0,3.2408256880733943
shukra_devayani_urjasvati,min_sexed_5,"Flag-filtered, at least 5 sex-specified children",93,93,14,1059.0,309.0,2.0,1059.0,309.0,2.0,77.41228070175438,74.81214775864767,73.65794424299057,77.2992700729927,77.44525547445255,750.0,3.4271844660194173
shukra_devayani_urjasvati,max_total_5,At most 5 recorded children per row,453,439,32,631.0,185.0,2.0,631.0,185.0,2.0,77.32843137254902,80.77069096431283,73.56233969068876,77.13936430317848,77.38386308068459,446.0,3.4108108108108106
shukra_devayani_urjasvati,max_total_10,At most 10 recorded children per row,505,491,33,937.0,280.0,2.0,937.0,280.0,2.0,76.99260476581759,80.2540167458701,72.41739943562746,76.86628383921247,77.03035274815423,657.0,3.3464285714285715
shukra_devayani_urjasvati,max_total_20,At most 20 recorded children per row,520,506,33,1072.0,339.0,4.0,1072.0,339.0,4.0,75.97448618001417,79.95154110272686,72.59714246254995,75.75971731448763,76.04240282685512,733.0,3.162241887905605
shukra_devayani_urjasvati,max_total_50,At most 50 recorded children per row,525,511,33,1188.0,386.0,4.0,1188.0,386.0,4.0,75.47649301143584,79.81469807407866,72.98110760135835,75.2851711026616,75.53865652724969,802.0,3.077720207253886
shukra_devayani_urjasvati,max_total_100,At most 100 recorded children per row,534,520,33,1844.0,478.0,4.0,1844.0,478.0,4.0,79.41429801894918,79.93242899016839,75.58827998629239,79.27773000859845,79.44969905417025,1366.0,3.8577405857740588
shukra_devayani_urjasvati,max_total_200,At most 200 recorded children per row,537,523,33,2149.0,480.0,4.0,2149.0,480.0,4.0,81.74210726511981,80.04375311064582,75.82776171040119,81.61792631978732,81.76984428408659,1669.0,4.477083333333334
shukra_devayani_urjasvati,cap_total_10,"All records, contribution capped at 10",539,525,33,63149.0,480.0,4.0,1201.982732131221,353.90615675766804,3.111111111111111,77.25376411612504,80.11977690831955,74.34670941024571,77.09959795581918,77.299156077122,,
shukra_devayani_urjasvati,cap_total_20,"All records, contribution capped at 20",539,525,33,63149.0,480.0,4.0,1393.4806157775931,397.5193842224068,4.0,77.80461282956968,80.11977690831955,74.90256135621807,77.63123207674613,77.85407330237287,,
shukra_devayani_urjasvati,cap_total_50,"All records, contribution capped at 50",539,525,33,63149.0,480.0,4.0,1826.7860805067849,447.21391949321514,4.0,80.33360072589203,80.11977690831955,75.7544980877178,80.19254084753226,80.368133472642,,
shukra_devayani_urjasvati,cap_total_200,"All records, contribution capped at 200",539,525,33,63149.0,480.0,4.0,2549.0,480.0,4.0,84.15318586992407,80.11977690831955,76.30666048001513,84.04220243982856,84.17408506429278,,
sigyn_guerber_two,all,All records,539,524,33,63149.0,480.0,4.0,63149.0,480.0,4.0,99.24562699398074,80.08183755127436,76.57504621202051,99.23938836767087,99.24567441421904,62669.0,131.56041666666667
sigyn_guerber_two,flag_filtered,Exclude extreme-count and cross-tradition flags,516,501,33,1615.0,465.0,4.0,1615.0,465.0,4.0,77.64423076923077,80.37098418141231,71.79001661781413,77.49520153550864,77.68714011516315,1150.0,3.4731182795698925
sigyn_guerber_two,direct_filtered,"Flag-filtered, couple or unnamed-spouse rows",469,455,29,1180.0,303.0,4.0,1180.0,303.0,4.0,79.56844234659474,81.67616613889906,73.9844509531126,79.35440484196369,79.62340282447882,877.0,3.8943894389438944
sigyn_guerber_two,historical_filtered,"Flag-filtered, historical label only",104,103,2,201.0,127.0,0.0,201.0,127.0,0.0,61.28048780487805,71.87432578209277,64.66417910447761,61.28048780487805,61.28048780487805,74.0,1.5826771653543308
sigyn_guerber_two,without_alternatives,"Flag-filtered, omit all alternative-target rows",404,403,32,1081.0,328.0,4.0,1081.0,328.0,4.0,76.72107877927608,81.94101321892884,74.03256881107832,76.5038924274593,76.7869780608634,753.0,3.2957317073170733
sigyn_guerber_two,min_sexed_2,"Flag-filtered, at least 2 sex-specified children",272,272,26,1415.0,436.0,2.0,1415.0,436.0,2.0,76.44516477579687,74.50684954002782,73.07759533013026,76.36265515380464,76.47058823529412,979.0,3.2454128440366974
sigyn_guerber_two,min_sexed_5,"Flag-filtered, at least 5 sex-specified children",93,93,14,1059.0,309.0,2.0,1059.0,309.0,2.0,77.41228070175438,74.81214775864767,73.65794424299057,77.2992700729927,77.44525547445255,750.0,3.4271844660194173
sigyn_guerber_two,max_total_5,At most 5 recorded children per row,453,438,32,631.0,185.0,2.0,631.0,185.0,2.0,77.32843137254902,80.7267884322679,73.56233969068876,77.13936430317848,77.38386308068459,446.0,3.4108108108108106
sigyn_guerber_two,max_total_10,At most 10 recorded children per row,505,490,33,937.0,280.0,2.0,937.0,280.0,2.0,76.99260476581759,80.21371882086167,72.41739943562746,76.86628383921247,77.03035274815423,657.0,3.3464285714285715
sigyn_guerber_two,max_total_20,At most 20 recorded children per row,520,505,33,1072.0,339.0,4.0,1072.0,339.0,4.0,75.97448618001417,79.9118411841184,72.59714246254995,75.75971731448763,76.04240282685512,733.0,3.162241887905605
sigyn_guerber_two,max_total_50,At most 50 recorded children per row,525,510,33,1188.0,386.0,4.0,1188.0,386.0,4.0,75.47649301143584,79.7751190506945,72.98110760135835,75.2851711026616,75.53865652724969,802.0,3.077720207253886
sigyn_guerber_two,max_total_100,At most 100 recorded children per row,534,519,33,1844.0,478.0,4.0,1844.0,478.0,4.0,79.41429801894918,79.89376315007237,75.58827998629239,79.27773000859845,79.44969905417025,1366.0,3.8577405857740588
sigyn_guerber_two,max_total_200,At most 200 recorded children per row,537,522,33,2149.0,480.0,4.0,2149.0,480.0,4.0,81.74210726511981,80.00552275262024,75.82776171040119,81.61792631978732,81.76984428408659,1669.0,4.477083333333334
sigyn_guerber_two,cap_total_10,"All records, contribution capped at 10",539,524,33,63149.0,480.0,4.0,1201.982732131221,353.90615675766804,3.111111111111111,77.25376411612504,80.08183755127436,74.34670941024571,77.09959795581918,77.299156077122,,
sigyn_guerber_two,cap_total_20,"All records, contribution capped at 20",539,524,33,63149.0,480.0,4.0,1393.4806157775931,397.5193842224068,4.0,77.80461282956968,80.08183755127436,74.90256135621807,77.63123207674613,77.85407330237287,,
sigyn_guerber_two,cap_total_50,"All records, contribution capped at 50",539,524,33,63149.0,480.0,4.0,1826.7860805067849,447.21391949321514,4.0,80.33360072589203,80.08183755127436,75.7544980877178,80.19254084753226,80.368133472642,,
sigyn_guerber_two,cap_total_200,"All records, contribution capped at 200",539,524,33,63149.0,480.0,4.0,2549.0,480.0,4.0,84.15318586992407,80.08183755127436,76.30666048001513,84.04220243982856,84.17408506429278,,
simeon_numbers_clans,all,All records,539,525,33,63148.0,480.0,4.0,63148.0,480.0,4.0,99.24561513798956,80.11977690831955,76.57361810314148,99.2393764143827,99.24566255971838,62668.0,131.55833333333334
simeon_numbers_clans,flag_filtered,Exclude extreme-count and cross-tradition flags,516,502,33,1614.0,465.0,4.0,1614.0,465.0,4.0,77.63347763347764,80.41008580654893,71.78858850893512,77.48439750360058,77.67642822851656,1149.0,3.470967741935484
simeon_numbers_clans,direct_filtered,"Flag-filtered, couple or unnamed-spouse rows",469,456,29,1179.0,303.0,4.0,1179.0,303.0,4.0,79.55465587044534,81.71634998508569,73.9832279867833,79.34051144010768,79.60969044414536,876.0,3.891089108910891
simeon_numbers_clans,historical_filtered,"Flag-filtered, historical label only",104,103,2,201.0,127.0,0.0,201.0,127.0,0.0,61.28048780487805,71.87432578209277,64.66417910447761,61.28048780487805,61.28048780487805,74.0,1.5826771653543308
simeon_numbers_clans,without_alternatives,"Flag-filtered, omit all alternative-target rows",404,403,32,1081.0,328.0,4.0,1081.0,328.0,4.0,76.72107877927608,81.94101321892884,74.03256881107832,76.5038924274593,76.7869780608634,753.0,3.2957317073170733
simeon_numbers_clans,min_sexed_2,"Flag-filtered, at least 2 sex-specified children",271,271,26,1412.0,436.0,2.0,1412.0,436.0,2.0,76.4069264069264,74.41277887412386,72.94739133755114,76.32432432432432,76.43243243243244,976.0,3.238532110091743
simeon_numbers_clans,min_sexed_5,"Flag-filtered, at least 5 sex-specified children",93,93,14,1058.0,309.0,2.0,1058.0,309.0,2.0,77.39575713240673,74.81214775864767,73.65277706973829,77.2826880934989,77.42878013148284,749.0,3.423948220064725
simeon_numbers_clans,max_total_5,At most 5 recorded children per row,454,440,32,636.0,185.0,2.0,636.0,185.0,2.0,77.46650426309378,80.81439393939395,73.57581339002765,77.27825030376671,77.52126366950182,451.0,3.437837837837838
simeon_numbers_clans,max_total_10,At most 10 recorded children per row,505,491,33,936.0,280.0,2.0,936.0,280.0,2.0,76.97368421052632,80.2540167458701,72.41581620520411,76.84729064039409,77.01149425287356,656.0,3.342857142857143
simeon_numbers_clans,max_total_20,At most 20 recorded children per row,520,506,33,1071.0,339.0,4.0,1071.0,339.0,4.0,75.95744680851064,79.95154110272686,72.59567242595111,75.74257425742574,76.02545968882603,732.0,3.15929203539823
simeon_numbers_clans,max_total_50,At most 50 recorded children per row,525,511,33,1187.0,386.0,4.0,1187.0,386.0,4.0,75.46090273363001,79.81469807407866,72.98002187380857,75.26949904882689,75.52314521242866,801.0,3.0751295336787563
simeon_numbers_clans,max_total_100,At most 100 recorded children per row,534,520,33,1843.0,478.0,4.0,1843.0,478.0,4.0,79.40542869452823,79.93242899016839,75.58685187741338,79.26881720430107,79.44086021505376,1365.0,3.8556485355648538
simeon_numbers_clans,max_total_200,At most 200 recorded children per row,537,523,33,2148.0,480.0,4.0,2148.0,480.0,4.0,81.7351598173516,80.04375311064582,75.82633360152218,81.61094224924013,81.7629179331307,1668.0,4.475
simeon_numbers_clans,cap_total_10,"All records, contribution capped at 10",539,525,33,63148.0,480.0,4.0,1200.982732131221,353.90615675766804,3.111111111111111,77.23913526640695,80.11977690831955,74.34515730202841,77.08489936657388,77.28458557396226,,
simeon_numbers_clans,cap_total_20,"All records, contribution capped at 20",539,525,33,63148.0,480.0,4.0,1392.4806157775931,397.5193842224068,4.0,77.79221317193257,80.11977690831955,74.90104659712756,77.61876342127051,77.84172886162726,,
simeon_numbers_clans,cap_total_50,"All records, contribution capped at 50",539,525,33,63148.0,480.0,4.0,1825.7860805067849,447.21391949321514,4.0,80.32494854847272,80.11977690831955,75.75308412432588,80.1838419194899,80.35951166037702,,
simeon_numbers_clans,cap_total_200,"All records, contribution capped at 200",539,525,33,63148.0,480.0,4.0,2548.0,480.0,4.0,84.14795244385733,80.11977690831955,76.3052323711361,84.03693931398416,84.1688654353562,,
simhika_vishnu_parentage,all,All records,539,525,33,63149.0,480.0,4.0,63149.0,480.0,4.0,99.24562699398074,80.15420914275178,76.57504621202051,99.23938836767087,99.24567441421904,62669.0,131.56041666666667
simhika_vishnu_parentage,flag_filtered,Exclude extreme-count and cross-tradition flags,516,502,33,1615.0,465.0,4.0,1615.0,465.0,4.0,77.64423076923077,80.44609561347508,71.79001661781413,77.49520153550864,77.68714011516315,1150.0,3.4731182795698925
simhika_vishnu_parentage,direct_filtered,"Flag-filtered, couple or unnamed-spouse rows",469,456,29,1180.0,303.0,4.0,1180.0,303.0,4.0,79.56844234659474,81.75599236025438,73.9844509531126,79.35440484196369,79.62340282447882,877.0,3.8943894389438944
simhika_vishnu_parentage,historical_filtered,"Flag-filtered, historical label only",104,103,2,201.0,127.0,0.0,201.0,127.0,0.0,61.28048780487805,71.87432578209277,64.66417910447761,61.28048780487805,61.28048780487805,74.0,1.5826771653543308
simhika_vishnu_parentage,without_alternatives,"Flag-filtered, omit all alternative-target rows",404,403,32,1081.0,328.0,4.0,1081.0,328.0,4.0,76.72107877927608,81.94101321892884,74.03256881107832,76.5038924274593,76.7869780608634,753.0,3.2957317073170733
simhika_vishnu_parentage,min_sexed_2,"Flag-filtered, at least 2 sex-specified children",271,271,26,1413.0,436.0,2.0,1413.0,436.0,2.0,76.41968631692806,74.47948338732283,72.94939020192513,76.33711507293354,76.44516477579687,977.0,3.2408256880733943
simhika_vishnu_parentage,min_sexed_5,"Flag-filtered, at least 5 sex-specified children",92,92,14,1055.0,309.0,2.0,1055.0,309.0,2.0,77.34604105571847,74.73485505033865,73.6390905476663,77.23279648609078,77.3792093704246,746.0,3.414239482200647
simhika_vishnu_parentage,max_total_5,At most 5 recorded children per row,453,439,32,631.0,184.0,2.0,631.0,184.0,2.0,77.42331288343559,80.8162490508732,73.6642418646018,77.23378212974296,77.47858017135863,447.0,3.4293478260869565
simhika_vishnu_parentage,max_total_10,At most 10 recorded children per row,505,491,33,937.0,279.0,2.0,937.0,279.0,2.0,77.05592105263158,80.29474994342611,72.51621366487647,76.92939244663383,77.0935960591133,658.0,3.3584229390681
simhika_vishnu_parentage,max_total_20,At most 20 recorded children per row,520,506,33,1072.0,338.0,4.0,1072.0,338.0,4.0,76.02836879432624,79.99106679442647,72.65320727347138,75.81329561527582,76.0961810466761,734.0,3.171597633136095
simhika_vishnu_parentage,max_total_50,At most 50 recorded children per row,525,511,33,1188.0,385.0,4.0,1188.0,385.0,4.0,75.52447552447552,79.8538370173272,73.00549635814147,75.33291058972733,75.5865567533291,803.0,3.085714285714286
simhika_vishnu_parentage,max_total_100,At most 100 recorded children per row,534,520,33,1844.0,478.0,4.0,1844.0,478.0,4.0,79.41429801894918,79.96719230377786,75.58827998629239,79.27773000859845,79.44969905417025,1366.0,3.8577405857740588
simhika_vishnu_parentage,max_total_200,At most 200 recorded children per row,537,523,33,2149.0,480.0,4.0,2149.0,480.0,4.0,81.74210726511981,80.07831701710265,75.82776171040119,81.61792631978732,81.76984428408659,1669.0,4.477083333333334
simhika_vishnu_parentage,cap_total_10,"All records, contribution capped at 10",539,525,33,63149.0,480.0,4.0,1201.790424438913,353.0984644499758,3.111111111111111,77.29108060561825,80.15420914275178,74.37075221137444,77.13674097810738,77.33642718549577,,
simhika_vishnu_parentage,cap_total_20,"All records, contribution capped at 20",539,525,33,63149.0,480.0,4.0,1393.0960003929779,396.90399960702223,4.0,77.82659220072503,80.15420914275178,74.91294009168938,77.65306579671004,77.87603123706678,,
simhika_vishnu_parentage,cap_total_50,"All records, contribution capped at 50",539,525,33,63149.0,480.0,4.0,1825.8245420452463,447.1754579547536,4.0,80.32664065311246,80.15420914275178,75.75195218733909,80.18553105161381,80.36120079250094,,
simhika_vishnu_parentage,cap_total_200,"All records, contribution capped at 200",539,525,33,63149.0,480.0,4.0,2549.0,480.0,4.0,84.15318586992407,80.15420914275178,76.30666048001513,84.04220243982856,84.17408506429278,,
tataka_valmiki_birth_episode,all,All records,539,525,33,63148.0,480.0,4.0,63148.0,480.0,4.0,99.24561513798956,80.11977690831955,76.57449924001844,99.2393764143827,99.24566255971838,62668.0,131.55833333333334
tataka_valmiki_birth_episode,flag_filtered,Exclude extreme-count and cross-tradition flags,516,502,33,1614.0,465.0,4.0,1614.0,465.0,4.0,77.63347763347764,80.41008580654893,71.78216318530318,77.48439750360058,77.67642822851656,1149.0,3.470967741935484
tataka_valmiki_birth_episode,direct_filtered,"Flag-filtered, couple or unnamed-spouse rows",469,456,29,1179.0,303.0,4.0,1179.0,303.0,4.0,79.55465587044534,81.71634998508569,73.97461171118833,79.34051144010768,79.60969044414536,876.0,3.891089108910891
tataka_valmiki_birth_episode,historical_filtered,"Flag-filtered, historical label only",104,103,2,201.0,127.0,0.0,201.0,127.0,0.0,61.28048780487805,71.87432578209277,64.66417910447761,61.28048780487805,61.28048780487805,74.0,1.5826771653543308
tataka_valmiki_birth_episode,without_alternatives,"Flag-filtered, omit all alternative-target rows",404,403,32,1081.0,328.0,4.0,1081.0,328.0,4.0,76.72107877927608,81.94101321892884,74.03256881107832,76.5038924274593,76.7869780608634,753.0,3.2957317073170733
tataka_valmiki_birth_episode,min_sexed_2,"Flag-filtered, at least 2 sex-specified children",270,270,26,1411.0,436.0,2.0,1411.0,436.0,2.0,76.39415268002166,74.31801138847247,72.92097034591907,76.31151974040021,76.41968631692806,975.0,3.2362385321100917
tataka_valmiki_birth_episode,min_sexed_5,"Flag-filtered, at least 5 sex-specified children",93,93,14,1059.0,309.0,2.0,1059.0,309.0,2.0,77.41228070175438,74.81214775864767,73.65794424299057,77.2992700729927,77.44525547445255,750.0,3.4271844660194173
tataka_valmiki_birth_episode,max_total_5,At most 5 recorded children per row,453,439,32,630.0,185.0,2.0,630.0,185.0,2.0,77.30061349693251,80.77069096431283,73.55173448706884,77.11138310893513,77.3561811505508,445.0,3.4054054054054053
tataka_valmiki_birth_episode,max_total_10,At most 10 recorded children per row,505,491,33,936.0,280.0,2.0,936.0,280.0,2.0,76.97368421052632,80.2540167458701,72.40883925757575,76.84729064039409,77.01149425287356,656.0,3.342857142857143
tataka_valmiki_birth_episode,max_total_20,At most 20 recorded children per row,520,506,33,1071.0,339.0,4.0,1071.0,339.0,4.0,75.95744680851064,79.95154110272686,72.589289030039,75.74257425742574,76.02545968882603,732.0,3.15929203539823
tataka_valmiki_birth_episode,max_total_50,At most 50 recorded children per row,525,511,33,1187.0,386.0,4.0,1187.0,386.0,4.0,75.46090273363001,79.81469807407866,72.97325416884739,75.26949904882689,75.52314521242866,801.0,3.0751295336787563
tataka_valmiki_birth_episode,max_total_100,At most 100 recorded children per row,534,520,33,1843.0,478.0,4.0,1843.0,478.0,4.0,79.40542869452823,79.93242899016839,75.58687063666699,79.26881720430107,79.44086021505376,1365.0,3.8556485355648538
tataka_valmiki_birth_episode,max_total_200,At most 200 recorded children per row,537,523,33,2148.0,480.0,4.0,2148.0,480.0,4.0,81.7351598173516,80.04375311064582,75.82721473839912,81.61094224924013,81.7629179331307,1668.0,4.475
tataka_valmiki_birth_episode,cap_total_10,"All records, contribution capped at 10",539,525,33,63148.0,480.0,4.0,1200.982732131221,353.90615675766804,3.111111111111111,77.23913526640695,80.11977690831955,74.34184536043784,77.08489936657388,77.28458557396226,,
tataka_valmiki_birth_episode,cap_total_20,"All records, contribution capped at 20",539,525,33,63148.0,480.0,4.0,1392.4806157775931,397.5193842224068,4.0,77.79221317193257,80.11977690831955,74.89926805995785,77.61876342127051,77.84172886162726,,
tataka_valmiki_birth_episode,cap_total_50,"All records, contribution capped at 50",539,525,33,63148.0,480.0,4.0,1825.7860805067849,447.21391949321514,4.0,80.32494854847272,80.11977690831955,75.7530887380924,80.1838419194899,80.35951166037702,,
tataka_valmiki_birth_episode,cap_total_200,"All records, contribution capped at 200",539,525,33,63148.0,480.0,4.0,2548.0,480.0,4.0,84.14795244385733,80.11977690831955,76.30611350801307,84.03693931398416,84.1688654353562,,
thor_guerber_family,all,All records,539,524,33,63150.0,480.0,4.0,63150.0,480.0,4.0,99.24563884959925,80.1772573986026,76.59019772717203,99.23940032058334,99.24568626834711,62670.0,131.5625
thor_guerber_family,flag_filtered,Exclude extreme-count and cross-tradition flags,516,501,33,1616.0,465.0,4.0,1616.0,465.0,4.0,77.65497357039885,80.47078458061391,71.80516813296565,77.50599520383693,77.6978417266187,1151.0,3.475268817204301
thor_guerber_family,direct_filtered,"Flag-filtered, couple or unnamed-spouse rows",469,455,29,1181.0,303.0,4.0,1181.0,303.0,4.0,79.5822102425876,81.78605624878917,74.00489527640549,79.36827956989248,79.63709677419355,878.0,3.897689768976898
thor_guerber_family,historical_filtered,"Flag-filtered, historical label only",104,103,2,201.0,127.0,0.0,201.0,127.0,0.0,61.28048780487805,71.87432578209277,64.66417910447761,61.28048780487805,61.28048780487805,74.0,1.5826771653543308
thor_guerber_family,without_alternatives,"Flag-filtered, omit all alternative-target rows",404,403,32,1081.0,328.0,4.0,1081.0,328.0,4.0,76.72107877927608,81.94101321892884,74.03256881107832,76.5038924274593,76.7869780608634,753.0,3.2957317073170733
thor_guerber_family,min_sexed_2,"Flag-filtered, at least 2 sex-specified children",273,273,26,1416.0,437.0,2.0,1416.0,437.0,2.0,76.41662169454938,74.41708086039401,72.89444514698008,76.33423180592992,76.44204851752022,979.0,3.240274599542334
thor_guerber_family,min_sexed_5,"Flag-filtered, at least 5 sex-specified children",93,93,14,1059.0,309.0,2.0,1059.0,309.0,2.0,77.41228070175438,74.81214775864767,73.65794424299057,77.2992700729927,77.44525547445255,750.0,3.4271844660194173
thor_guerber_family,max_total_5,At most 5 recorded children per row,453,438,32,632.0,185.0,2.0,632.0,185.0,2.0,77.3561811505508,80.84094368340945,73.57796469068876,77.16727716727716,77.4114774114774,447.0,3.4162162162162164
thor_guerber_family,max_total_10,At most 10 recorded children per row,505,490,33,938.0,280.0,2.0,938.0,280.0,2.0,77.01149425287356,80.31575963718821,72.43255095077897,76.88524590163935,77.04918032786885,658.0,3.35
thor_guerber_family,max_total_20,At most 20 recorded children per row,520,505,33,1073.0,339.0,4.0,1073.0,339.0,4.0,75.9915014164306,80.0108510851085,72.61229397770147,75.7768361581921,76.05932203389831,734.0,3.1651917404129795
thor_guerber_family,max_total_50,At most 50 recorded children per row,525,510,33,1189.0,386.0,4.0,1189.0,386.0,4.0,75.4920634920635,79.87315826638078,72.99625911650986,75.3008233058898,75.55414819506016,803.0,3.0803108808290154
thor_guerber_family,max_total_100,At most 100 recorded children per row,534,519,33,1845.0,478.0,4.0,1845.0,478.0,4.0,79.42315970727508,79.99010226375253,75.60343150144391,79.28663515255694,79.45853029651913,1367.0,3.8598326359832638
thor_guerber_family,max_total_200,At most 200 recorded children per row,537,522,33,2150.0,480.0,4.0,2150.0,480.0,4.0,81.74904942965779,80.10130819323327,75.8429132255527,81.62490508731966,81.77676537585421,1670.0,4.479166666666667
thor_guerber_family,cap_total_10,"All records, contribution capped at 10",539,524,33,63150.0,480.0,4.0,1202.982732131221,353.90615675766804,3.111111111111111,77.26837417342983,80.1772573986026,74.36186092539722,77.1142777007193,77.3137079001495,,
thor_guerber_family,cap_total_20,"All records, contribution capped at 20",539,524,33,63150.0,480.0,4.0,1394.4806157775931,397.5193842224068,4.0,77.81699864830318,80.1772573986026,74.91771287136959,77.64368684730474,77.86640399652522,,
thor_guerber_family,cap_total_50,"All records, contribution capped at 50",539,524,33,63150.0,480.0,4.0,1827.7860805067849,447.21391949321514,4.0,80.34224529700153,80.1772573986026,75.76964960286932,80.20123214158775,80.37674771859521,,
thor_guerber_family,cap_total_200,"All records, contribution capped at 200",539,524,33,63150.0,480.0,4.0,2550.0,480.0,4.0,84.15841584158416,80.1772573986026,76.32181199516664,84.04746209624258,84.17930125247199,,
ukehi_ritual_performer,all,All records,539,525,33,63149.0,480.0,4.0,63149.0,480.0,4.0,99.24562699398074,80.11977690831955,76.57504621202051,99.23938836767087,99.24567441421904,62669.0,131.56041666666667
ukehi_ritual_performer,flag_filtered,Exclude extreme-count and cross-tradition flags,516,502,33,1615.0,465.0,4.0,1615.0,465.0,4.0,77.64423076923077,80.41008580654893,71.79001661781413,77.49520153550864,77.68714011516315,1150.0,3.4731182795698925
ukehi_ritual_performer,direct_filtered,"Flag-filtered, couple or unnamed-spouse rows",469,456,29,1180.0,303.0,4.0,1180.0,303.0,4.0,79.56844234659474,81.71634998508569,73.9844509531126,79.35440484196369,79.62340282447882,877.0,3.8943894389438944
ukehi_ritual_performer,historical_filtered,"Flag-filtered, historical label only",104,103,2,201.0,127.0,0.0,201.0,127.0,0.0,61.28048780487805,71.87432578209277,64.66417910447761,61.28048780487805,61.28048780487805,74.0,1.5826771653543308
ukehi_ritual_performer,without_alternatives,"Flag-filtered, omit all alternative-target rows",404,403,32,1081.0,328.0,4.0,1081.0,328.0,4.0,76.72107877927608,81.94101321892884,74.03256881107832,76.5038924274593,76.7869780608634,753.0,3.2957317073170733
ukehi_ritual_performer,min_sexed_2,"Flag-filtered, at least 2 sex-specified children",271,271,26,1413.0,436.0,2.0,1413.0,436.0,2.0,76.41968631692806,74.41277887412386,72.94939020192513,76.33711507293354,76.44516477579687,977.0,3.2408256880733943
ukehi_ritual_performer,min_sexed_5,"Flag-filtered, at least 5 sex-specified children",93,93,14,1059.0,309.0,2.0,1059.0,309.0,2.0,77.41228070175438,74.81214775864767,73.65794424299057,77.2992700729927,77.44525547445255,750.0,3.4271844660194173
ukehi_ritual_performer,max_total_5,At most 5 recorded children per row,453,439,32,631.0,185.0,2.0,631.0,185.0,2.0,77.32843137254902,80.77069096431283,73.56233969068876,77.13936430317848,77.38386308068459,446.0,3.4108108108108106
ukehi_ritual_performer,max_total_10,At most 10 recorded children per row,505,491,33,937.0,280.0,2.0,937.0,280.0,2.0,76.99260476581759,80.2540167458701,72.41739943562746,76.86628383921247,77.03035274815423,657.0,3.3464285714285715
ukehi_ritual_performer,max_total_20,At most 20 recorded children per row,520,506,33,1072.0,339.0,4.0,1072.0,339.0,4.0,75.97448618001417,79.95154110272686,72.59714246254995,75.75971731448763,76.04240282685512,733.0,3.162241887905605
ukehi_ritual_performer,max_total_50,At most 50 recorded children per row,525,511,33,1188.0,386.0,4.0,1188.0,386.0,4.0,75.47649301143584,79.81469807407866,72.98110760135835,75.2851711026616,75.53865652724969,802.0,3.077720207253886
ukehi_ritual_performer,max_total_100,At most 100 recorded children per row,534,520,33,1844.0,478.0,4.0,1844.0,478.0,4.0,79.41429801894918,79.93242899016839,75.58827998629239,79.27773000859845,79.44969905417025,1366.0,3.8577405857740588
ukehi_ritual_performer,max_total_200,At most 200 recorded children per row,537,523,33,2149.0,480.0,4.0,2149.0,480.0,4.0,81.74210726511981,80.04375311064582,75.82776171040119,81.61792631978732,81.76984428408659,1669.0,4.477083333333334
ukehi_ritual_performer,cap_total_10,"All records, contribution capped at 10",539,525,33,63149.0,480.0,4.0,1201.982732131221,353.90615675766804,3.111111111111111,77.25376411612504,80.11977690831955,74.34670941024571,77.09959795581918,77.299156077122,,
ukehi_ritual_performer,cap_total_20,"All records, contribution capped at 20",539,525,33,63149.0,480.0,4.0,1393.4806157775931,397.5193842224068,4.0,77.80461282956968,80.11977690831955,74.90256135621807,77.63123207674613,77.85407330237287,,
ukehi_ritual_performer,cap_total_50,"All records, contribution capped at 50",539,525,33,63149.0,480.0,4.0,1826.7860805067849,447.21391949321514,4.0,80.33360072589203,80.11977690831955,75.7544980877178,80.19254084753226,80.368133472642,,
ukehi_ritual_performer,cap_total_200,"All records, contribution capped at 200",539,525,33,63149.0,480.0,4.0,2549.0,480.0,4.0,84.15318586992407,80.11977690831955,76.30666048001513,84.04220243982856,84.17408506429278,,
ushun_formulaic_daughter,all,All records,539,525,33,63149.0,479.0,4.0,63149.0,479.0,4.0,99.24718677311876,80.18326897181161,76.67605631303061,99.24094795071662,99.2472340960523,62670.0,131.83507306889354
ushun_formulaic_daughter,flag_filtered,Exclude extreme-count and cross-tradition flags,516,502,33,1615.0,464.0,4.0,1615.0,464.0,4.0,77.68157768157768,80.47648686896594,71.89102671882424,77.53240518482957,77.72443590974557,1151.0,3.480603448275862
ushun_formulaic_daughter,direct_filtered,"Flag-filtered, couple or unnamed-spouse rows",469,456,29,1180.0,302.0,4.0,1180.0,302.0,4.0,79.6221322537112,81.78944940029035,74.09939348184824,79.40780619111709,79.67698519515478,878.0,3.9072847682119205
ushun_formulaic_daughter,historical_filtered,"Flag-filtered, historical label only",104,103,2,201.0,127.0,0.0,201.0,127.0,0.0,61.28048780487805,71.87432578209277,64.66417910447761,61.28048780487805,61.28048780487805,74.0,1.5826771653543308
ushun_formulaic_daughter,without_alternatives,"Flag-filtered, omit all alternative-target rows",404,403,32,1081.0,328.0,4.0,1081.0,328.0,4.0,76.72107877927608,81.94101321892884,74.03256881107832,76.5038924274593,76.7869780608634,753.0,3.2957317073170733
ushun_formulaic_daughter,min_sexed_2,"Flag-filtered, at least 2 sex-specified children",271,271,26,1413.0,435.0,2.0,1413.0,435.0,2.0,76.46103896103897,74.53578010413615,73.05428530682023,76.37837837837837,76.48648648648648,978.0,3.2482758620689656
ushun_formulaic_daughter,min_sexed_5,"Flag-filtered, at least 5 sex-specified children",93,93,14,1059.0,309.0,2.0,1059.0,309.0,2.0,77.41228070175438,74.81214775864767,73.65794424299057,77.2992700729927,77.44525547445255,750.0,3.4271844660194173
ushun_formulaic_daughter,max_total_5,At most 5 recorded children per row,453,439,32,631.0,184.0,2.0,631.0,184.0,2.0,77.42331288343559,80.8466211085801,73.95296469068876,77.23378212974296,77.47858017135863,447.0,3.4293478260869565
ushun_formulaic_daughter,max_total_10,At most 10 recorded children per row,505,491,33,937.0,279.0,2.0,937.0,279.0,2.0,77.05592105263158,80.32190540846345,72.51840953663756,76.92939244663383,77.0935960591133,658.0,3.3584229390681
ushun_formulaic_daughter,max_total_20,At most 20 recorded children per row,520,506,33,1072.0,338.0,4.0,1072.0,338.0,4.0,76.02836879432624,80.01741725555955,72.69815256356006,75.81329561527582,76.0961810466761,734.0,3.171597633136095
ushun_formulaic_daughter,max_total_50,At most 50 recorded children per row,525,511,33,1188.0,385.0,4.0,1188.0,385.0,4.0,75.52447552447552,79.87992964615954,73.08211770236845,75.33291058972733,75.5865567533291,803.0,3.085714285714286
ushun_formulaic_daughter,max_total_100,At most 100 recorded children per row,534,520,33,1844.0,477.0,4.0,1844.0,477.0,4.0,79.44851357173631,79.99653155427096,75.6892900873025,79.31182795698925,79.48387096774194,1367.0,3.8658280922431865
ushun_formulaic_daughter,max_total_200,At most 200 recorded children per row,537,523,33,2149.0,479.0,4.0,2149.0,479.0,4.0,81.77321156773212,80.10748797361587,75.9287718114113,81.64893617021276,81.80091185410335,1670.0,4.48643006263048
ushun_formulaic_daughter,cap_total_10,"All records, contribution capped at 10",539,525,33,63149.0,479.0,4.0,1201.982732131221,352.90615675766804,3.111111111111111,77.30344854352572,80.18326897181161,74.44771951125581,77.14908421894872,77.3487704263371,,
ushun_formulaic_daughter,cap_total_20,"All records, contribution capped at 20",539,525,33,63149.0,479.0,4.0,1393.4806157775931,396.5193842224068,4.0,77.84807909372029,80.18326897181161,75.00357145722816,77.6745047813597,77.89747022171645,,
ushun_formulaic_daughter,cap_total_50,"All records, contribution capped at 50",539,525,33,63149.0,479.0,4.0,1826.7860805067849,446.21391949321514,4.0,80.36894326910624,80.18326897181161,75.85550818872791,80.22775935471168,80.40342909559881,,
ushun_formulaic_daughter,cap_total_200,"All records, contribution capped at 200",539,525,33,63149.0,479.0,4.0,2549.0,479.0,4.0,84.18097754293262,80.18326897181161,76.40767058102523,84.06992084432717,84.2018469656992,,
vasishtha_vishnu_names,all,All records,539,525,33,63149.0,480.0,4.0,63149.0,480.0,4.0,99.24562699398074,80.11977690831955,76.57504621202051,99.23938836767087,99.24567441421904,62669.0,131.56041666666667
vasishtha_vishnu_names,flag_filtered,Exclude extreme-count and cross-tradition flags,516,502,33,1615.0,465.0,4.0,1615.0,465.0,4.0,77.64423076923077,80.41008580654893,71.79001661781413,77.49520153550864,77.68714011516315,1150.0,3.4731182795698925
vasishtha_vishnu_names,direct_filtered,"Flag-filtered, couple or unnamed-spouse rows",469,456,29,1180.0,303.0,4.0,1180.0,303.0,4.0,79.56844234659474,81.71634998508569,73.9844509531126,79.35440484196369,79.62340282447882,877.0,3.8943894389438944
vasishtha_vishnu_names,historical_filtered,"Flag-filtered, historical label only",104,103,2,201.0,127.0,0.0,201.0,127.0,0.0,61.28048780487805,71.87432578209277,64.66417910447761,61.28048780487805,61.28048780487805,74.0,1.5826771653543308
vasishtha_vishnu_names,without_alternatives,"Flag-filtered, omit all alternative-target rows",404,403,32,1081.0,328.0,4.0,1081.0,328.0,4.0,76.72107877927608,81.94101321892884,74.03256881107832,76.5038924274593,76.7869780608634,753.0,3.2957317073170733
vasishtha_vishnu_names,min_sexed_2,"Flag-filtered, at least 2 sex-specified children",271,271,26,1413.0,436.0,2.0,1413.0,436.0,2.0,76.41968631692806,74.41277887412386,72.94939020192513,76.33711507293354,76.44516477579687,977.0,3.2408256880733943
vasishtha_vishnu_names,min_sexed_5,"Flag-filtered, at least 5 sex-specified children",93,93,14,1059.0,309.0,2.0,1059.0,309.0,2.0,77.41228070175438,74.81214775864767,73.65794424299057,77.2992700729927,77.44525547445255,750.0,3.4271844660194173
vasishtha_vishnu_names,max_total_5,At most 5 recorded children per row,453,439,32,631.0,185.0,2.0,631.0,185.0,2.0,77.32843137254902,80.77069096431283,73.56233969068876,77.13936430317848,77.38386308068459,446.0,3.4108108108108106
vasishtha_vishnu_names,max_total_10,At most 10 recorded children per row,505,491,33,937.0,280.0,2.0,937.0,280.0,2.0,76.99260476581759,80.2540167458701,72.41739943562746,76.86628383921247,77.03035274815423,657.0,3.3464285714285715
vasishtha_vishnu_names,max_total_20,At most 20 recorded children per row,520,506,33,1072.0,339.0,4.0,1072.0,339.0,4.0,75.97448618001417,79.95154110272686,72.59714246254995,75.75971731448763,76.04240282685512,733.0,3.162241887905605
vasishtha_vishnu_names,max_total_50,At most 50 recorded children per row,525,511,33,1188.0,386.0,4.0,1188.0,386.0,4.0,75.47649301143584,79.81469807407866,72.98110760135835,75.2851711026616,75.53865652724969,802.0,3.077720207253886
vasishtha_vishnu_names,max_total_100,At most 100 recorded children per row,534,520,33,1844.0,478.0,4.0,1844.0,478.0,4.0,79.41429801894918,79.93242899016839,75.58827998629239,79.27773000859845,79.44969905417025,1366.0,3.8577405857740588
vasishtha_vishnu_names,max_total_200,At most 200 recorded children per row,537,523,33,2149.0,480.0,4.0,2149.0,480.0,4.0,81.74210726511981,80.04375311064582,75.82776171040119,81.61792631978732,81.76984428408659,1669.0,4.477083333333334
vasishtha_vishnu_names,cap_total_10,"All records, contribution capped at 10",539,525,33,63149.0,480.0,4.0,1201.982732131221,353.90615675766804,3.111111111111111,77.25376411612504,80.11977690831955,74.34670941024571,77.09959795581918,77.299156077122,,
vasishtha_vishnu_names,cap_total_20,"All records, contribution capped at 20",539,525,33,63149.0,480.0,4.0,1393.4806157775931,397.5193842224068,4.0,77.80461282956968,80.11977690831955,74.90256135621807,77.63123207674613,77.85407330237287,,
vasishtha_vishnu_names,cap_total_50,"All records, contribution capped at 50",539,525,33,63149.0,480.0,4.0,1826.7860805067849,447.21391949321514,4.0,80.33360072589203,80.11977690831955,75.7544980877178,80.19254084753226,80.368133472642,,
vasishtha_vishnu_names,cap_total_200,"All records, contribution capped at 200",539,525,33,63149.0,480.0,4.0,2549.0,480.0,4.0,84.15318586992407,80.11977690831955,76.30666048001513,84.04220243982856,84.17408506429278,,
vasudeva_bhagavata_rosters,all,All records,539,525,33,63152.0,481.0,4.0,63152.0,481.0,4.0,99.244102902582,80.09596738451002,76.57328303372769,99.2378647642095,99.2441504156387,62671.0,131.2931392931393
vasudeva_bhagavata_rosters,flag_filtered,Exclude extreme-count and cross-tradition flags,516,502,33,1618.0,466.0,4.0,1618.0,466.0,4.0,77.63915547024952,80.38518540814256,71.78558818089661,77.4904214559387,77.68199233716476,1152.0,3.4721030042918457
vasudeva_bhagavata_rosters,direct_filtered,"Flag-filtered, couple or unnamed-spouse rows",469,456,29,1183.0,304.0,4.0,1183.0,304.0,4.0,79.55615332885003,81.68893770438393,73.97947508606777,79.34272300469483,79.6109993293092,879.0,3.8914473684210527
vasudeva_bhagavata_rosters,historical_filtered,"Flag-filtered, historical label only",104,103,2,201.0,127.0,0.0,201.0,127.0,0.0,61.28048780487805,71.87432578209277,64.66417910447761,61.28048780487805,61.28048780487805,74.0,1.5826771653543308
vasudeva_bhagavata_rosters,without_alternatives,"Flag-filtered, omit all alternative-target rows",404,403,32,1081.0,328.0,4.0,1081.0,328.0,4.0,76.72107877927608,81.94101321892884,74.03256881107832,76.5038924274593,76.7869780608634,753.0,3.2957317073170733
vasudeva_bhagavata_rosters,min_sexed_2,"Flag-filtered, at least 2 sex-specified children",271,271,26,1416.0,437.0,2.0,1416.0,437.0,2.0,76.41662169454938,74.36665341286924,72.94330176300087,76.33423180592992,76.44204851752022,979.0,3.240274599542334
vasudeva_bhagavata_rosters,min_sexed_5,"Flag-filtered, at least 5 sex-specified children",94,94,14,1066.0,310.0,2.0,1066.0,310.0,2.0,77.47093023255815,74.94712491015142,73.6626250143817,77.35849056603773,77.50362844702467,756.0,3.4387096774193546
vasudeva_bhagavata_rosters,max_total_5,At most 5 recorded children per row,452,438,32,627.0,185.0,2.0,627.0,185.0,2.0,77.21674876847291,80.7267884322679,73.54914654300669,77.02702702702703,77.27272727272727,442.0,3.389189189189189
vasudeva_bhagavata_rosters,max_total_10,At most 10 recorded children per row,505,491,33,940.0,281.0,2.0,940.0,281.0,2.0,76.98607698607698,80.2285584973976,72.40987161464757,76.86017988552739,77.02371218315618,659.0,3.3451957295373664
vasudeva_bhagavata_rosters,max_total_20,At most 20 recorded children per row,520,506,33,1075.0,340.0,4.0,1075.0,340.0,4.0,75.97173144876325,79.92683754541461,72.59271402563242,75.75757575757575,76.03946441155743,735.0,3.161764705882353
vasudeva_bhagavata_rosters,max_total_50,At most 50 recorded children per row,525,511,33,1191.0,387.0,4.0,1191.0,387.0,4.0,75.47528517110266,79.79023623454833,72.97667916444084,75.28445006321112,75.53729456384323,804.0,3.0775193798449614
vasudeva_bhagavata_rosters,max_total_100,At most 100 recorded children per row,534,520,33,1847.0,479.0,4.0,1847.0,479.0,4.0,79.4067067927773,79.90839052862994,75.58385154937488,79.27038626609442,79.44206008583691,1368.0,3.855949895615866
vasudeva_bhagavata_rosters,max_total_200,At most 200 recorded children per row,537,523,33,2152.0,481.0,4.0,2152.0,481.0,4.0,81.73186479301178,80.01985253703205,75.82391834946709,81.60788775123247,81.75957527493364,1671.0,4.474012474012474
vasudeva_bhagavata_rosters,cap_total_10,"All records, contribution capped at 10",539,525,33,63152.0,481.0,4.0,1204.982732131221,354.90615675766804,3.111111111111111,77.24798482214537,80.09596738451002,74.34184874787654,77.0942247044927,77.29327212043071,,
vasudeva_bhagavata_rosters,cap_total_20,"All records, contribution capped at 20",539,525,33,63152.0,481.0,4.0,1396.4806157775931,398.5193842224068,4.0,77.79836299596619,80.09596738451002,74.89817785986145,77.625381644113,77.84772739175058,,
vasudeva_bhagavata_rosters,cap_total_50,"All records, contribution capped at 50",539,525,33,63152.0,481.0,4.0,1829.7860805067849,448.21391949321514,4.0,80.32423531636456,80.09596738451002,75.75041921381649,80.18343911072677,80.35872394858829,,
vasudeva_bhagavata_rosters,cap_total_200,"All records, contribution capped at 200",539,525,33,63152.0,481.0,4.0,2552.0,481.0,4.0,84.14111440817672,80.09596738451002,76.30348331411196,84.0302930523543,84.16200197563384,,
vibhishana_valmiki_daughter,all,All records,539,525,33,63149.0,480.0,4.0,63149.0,480.0,4.0,99.24562699398074,80.11977690831955,76.57504621202051,99.23938836767087,99.24567441421904,62669.0,131.56041666666667
vibhishana_valmiki_daughter,flag_filtered,Exclude extreme-count and cross-tradition flags,516,502,33,1615.0,465.0,4.0,1615.0,465.0,4.0,77.64423076923077,80.41008580654893,71.79001661781413,77.49520153550864,77.68714011516315,1150.0,3.4731182795698925
vibhishana_valmiki_daughter,direct_filtered,"Flag-filtered, couple or unnamed-spouse rows",469,456,29,1180.0,303.0,4.0,1180.0,303.0,4.0,79.56844234659474,81.71634998508569,73.9844509531126,79.35440484196369,79.62340282447882,877.0,3.8943894389438944
vibhishana_valmiki_daughter,historical_filtered,"Flag-filtered, historical label only",104,103,2,201.0,127.0,0.0,201.0,127.0,0.0,61.28048780487805,71.87432578209277,64.66417910447761,61.28048780487805,61.28048780487805,74.0,1.5826771653543308
vibhishana_valmiki_daughter,without_alternatives,"Flag-filtered, omit all alternative-target rows",404,403,32,1081.0,328.0,4.0,1081.0,328.0,4.0,76.72107877927608,81.94101321892884,74.03256881107832,76.5038924274593,76.7869780608634,753.0,3.2957317073170733
vibhishana_valmiki_daughter,min_sexed_2,"Flag-filtered, at least 2 sex-specified children",271,271,26,1413.0,436.0,2.0,1413.0,436.0,2.0,76.41968631692806,74.41277887412386,72.94939020192513,76.33711507293354,76.44516477579687,977.0,3.2408256880733943
vibhishana_valmiki_daughter,min_sexed_5,"Flag-filtered, at least 5 sex-specified children",93,93,14,1059.0,309.0,2.0,1059.0,309.0,2.0,77.41228070175438,74.81214775864767,73.65794424299057,77.2992700729927,77.44525547445255,750.0,3.4271844660194173
vibhishana_valmiki_daughter,max_total_5,At most 5 recorded children per row,453,439,32,631.0,185.0,2.0,631.0,185.0,2.0,77.32843137254902,80.77069096431283,73.56233969068876,77.13936430317848,77.38386308068459,446.0,3.4108108108108106
vibhishana_valmiki_daughter,max_total_10,At most 10 recorded children per row,505,491,33,937.0,280.0,2.0,937.0,280.0,2.0,76.99260476581759,80.2540167458701,72.41739943562746,76.86628383921247,77.03035274815423,657.0,3.3464285714285715
vibhishana_valmiki_daughter,max_total_20,At most 20 recorded children per row,520,506,33,1072.0,339.0,4.0,1072.0,339.0,4.0,75.97448618001417,79.95154110272686,72.59714246254995,75.75971731448763,76.04240282685512,733.0,3.162241887905605
vibhishana_valmiki_daughter,max_total_50,At most 50 recorded children per row,525,511,33,1188.0,386.0,4.0,1188.0,386.0,4.0,75.47649301143584,79.81469807407866,72.98110760135835,75.2851711026616,75.53865652724969,802.0,3.077720207253886
vibhishana_valmiki_daughter,max_total_100,At most 100 recorded children per row,534,520,33,1844.0,478.0,4.0,1844.0,478.0,4.0,79.41429801894918,79.93242899016839,75.58827998629239,79.27773000859845,79.44969905417025,1366.0,3.8577405857740588
vibhishana_valmiki_daughter,max_total_200,At most 200 recorded children per row,537,523,33,2149.0,480.0,4.0,2149.0,480.0,4.0,81.74210726511981,80.04375311064582,75.82776171040119,81.61792631978732,81.76984428408659,1669.0,4.477083333333334
vibhishana_valmiki_daughter,cap_total_10,"All records, contribution capped at 10",539,525,33,63149.0,480.0,4.0,1201.982732131221,353.90615675766804,3.111111111111111,77.25376411612504,80.11977690831955,74.34670941024571,77.09959795581918,77.299156077122,,
vibhishana_valmiki_daughter,cap_total_20,"All records, contribution capped at 20",539,525,33,63149.0,480.0,4.0,1393.4806157775931,397.5193842224068,4.0,77.80461282956968,80.11977690831955,74.90256135621807,77.63123207674613,77.85407330237287,,
vibhishana_valmiki_daughter,cap_total_50,"All records, contribution capped at 50",539,525,33,63149.0,480.0,4.0,1826.7860805067849,447.21391949321514,4.0,80.33360072589203,80.11977690831955,75.7544980877178,80.19254084753226,80.368133472642,,
vibhishana_valmiki_daughter,cap_total_200,"All records, contribution capped at 200",539,525,33,63149.0,480.0,4.0,2549.0,480.0,4.0,84.15318586992407,80.11977690831955,76.30666048001513,84.04220243982856,84.17408506429278,,
vinata_mahabharata_six,all,All records,539,525,33,63153.0,480.0,4.0,63153.0,480.0,4.0,99.24567441421904,80.11977690831955,76.57504626573846,99.2394361770668,99.245721828496,62673.0,131.56875
vinata_mahabharata_six,flag_filtered,Exclude extreme-count and cross-tradition flags,516,502,33,1619.0,465.0,4.0,1619.0,465.0,4.0,77.68714011516315,80.41008580654893,71.81625300768688,77.53831417624521,77.72988505747126,1154.0,3.481720430107527
vinata_mahabharata_six,direct_filtered,"Flag-filtered, couple or unnamed-spouse rows",469,456,29,1184.0,303.0,4.0,1184.0,303.0,4.0,79.62340282447882,81.71634998508569,74.01430615538159,79.40979208584842,79.67806841046277,881.0,3.907590759075908
vinata_mahabharata_six,historical_filtered,"Flag-filtered, historical label only",104,103,2,201.0,127.0,0.0,201.0,127.0,0.0,61.28048780487805,71.87432578209277,64.66417910447761,61.28048780487805,61.28048780487805,74.0,1.5826771653543308
vinata_mahabharata_six,without_alternatives,"Flag-filtered, omit all alternative-target rows",404,403,32,1081.0,328.0,4.0,1081.0,328.0,4.0,76.72107877927608,81.94101321892884,74.03256881107832,76.5038924274593,76.7869780608634,753.0,3.2957317073170733
vinata_mahabharata_six,min_sexed_2,"Flag-filtered, at least 2 sex-specified children",271,271,26,1417.0,436.0,2.0,1417.0,436.0,2.0,76.47058823529412,74.41277887412386,72.98602023855517,76.38814016172506,76.49595687331536,981.0,3.25
vinata_mahabharata_six,min_sexed_5,"Flag-filtered, at least 5 sex-specified children",94,94,14,1065.0,309.0,2.0,1065.0,309.0,2.0,77.51091703056768,75.08010363355567,73.7768473617203,77.39825581395348,77.5436046511628,756.0,3.4466019417475726
vinata_mahabharata_six,max_total_5,At most 5 recorded children per row,452,438,32,629.0,185.0,2.0,629.0,185.0,2.0,77.27272727272727,80.7267884322679,73.51534720948575,77.08333333333333,77.32843137254902,444.0,3.4
vinata_mahabharata_six,max_total_10,At most 10 recorded children per row,505,491,33,941.0,280.0,2.0,941.0,280.0,2.0,77.06797706797707,80.2540167458701,72.50922680018209,76.94194603434178,77.10547833197056,661.0,3.3607142857142858
vinata_mahabharata_six,max_total_20,At most 20 recorded children per row,520,506,33,1076.0,339.0,4.0,1076.0,339.0,4.0,76.04240282685512,79.95154110272686,72.68896982710459,75.82804792107117,76.10993657505286,737.0,3.174041297935103
vinata_mahabharata_six,max_total_50,At most 50 recorded children per row,525,511,33,1192.0,386.0,4.0,1192.0,386.0,4.0,75.53865652724969,79.81469807407866,73.00734399123111,75.34766118836916,75.60050568900127,806.0,3.088082901554404
vinata_mahabharata_six,max_total_100,At most 100 recorded children per row,534,520,33,1848.0,478.0,4.0,1848.0,478.0,4.0,79.44969905417025,79.93242899016839,75.61451637616514,79.31330472103004,79.48497854077253,1370.0,3.8661087866108788
vinata_mahabharata_six,max_total_200,At most 200 recorded children per row,537,523,33,2153.0,480.0,4.0,2153.0,480.0,4.0,81.76984428408659,80.04375311064582,75.85399810027394,81.64580963215775,81.79749715585893,1673.0,4.485416666666667
vinata_mahabharata_six,cap_total_10,"All records, contribution capped at 10",539,525,33,63153.0,480.0,4.0,1205.982732131221,353.90615675766804,3.111111111111111,77.31209195228284,80.11977690831955,74.39127269010311,77.15820423104421,77.35725164698222,,
vinata_mahabharata_six,cap_total_20,"All records, contribution capped at 20",539,525,33,63153.0,480.0,4.0,1397.4806157775931,397.5193842224068,4.0,77.85407330237287,80.11977690831955,74.92879774609082,77.6809680810224,77.90331382865998,,
vinata_mahabharata_six,cap_total_50,"All records, contribution capped at 50",539,525,33,63153.0,480.0,4.0,1830.7860805067849,447.21391949321514,4.0,80.368133472642,80.11977690831955,75.76498583344241,80.22726032019214,80.40254515805367,,
vinata_mahabharata_six,cap_total_200,"All records, contribution capped at 200",539,525,33,63153.0,480.0,4.0,2553.0,480.0,4.0,84.17408506429278,80.11977690831955,76.30903160914681,84.06322028317419,84.19492920645374,,
vishwamitra_bhagavata_household,all,All records,539,525,33,63146.0,480.0,4.0,63146.0,480.0,4.0,99.2455914248892,80.11977690831955,76.57339340531861,99.23935250667924,99.24563884959925,62666.0,131.55416666666667
vishwamitra_bhagavata_household,flag_filtered,Exclude extreme-count and cross-tradition flags,516,502,33,1615.0,465.0,4.0,1615.0,465.0,4.0,77.64423076923077,80.41008580654893,71.79001661781413,77.49520153550864,77.68714011516315,1150.0,3.4731182795698925
vishwamitra_bhagavata_household,direct_filtered,"Flag-filtered, couple or unnamed-spouse rows",469,456,29,1180.0,303.0,4.0,1180.0,303.0,4.0,79.56844234659474,81.71634998508569,73.9844509531126,79.35440484196369,79.62340282447882,877.0,3.8943894389438944
vishwamitra_bhagavata_household,historical_filtered,"Flag-filtered, historical label only",104,103,2,201.0,127.0,0.0,201.0,127.0,0.0,61.28048780487805,71.87432578209277,64.66417910447761,61.28048780487805,61.28048780487805,74.0,1.5826771653543308
vishwamitra_bhagavata_household,without_alternatives,"Flag-filtered, omit all alternative-target rows",404,403,32,1081.0,328.0,4.0,1081.0,328.0,4.0,76.72107877927608,81.94101321892884,74.03256881107832,76.5038924274593,76.7869780608634,753.0,3.2957317073170733
vishwamitra_bhagavata_household,min_sexed_2,"Flag-filtered, at least 2 sex-specified children",271,271,26,1413.0,436.0,2.0,1413.0,436.0,2.0,76.41968631692806,74.41277887412386,72.94939020192513,76.33711507293354,76.44516477579687,977.0,3.2408256880733943
vishwamitra_bhagavata_household,min_sexed_5,"Flag-filtered, at least 5 sex-specified children",93,93,14,1059.0,309.0,2.0,1059.0,309.0,2.0,77.41228070175438,74.81214775864767,73.65794424299057,77.2992700729927,77.44525547445255,750.0,3.4271844660194173
vishwamitra_bhagavata_household,max_total_5,At most 5 recorded children per row,453,439,32,631.0,185.0,2.0,631.0,185.0,2.0,77.32843137254902,80.77069096431283,73.56233969068876,77.13936430317848,77.38386308068459,446.0,3.4108108108108106
vishwamitra_bhagavata_household,max_total_10,At most 10 recorded children per row,505,491,33,937.0,280.0,2.0,937.0,280.0,2.0,76.99260476581759,80.2540167458701,72.41739943562746,76.86628383921247,77.03035274815423,657.0,3.3464285714285715
vishwamitra_bhagavata_household,max_total_20,At most 20 recorded children per row,520,506,33,1072.0,339.0,4.0,1072.0,339.0,4.0,75.97448618001417,79.95154110272686,72.59714246254995,75.75971731448763,76.04240282685512,733.0,3.162241887905605
vishwamitra_bhagavata_household,max_total_50,At most 50 recorded children per row,525,511,33,1188.0,386.0,4.0,1188.0,386.0,4.0,75.47649301143584,79.81469807407866,72.98110760135835,75.2851711026616,75.53865652724969,802.0,3.077720207253886
vishwamitra_bhagavata_household,max_total_100,At most 100 recorded children per row,534,520,33,1844.0,478.0,4.0,1844.0,478.0,4.0,79.41429801894918,79.93242899016839,75.58827998629239,79.27773000859845,79.44969905417025,1366.0,3.8577405857740588
vishwamitra_bhagavata_household,max_total_200,At most 200 recorded children per row,537,523,33,2146.0,480.0,4.0,2146.0,480.0,4.0,81.72124904798171,80.04375311064582,75.8261089036993,81.59695817490494,81.74904942965779,1666.0,4.470833333333333
vishwamitra_bhagavata_household,cap_total_10,"All records, contribution capped at 10",539,525,33,63146.0,480.0,4.0,1201.982732131221,353.90615675766804,3.111111111111111,77.25376411612504,80.11977690831955,74.34670941024571,77.09959795581918,77.299156077122,,
vishwamitra_bhagavata_household,cap_total_20,"All records, contribution capped at 20",539,525,33,63146.0,480.0,4.0,1393.4806157775931,397.5193842224068,4.0,77.80461282956968,80.11977690831955,74.90256135621807,77.63123207674613,77.85407330237287,,
vishwamitra_bhagavata_household,cap_total_50,"All records, contribution capped at 50",539,525,33,63146.0,480.0,4.0,1826.7860805067849,447.21391949321514,4.0,80.33360072589203,80.11977690831955,75.7544980877178,80.19254084753226,80.368133472642,,
vishwamitra_bhagavata_household,cap_total_200,"All records, contribution capped at 200",539,525,33,63146.0,480.0,4.0,2546.0,480.0,4.0,84.13747521480502,80.11977690831955,76.30500767331323,84.02640264026402,84.15841584158416,,
vulcan_cicero_jupiter,all,All records,539,524,33,63149.0,480.0,4.0,63149.0,480.0,4.0,99.24562699398074,80.11364416705044,76.57504621202051,99.23938836767087,99.24567441421904,62669.0,131.56041666666667
vulcan_cicero_jupiter,flag_filtered,Exclude extreme-count and cross-tradition flags,516,502,33,1615.0,465.0,4.0,1615.0,465.0,4.0,77.64423076923077,80.41008580654893,71.79001661781413,77.49520153550864,77.68714011516315,1150.0,3.4731182795698925
vulcan_cicero_jupiter,direct_filtered,"Flag-filtered, couple or unnamed-spouse rows",469,456,29,1180.0,303.0,4.0,1180.0,303.0,4.0,79.56844234659474,81.71634998508569,73.9844509531126,79.35440484196369,79.62340282447882,877.0,3.8943894389438944
vulcan_cicero_jupiter,historical_filtered,"Flag-filtered, historical label only",104,103,2,201.0,127.0,0.0,201.0,127.0,0.0,61.28048780487805,71.87432578209277,64.66417910447761,61.28048780487805,61.28048780487805,74.0,1.5826771653543308
vulcan_cicero_jupiter,without_alternatives,"Flag-filtered, omit all alternative-target rows",404,403,32,1081.0,328.0,4.0,1081.0,328.0,4.0,76.72107877927608,81.94101321892884,74.03256881107832,76.5038924274593,76.7869780608634,753.0,3.2957317073170733
vulcan_cicero_jupiter,min_sexed_2,"Flag-filtered, at least 2 sex-specified children",271,271,26,1413.0,436.0,2.0,1413.0,436.0,2.0,76.41968631692806,74.41277887412386,72.94939020192513,76.33711507293354,76.44516477579687,977.0,3.2408256880733943
vulcan_cicero_jupiter,min_sexed_5,"Flag-filtered, at least 5 sex-specified children",93,93,14,1059.0,309.0,2.0,1059.0,309.0,2.0,77.41228070175438,74.81214775864767,73.65794424299057,77.2992700729927,77.44525547445255,750.0,3.4271844660194173
vulcan_cicero_jupiter,max_total_5,At most 5 recorded children per row,453,438,32,631.0,185.0,2.0,631.0,185.0,2.0,77.32843137254902,80.7648401826484,73.56233969068876,77.13936430317848,77.38386308068459,446.0,3.4108108108108106
vulcan_cicero_jupiter,max_total_10,At most 10 recorded children per row,505,490,33,937.0,280.0,2.0,937.0,280.0,2.0,76.99260476581759,80.24773242630386,72.41739943562746,76.86628383921247,77.03035274815423,657.0,3.3464285714285715
vulcan_cicero_jupiter,max_total_20,At most 20 recorded children per row,520,505,33,1072.0,339.0,4.0,1072.0,339.0,4.0,75.97448618001417,79.94484448444845,72.59714246254995,75.75971731448763,76.04240282685512,733.0,3.162241887905605
vulcan_cicero_jupiter,max_total_50,At most 50 recorded children per row,525,510,33,1188.0,386.0,4.0,1188.0,386.0,4.0,75.47649301143584,79.8077987892566,72.98110760135835,75.2851711026616,75.53865652724969,802.0,3.077720207253886
vulcan_cicero_jupiter,max_total_100,At most 100 recorded children per row,534,519,33,1844.0,478.0,4.0,1844.0,478.0,4.0,79.41429801894918,79.92587618796576,75.58827998629239,79.27773000859845,79.44969905417025,1366.0,3.8577405857740588
vulcan_cicero_jupiter,max_total_200,At most 200 recorded children per row,537,522,33,2149.0,480.0,4.0,2149.0,480.0,4.0,81.74210726511981,80.03745123282458,75.82776171040119,81.61792631978732,81.76984428408659,1669.0,4.477083333333334
vulcan_cicero_jupiter,cap_total_10,"All records, contribution capped at 10",539,524,33,63149.0,480.0,4.0,1201.982732131221,353.90615675766804,3.111111111111111,77.25376411612504,80.11364416705044,74.34670941024571,77.09959795581918,77.299156077122,,
vulcan_cicero_jupiter,cap_total_20,"All records, contribution capped at 20",539,524,33,63149.0,480.0,4.0,1393.4806157775931,397.5193842224068,4.0,77.80461282956968,80.11364416705044,74.90256135621807,77.63123207674613,77.85407330237287,,
vulcan_cicero_jupiter,cap_total_50,"All records, contribution capped at 50",539,524,33,63149.0,480.0,4.0,1826.7860805067849,447.21391949321514,4.0,80.33360072589203,80.11364416705044,75.7544980877178,80.19254084753226,80.368133472642,,
vulcan_cicero_jupiter,cap_total_200,"All records, contribution capped at 200",539,524,33,63149.0,480.0,4.0,2549.0,480.0,4.0,84.15318586992407,80.11364416705044,76.30666048001513,84.04220243982856,84.17408506429278,,
