version,scope,upper_percentile,cap_total,cutoff_observations,capped_rows,rows,sexed_rows,source_categories,sons,daughters,unknown_sex,weighted_sons,weighted_daughters,weighted_unknown_sex,male_pct,equal_record_pct,equal_category_pct,unknown_all_daughters_pct,unknown_all_sons_pct,extra_daughters_for_parity,daughters_multiplier_for_parity
current,all,90,8,526,51,539,525,33,63149,480,4,1124.3639634827546,333.74714762835663,2.888888888888889,77.11099345686802,80.11977690831955,74.22625883613404,76.95851906110572,77.15625272906526,,
current,all,95,13,526,25,539,525,33,63149,480,4,1273.2957335887688,374.25982196678666,3.4444444444444446,77.28393311504531,80.11977690831955,74.5347962532201,77.12269737060987,77.33132513829275,,
current,all,99,100,526,5,539,525,33,63149,480,4,2342.019801980198,479.98019801980195,4,82.99148837633587,80.11977690831955,76.1801709407023,82.87401988606504,83.01556270276708,,
current,flag_filtered,90,7,503,48,516,502,33,1615,465,4,1007.7770819087962,308.4451403134259,2.7777777777777777,76.56587655900022,80.41008580654893,71.32749401432531,76.40463092561002,76.61522817942183,,
current,flag_filtered,95,10.899999999999977,503,26,516,502,33,1615,465,4,1120.956019607189,348.2328692816996,3.2111111111111086,76.29761074867238,80.41008580654893,71.17438368557312,76.13121567557657,76.34930254810516,,
current,flag_filtered,99,59.820000000000164,503,6,516,502,33,1615,465,4,1496.4664211737636,445.4535788262372,4,77.06117765787278,80.41008580654893,71.72959650244434,76.90277201394522,77.10833031027806,,
current,historical_filtered,90,6.799999999999997,103,11,104,103,2,201,127,0,178.7611111111111,100.03888888888888,0,64.11804559222064,71.87432578209277,66.69173542795976,64.11804559222064,64.11804559222064,,
current,historical_filtered,95,7.8999999999999915,103,6,104,103,2,201,127,0,182.23591269841268,104.16408730158726,0,63.62985778575864,71.87432578209277,66.27864893912049,63.62985778575864,63.62985778575864,,
current,historical_filtered,99,13.980000000000004,103,2,104,103,2,201,127,0,190.58738095238095,115.37261904761905,0,62.29160052045396,71.87432578209277,65.20559866490099,62.29160052045396,62.29160052045396,,
aeneas_livy_lavinia,all,90,8,526,51,539,525,33,63149,480,4,1124.3639634827546,333.74714762835663,2.888888888888889,77.11099345686802,80.11977690831955,74.22625883613404,76.95851906110572,77.15625272906526,,
aeneas_livy_lavinia,all,95,13,526,25,539,525,33,63149,480,4,1273.2957335887688,374.25982196678666,3.4444444444444446,77.28393311504531,80.11977690831955,74.5347962532201,77.12269737060987,77.33132513829275,,
aeneas_livy_lavinia,all,99,100,526,5,539,525,33,63149,480,4,2342.019801980198,479.98019801980195,4,82.99148837633587,80.11977690831955,76.1801709407023,82.87401988606504,83.01556270276708,,
aeneas_livy_lavinia,flag_filtered,90,7,503,48,516,502,33,1615,465,4,1007.7770819087962,308.4451403134259,2.7777777777777777,76.56587655900022,80.41008580654893,71.32749401432531,76.40463092561002,76.61522817942183,,
aeneas_livy_lavinia,flag_filtered,95,10.899999999999977,503,26,516,502,33,1615,465,4,1120.956019607189,348.2328692816996,3.2111111111111086,76.29761074867238,80.41008580654893,71.17438368557312,76.13121567557657,76.34930254810516,,
aeneas_livy_lavinia,flag_filtered,99,59.820000000000164,503,6,516,502,33,1615,465,4,1496.4664211737636,445.4535788262372,4,77.06117765787278,80.41008580654893,71.72959650244434,76.90277201394522,77.10833031027806,,
aeneas_livy_lavinia,historical_filtered,90,6.799999999999997,103,11,104,103,2,201,127,0,178.7611111111111,100.03888888888888,0,64.11804559222064,71.87432578209277,66.69173542795976,64.11804559222064,64.11804559222064,,
aeneas_livy_lavinia,historical_filtered,95,7.8999999999999915,103,6,104,103,2,201,127,0,182.23591269841268,104.16408730158726,0,63.62985778575864,71.87432578209277,66.27864893912049,63.62985778575864,63.62985778575864,,
aeneas_livy_lavinia,historical_filtered,99,13.980000000000004,103,2,104,103,2,201,127,0,190.58738095238095,115.37261904761905,0,62.29160052045396,71.87432578209277,65.20559866490099,62.29160052045396,62.29160052045396,,
ali_irshad_27,all,90,8,524,51,539,523,33,63146,477,4,1121.3639634827546,332.74714762835663,2.888888888888889,77.11680042289899,80.21583724066494,74.22027180058002,76.96389591508266,77.16217243456715,,
ali_irshad_27,all,95,12.849999999999966,524,27,539,523,33,63146,477,4,1267.084628970436,370.4375932517851,3.427777777777774,77.37816389758193,80.21583724066494,74.53574260548159,77.21652877725933,77.42541861410857,,
ali_irshad_27,all,99,100,524,5,539,523,33,63146,477,4,2339.019801980198,476.98019801980195,4,83.06178274077408,80.21583724066494,76.18640054473907,82.94396460922688,83.08580858085809,,
ali_irshad_27,flag_filtered,90,7,501,48,516,500,33,1612,462,4,1004.7770819087962,307.4451403134259,2.7777777777777777,76.57064976442985,80.51172614977513,71.32153141985634,76.40890356720882,76.62014142103224,,
ali_irshad_27,flag_filtered,95,11,501,21,516,500,33,1612,462,4,1119.8088271265212,347.9689506512567,3.2222222222222223,76.2928042705427,80.51172614977513,71.16898128823676,76.12568505278867,76.34473482996216,,
ali_irshad_27,flag_filtered,99,60,501,5,516,500,33,1612,462,4,1494.331415420023,442.66858457997694,4,77.14669155498312,80.51172614977513,71.73608538683031,76.98770816177347,77.19378750231958,,
ali_irshad_27,historical_filtered,90,7,101,6,104,101,2,198,124,0,176.93055555555554,100.06944444444444,0,63.87384677095868,72.20847084708471,66.53326023391813,63.87384677095868,63.87384677095868,,
ali_irshad_27,historical_filtered,95,8,101,4,104,101,2,198,124,0,179.4920634920635,103.5079365079365,0,63.42475741769028,72.20847084708471,66.12084169555433,63.42475741769028,63.42475741769028,,
ali_irshad_27,historical_filtered,99,14,101,1,104,101,2,198,124,0,187.61111111111111,112.38888888888889,0,62.537037037037045,72.20847084708471,65.33564814814815,62.537037037037045,62.537037037037045,,
aniruddha_wilson_mother,all,90,8,526,51,539,525,33,63149,480,4,1124.3639634827546,333.74714762835663,2.888888888888889,77.11099345686802,80.11977690831955,74.22625883613404,76.95851906110572,77.15625272906526,,
aniruddha_wilson_mother,all,95,13,526,25,539,525,33,63149,480,4,1273.2957335887688,374.25982196678666,3.4444444444444446,77.28393311504531,80.11977690831955,74.5347962532201,77.12269737060987,77.33132513829275,,
aniruddha_wilson_mother,all,99,100,526,5,539,525,33,63149,480,4,2342.019801980198,479.98019801980195,4,82.99148837633587,80.11977690831955,76.1801709407023,82.87401988606504,83.01556270276708,,
aniruddha_wilson_mother,flag_filtered,90,7,503,48,516,502,33,1615,465,4,1007.7770819087962,308.4451403134259,2.7777777777777777,76.56587655900022,80.41008580654893,71.32749401432531,76.40463092561002,76.61522817942183,,
aniruddha_wilson_mother,flag_filtered,95,10.899999999999977,503,26,516,502,33,1615,465,4,1120.956019607189,348.2328692816996,3.2111111111111086,76.29761074867238,80.41008580654893,71.17438368557312,76.13121567557657,76.34930254810516,,
aniruddha_wilson_mother,flag_filtered,99,59.820000000000164,503,6,516,502,33,1615,465,4,1496.4664211737636,445.4535788262372,4,77.06117765787278,80.41008580654893,71.72959650244434,76.90277201394522,77.10833031027806,,
aniruddha_wilson_mother,historical_filtered,90,6.799999999999997,103,11,104,103,2,201,127,0,178.7611111111111,100.03888888888888,0,64.11804559222064,71.87432578209277,66.69173542795976,64.11804559222064,64.11804559222064,,
aniruddha_wilson_mother,historical_filtered,95,7.8999999999999915,103,6,104,103,2,201,127,0,182.23591269841268,104.16408730158726,0,63.62985778575864,71.87432578209277,66.27864893912049,63.62985778575864,63.62985778575864,,
aniruddha_wilson_mother,historical_filtered,99,13.980000000000004,103,2,104,103,2,201,127,0,190.58738095238095,115.37261904761905,0,62.29160052045396,71.87432578209277,65.20559866490099,62.29160052045396,62.29160052045396,,
aphrodite_hesiod_two,all,90,8,526,51,539,525,33,63148,480,4,1123.3639634827546,333.74714762835663,2.888888888888889,77.09528497288997,80.10390389244654,74.20538517119257,76.9427372248462,77.1406063268249,,
aphrodite_hesiod_two,all,95,13,526,25,539,525,33,63148,480,4,1272.2957335887688,374.25982196678666,3.4444444444444446,77.2701370018147,80.10390389244654,74.5136715445954,77.10883233871327,77.31758654746747,,
aphrodite_hesiod_two,all,99,100,526,5,539,525,33,63148,480,4,2341.019801980198,479.98019801980195,4,82.98545912726685,80.10390389244654,76.15904623207759,82.8679575922194,83.00955051257338,,
aphrodite_hesiod_two,flag_filtered,90,7,503,48,516,502,33,1614,465,4,1006.7770819087962,308.4451403134259,2.7777777777777777,76.54805894381317,80.39348554094468,71.30671798536694,76.38672852115296,76.59748556043809,,
aphrodite_hesiod_two,flag_filtered,95,10.899999999999977,503,26,516,502,33,1614,465,4,1119.956019607189,348.2328692816996,3.2111111111111086,76.28146678420657,80.39348554094468,71.15332180002392,76.11499385667999,76.33322894646597,,
aphrodite_hesiod_two,flag_filtered,99,59.820000000000164,503,6,516,502,33,1614,465,4,1495.4664211737636,445.4535788262372,4,77.04935912730885,80.39348554094468,71.70847179381963,76.89089634400196,77.09656033018135,,
aphrodite_hesiod_two,historical_filtered,90,6.799999999999997,103,11,104,103,2,201,127,0,178.7611111111111,100.03888888888888,0,64.11804559222064,71.87432578209277,66.69173542795976,64.11804559222064,64.11804559222064,,
aphrodite_hesiod_two,historical_filtered,95,7.8999999999999915,103,6,104,103,2,201,127,0,182.23591269841268,104.16408730158726,0,63.62985778575864,71.87432578209277,66.27864893912049,63.62985778575864,63.62985778575864,,
aphrodite_hesiod_two,historical_filtered,99,13.980000000000004,103,2,104,103,2,201,127,0,190.58738095238095,115.37261904761905,0,62.29160052045396,71.87432578209277,65.20559866490099,62.29160052045396,62.29160052045396,,
arthur_geoffrey_genealogy,all,90,8,526,51,539,525,33,63149,481,4,1124.3639634827546,334.74714762835663,2.888888888888889,77.05814553262861,80.02453881308146,73.46868307855827,76.90587985518157,77.1034782743942,,
arthur_geoffrey_genealogy,all,95,13,526,25,539,525,33,63149,481,4,1273.2957335887688,375.25982196678666,3.4444444444444446,77.2370533281588,80.02453881308146,73.77722049564434,77.07601292910223,77.28451440879016,,
arthur_geoffrey_genealogy,all,99,100,526,5,539,525,33,63149,481,4,2342.019801980198,480.98019801980195,4,82.96209004534884,80.02453881308146,75.42259518312653,82.84470470393343,82.98619745243006,,
arthur_geoffrey_genealogy,flag_filtered,90,7,503,48,516,502,33,1615,466,4,1007.7770819087962,309.4451403134259,2.7777777777777777,76.50774978641219,80.31048421292344,70.56991825674956,76.34674862945425,76.55718633989197,,
arthur_geoffrey_genealogy,flag_filtered,95,10.899999999999977,503,26,516,502,33,1615,466,4,1120.956019607189,349.2328692816996,3.2111111111111086,76.24571428058907,80.31048421292344,70.41680792799737,76.07954524278468,76.29748409924666,,
arthur_geoffrey_genealogy,flag_filtered,99,59.820000000000164,503,6,516,502,33,1615,466,4,1496.4664211737636,446.4535788262372,4,77.02151509963163,80.31048421292344,70.97202074486859,76.86327230568092,77.06872502073855,,
arthur_geoffrey_genealogy,historical_filtered,90,6.799999999999997,103,11,104,103,2,201,127,0,178.7611111111111,100.03888888888888,0,64.11804559222064,71.87432578209277,66.69173542795976,64.11804559222064,64.11804559222064,,
arthur_geoffrey_genealogy,historical_filtered,95,7.8999999999999915,103,6,104,103,2,201,127,0,182.23591269841268,104.16408730158726,0,63.62985778575864,71.87432578209277,66.27864893912049,63.62985778575864,63.62985778575864,,
arthur_geoffrey_genealogy,historical_filtered,99,13.980000000000004,103,2,104,103,2,201,127,0,190.58738095238095,115.37261904761905,0,62.29160052045396,71.87432578209277,65.20559866490099,62.29160052045396,62.29160052045396,,
asher_numbers_clans,all,90,8,526,51,539,525,33,63148,480,4,1123.3639634827546,333.74714762835663,2.888888888888889,77.09528497288997,80.11025309879575,74.22465758997198,76.9427372248462,77.1406063268249,,
asher_numbers_clans,all,95,13,526,25,539,525,33,63148,480,4,1272.2957335887688,374.25982196678666,3.4444444444444446,77.2701370018147,80.11025309879575,74.53326705058898,77.10883233871327,77.31758654746747,,
asher_numbers_clans,all,99,100,526,5,539,525,33,63148,480,4,2341.019801980198,479.98019801980195,4,82.98545912726685,80.11025309879575,76.17874283182327,82.8679575922194,83.00955051257338,,
asher_numbers_clans,flag_filtered,90,7,503,48,516,502,33,1614,465,4,1006.7770819087962,308.4451403134259,2.7777777777777777,76.54805894381317,80.40012564718639,71.32586045731338,76.38672852115296,76.59748556043809,,
asher_numbers_clans,flag_filtered,95,10.899999999999977,503,26,516,502,33,1614,465,4,1119.956019607189,348.2328692816996,3.2111111111111086,76.28146678420657,80.40012564718639,71.17283806627063,76.11499385667999,76.33322894646597,,
asher_numbers_clans,flag_filtered,99,59.820000000000164,503,6,516,502,33,1614,465,4,1495.4664211737636,445.4535788262372,4,77.04935912730885,80.40012564718639,71.72819302705015,76.89089634400196,77.09656033018135,,
asher_numbers_clans,historical_filtered,90,6.799999999999997,103,11,104,103,2,201,127,0,178.7611111111111,100.03888888888888,0,64.11804559222064,71.87432578209277,66.69173542795976,64.11804559222064,64.11804559222064,,
asher_numbers_clans,historical_filtered,95,7.8999999999999915,103,6,104,103,2,201,127,0,182.23591269841268,104.16408730158726,0,63.62985778575864,71.87432578209277,66.27864893912049,63.62985778575864,63.62985778575864,,
asher_numbers_clans,historical_filtered,99,13.980000000000004,103,2,104,103,2,201,127,0,190.58738095238095,115.37261904761905,0,62.29160052045396,71.87432578209277,65.20559866490099,62.29160052045396,62.29160052045396,,
atlas_apollodorus_pleiades,all,90,8,526,50,539,525,33,63148,475,4,1123.7485788673698,333.36253224374127,2.888888888888889,77.12168072141473,80.10512489366754,74.22513942823497,76.9690807443404,77.16694984631908,,
atlas_apollodorus_pleiades,all,95,12.75,526,27,539,525,33,63148,475,4,1266.9631233274465,367.8702100058869,3.416666666666667,77.49799918406238,80.10512489366754,74.63938054230532,77.33637255165246,77.5449284293675,,
atlas_apollodorus_pleiades,all,99,100,526,5,539,525,33,63148,475,4,2341.019801980198,474.98019801980195,4,83.1328054680468,80.10512489366754,76.29948665323835,83.01488659504248,83.15673056667369,,
atlas_apollodorus_pleiades,flag_filtered,90,7,503,47,516,502,33,1614,460,4,1007.2386203703346,308.98360185188744,2.7777777777777777,76.52496693679734,80.3947624844527,71.29983805446597,76.36380745794804,76.57440471175985,,
atlas_apollodorus_pleiades,flag_filtered,95,10,503,25,516,502,33,1614,460,4,1103.5115211639702,339.37736772491866,3.111111111111111,76.47931380313977,80.3947624844527,71.21798499676622,76.31476633222476,76.52991924447312,,
atlas_apollodorus_pleiades,flag_filtered,99,59.820000000000164,503,6,516,502,33,1614,460,4,1495.4664211737636,440.4535788262372,4,77.24835846387056,80.3947624844527,71.84891221498039,77.08907692965498,77.29527099951353,,
atlas_apollodorus_pleiades,historical_filtered,90,6.799999999999997,103,11,104,103,2,201,127,0,178.7611111111111,100.03888888888888,0,64.11804559222064,71.87432578209277,66.69173542795976,64.11804559222064,64.11804559222064,,
atlas_apollodorus_pleiades,historical_filtered,95,7.8999999999999915,103,6,104,103,2,201,127,0,182.23591269841268,104.16408730158726,0,63.62985778575864,71.87432578209277,66.27864893912049,63.62985778575864,63.62985778575864,,
atlas_apollodorus_pleiades,historical_filtered,99,13.980000000000004,103,2,104,103,2,201,127,0,190.58738095238095,115.37261904761905,0,62.29160052045396,71.87432578209277,65.20559866490099,62.29160052045396,62.29160052045396,,
bahman_tabari_daughters,all,90,8,526,51,539,525,33,63149,482,4,1124.3639634827546,335.74714762835663,2.888888888888889,77.00536999729694,80.07215786070051,74.09907090081818,76.85331260989436,77.05077596525246,,
bahman_tabari_daughters,all,95,13,526,25,539,525,33,63149,482,4,1273.2957335887688,376.25982196678666,3.4444444444444446,77.19023038056662,80.07215786070051,74.41942410370018,77.02938497209733,77.23776031658883,,
bahman_tabari_daughters,all,99,100,526,5,539,525,33,63149,482,4,2342.019801980198,481.98019801980195,4,82.93271253470957,80.07215786070051,76.12907731162701,82.81541025389667,82.95685296959681,,
bahman_tabari_daughters,flag_filtered,90,7,503,48,516,502,33,1615,467,4,1007.7770819087962,310.4451403134259,2.7777777777777777,76.44971120346565,80.36028500973619,71.19766603639607,76.28895396735777,76.49923237597078,,
bahman_tabari_daughters,flag_filtered,95,10.899999999999977,503,26,516,502,33,1615,467,4,1120.956019607189,350.2328692816996,3.2111111111111086,76.19388836288643,80.36028500973619,71.05431202217677,76.0279449001078,76.24573594128461,,
bahman_tabari_daughters,flag_filtered,99,59.820000000000164,503,6,516,502,33,1615,467,4,1496.4664211737636,447.4535788262372,4,76.98189334817086,80.36028500973619,71.66855682864491,76.8238131531974,77.02916039538394,,
bahman_tabari_daughters,historical_filtered,90,6.799999999999997,103,11,104,103,2,201,127,0,178.7611111111111,100.03888888888888,0,64.11804559222064,71.87432578209277,66.69173542795976,64.11804559222064,64.11804559222064,,
bahman_tabari_daughters,historical_filtered,95,7.8999999999999915,103,6,104,103,2,201,127,0,182.23591269841268,104.16408730158726,0,63.62985778575864,71.87432578209277,66.27864893912049,63.62985778575864,63.62985778575864,,
bahman_tabari_daughters,historical_filtered,99,13.980000000000004,103,2,104,103,2,201,127,0,190.58738095238095,115.37261904761905,0,62.29160052045396,71.87432578209277,65.20559866490099,62.29160052045396,62.29160052045396,,
basil_macrina_nine,all,90,8,526,51,539,525,33,63148,480,4,1123.91951903831,334.1915920728011,2.888888888888889,77.08051262169313,80.10919489773754,74.20983442946572,76.92809849680424,77.12583216476378,,
basil_macrina_nine,all,95,13,526,25,539,525,33,63148,480,4,1272.2957335887688,374.25982196678666,3.4444444444444446,77.2701370018147,80.10919489773754,74.52262636153213,77.10883233871327,77.31758654746747,,
basil_macrina_nine,all,99,100,526,5,539,525,33,63148,480,4,2341.019801980198,479.98019801980195,4,82.98545912726685,80.10919489773754,76.16800104901432,82.8679575922194,83.00955051257338,,
basil_macrina_nine,flag_filtered,90,7,503,48,516,502,33,1614,465,4,1007.3881930199074,308.8340292023148,2.7777777777777777,76.53633072074258,80.39901896281278,71.31294523434444,76.37514731007637,76.58574456388818,,
basil_macrina_nine,flag_filtered,95,10.899999999999977,503,26,516,502,33,1614,465,4,1119.956019607189,348.2328692816996,3.2111111111111086,76.28146678420657,80.39901896281278,71.16221379388516,76.11499385667999,76.33322894646597,,
basil_macrina_nine,flag_filtered,99,59.820000000000164,503,6,516,502,33,1614,465,4,1495.4664211737636,445.4535788262372,4,77.04935912730885,80.39901896281278,71.71742661075638,76.89089634400196,77.09656033018135,,
basil_macrina_nine,historical_filtered,90,6.799999999999997,103,11,104,103,2,200,127,0,178.38333333333333,100.41666666666666,0,63.98254423720709,71.82038834951456,66.35800947585925,63.98254423720709,63.98254423720709,,
basil_macrina_nine,historical_filtered,95,7.8999999999999915,103,6,104,103,2,200,127,0,181.79702380952378,104.60297619047616,0,63.476614458632625,71.82038834951456,65.89964299016634,63.476614458632625,63.476614458632625,,
basil_macrina_nine,historical_filtered,99,13.980000000000004,103,2,104,103,2,200,127,0,189.58738095238095,115.37261904761905,0,62.16795020736521,71.82038834951456,64.95136137676539,62.16795020736521,62.16795020736521,,
bathsheba_named_genealogy,all,90,8,526,51,539,525,33,63148,480,4,1123.3639634827546,333.74714762835663,2.888888888888889,77.09528497288997,80.11977690831955,74.22465758997198,76.9427372248462,77.1406063268249,,
bathsheba_named_genealogy,all,95,13,526,25,539,525,33,63148,480,4,1272.2957335887688,374.25982196678666,3.4444444444444446,77.2701370018147,80.11977690831955,74.53326705058898,77.10883233871327,77.31758654746747,,
bathsheba_named_genealogy,all,99,100,526,5,539,525,33,63148,480,4,2341.019801980198,479.98019801980195,4,82.98545912726685,80.11977690831955,76.17874283182327,82.8679575922194,83.00955051257338,,
bathsheba_named_genealogy,flag_filtered,90,7,503,48,516,502,33,1614,465,4,1006.7770819087962,308.4451403134259,2.7777777777777777,76.54805894381317,80.41008580654893,71.32586045731338,76.38672852115296,76.59748556043809,,
bathsheba_named_genealogy,flag_filtered,95,10.899999999999977,503,26,516,502,33,1614,465,4,1119.956019607189,348.2328692816996,3.2111111111111086,76.28146678420657,80.41008580654893,71.17283806627063,76.11499385667999,76.33322894646597,,
bathsheba_named_genealogy,flag_filtered,99,59.820000000000164,503,6,516,502,33,1614,465,4,1495.4664211737636,445.4535788262372,4,77.04935912730885,80.41008580654893,71.72819302705015,76.89089634400196,77.09656033018135,,
bathsheba_named_genealogy,historical_filtered,90,6.799999999999997,103,11,104,103,2,201,127,0,178.7611111111111,100.03888888888888,0,64.11804559222064,71.87432578209277,66.69173542795976,64.11804559222064,64.11804559222064,,
bathsheba_named_genealogy,historical_filtered,95,7.8999999999999915,103,6,104,103,2,201,127,0,182.23591269841268,104.16408730158726,0,63.62985778575864,71.87432578209277,66.27864893912049,63.62985778575864,63.62985778575864,,
bathsheba_named_genealogy,historical_filtered,99,13.980000000000004,103,2,104,103,2,201,127,0,190.58738095238095,115.37261904761905,0,62.29160052045396,71.87432578209277,65.20559866490099,62.29160052045396,62.29160052045396,,
begil_literal_plural_minimum,all,90,8,526,51,539,525,33,63150,482,4,1125.3639634827546,335.7471476283567,2.888888888888889,77.02110776688053,80.02453881308146,74.14651401954711,76.86912318871273,77.06645166472974,,
begil_literal_plural_minimum,all,95,13,526,25,539,525,33,63150,482,4,1274.2957335887688,376.25982196678666,3.4444444444444446,77.20404983035287,80.02453881308146,74.45505143663318,77.04327288928471,77.25152225110116,,
begil_literal_plural_minimum,all,99,100,526,5,539,525,33,63150,482,4,2343.019801980198,481.98019801980195,4,82.93875405239639,80.02453881308146,76.10042612411537,82.82148469353828,82.9628774118133,,
begil_literal_plural_minimum,flag_filtered,90,7,503,48,516,502,33,1616,467,4,1008.7770819087962,310.4451403134259,2.7777777777777777,76.46756284998875,80.31048421292344,71.23069266752397,76.3068897056578,76.51700905344735,,
begil_literal_plural_minimum,flag_filtered,95,10.899999999999977,503,26,516,502,33,1616,467,4,1121.956019607189,350.2328692816996,3.2111111111111086,76.21005891804873,80.31048421292344,71.0946388689862,76.04419273466107,76.26183616092587,,
begil_literal_plural_minimum,flag_filtered,99,59.820000000000164,503,6,516,502,33,1616,467,4,1497.4664211737636,447.4535788262372,4,76.99372833709165,80.31048421292344,71.64985168585741,76.83570496345479,77.04094684100748,,
begil_literal_plural_minimum,historical_filtered,90,6.799999999999997,103,11,104,103,2,201,127,0,178.7611111111111,100.03888888888888,0,64.11804559222064,71.87432578209277,66.69173542795976,64.11804559222064,64.11804559222064,,
begil_literal_plural_minimum,historical_filtered,95,7.8999999999999915,103,6,104,103,2,201,127,0,182.23591269841268,104.16408730158726,0,63.62985778575864,71.87432578209277,66.27864893912049,63.62985778575864,63.62985778575864,,
begil_literal_plural_minimum,historical_filtered,99,13.980000000000004,103,2,104,103,2,201,127,0,190.58738095238095,115.37261904761905,0,62.29160052045396,71.87432578209277,65.20559866490099,62.29160052045396,62.29160052045396,,
benjamin_numbers_clans,all,90,8,526,50,539,525,33,63144,480,4,1121.3639634827546,333.74714762835663,2.888888888888889,77.06380323262668,80.11977690831955,74.22141856731719,76.91110860649893,77.10924913385757,,
benjamin_numbers_clans,all,95,13,526,25,539,525,33,63144,480,4,1268.2957335887688,374.25982196678666,3.4444444444444446,77.21478456537184,80.11977690831955,74.52704550015821,77.05320374172351,77.26246525110652,,
benjamin_numbers_clans,all,99,100,526,5,539,525,33,63144,480,4,2337.019801980198,479.98019801980195,4,82.96129932482066,80.11977690831955,76.17297304253694,82.84366543708607,82.98545912726685,,
benjamin_numbers_clans,flag_filtered,90,7,503,47,516,502,33,1610,465,4,1005.7770819087962,308.4451403134259,2.7777777777777777,76.53021421355399,80.41008580654893,71.32421408808958,76.36879893005286,76.57971599746196,,
benjamin_numbers_clans,flag_filtered,95,10.899999999999977,503,26,516,502,33,1610,465,4,1115.956019607189,348.2328692816996,3.2111111111111086,76.21667040883237,80.41008580654893,71.16654577596637,76.0498854850204,76.26871546397031,,
benjamin_numbers_clans,flag_filtered,99,59.820000000000164,503,6,516,502,33,1610,465,4,1491.4664211737636,445.4535788262372,4,77.00196297078676,80.41008580654893,71.72251803308693,76.84327129267373,77.04935912730885,,
benjamin_numbers_clans,historical_filtered,90,6.799999999999997,103,11,104,103,2,201,127,0,178.7611111111111,100.03888888888888,0,64.11804559222064,71.87432578209277,66.69173542795976,64.11804559222064,64.11804559222064,,
benjamin_numbers_clans,historical_filtered,95,7.8999999999999915,103,6,104,103,2,201,127,0,182.23591269841268,104.16408730158726,0,63.62985778575864,71.87432578209277,66.27864893912049,63.62985778575864,63.62985778575864,,
benjamin_numbers_clans,historical_filtered,99,13.980000000000004,103,2,104,103,2,201,127,0,190.58738095238095,115.37261904761905,0,62.29160052045396,71.87432578209277,65.20559866490099,62.29160052045396,62.29160052045396,,
bharata_sunanda_genealogy,all,90,8,526,50,539,525,33,63140,480,4,1117.3639634827546,333.74714762835663,2.888888888888889,77.00057941305353,80.11977690831955,74.21779352970466,76.8475903358153,77.04627595403325,,
bharata_sunanda_genealogy,all,95,13,526,25,539,525,33,63140,480,4,1264.2957335887688,374.25982196678666,3.4444444444444446,77.15916187901892,80.11977690831955,74.52531914914456,76.99730411624658,77.20707539788144,,
bharata_sunanda_genealogy,all,99,100,526,5,539,525,33,63140,480,4,2333.019801980198,479.98019801980195,4,82.93707081337355,80.11977690831955,76.17693136347923,82.81930429464671,82.96129932482066,,
bharata_sunanda_genealogy,flag_filtered,90,7,503,47,516,502,33,1606,465,4,1001.7770819087962,308.4451403134259,2.7777777777777777,76.45856290009469,80.41008580654893,71.3185500290177,76.29680745687708,76.5083670743773,,
bharata_sunanda_genealogy,flag_filtered,95,10.899999999999977,503,26,516,502,33,1606,465,4,1111.956019607189,348.2328692816996,3.2111111111111086,76.1515190307548,80.41008580654893,71.16250747999932,75.98442118403645,76.20384930424356,,
bharata_sunanda_genealogy,flag_filtered,99,59.820000000000164,503,6,516,502,33,1606,465,4,1487.4664211737636,445.4535788262372,4,76.95437065029918,80.41008580654893,71.71755834722475,76.7954495370879,77.00196297078676,,
bharata_sunanda_genealogy,historical_filtered,90,6.799999999999997,103,11,104,103,2,201,127,0,178.7611111111111,100.03888888888888,0,64.11804559222064,71.87432578209277,66.69173542795976,64.11804559222064,64.11804559222064,,
bharata_sunanda_genealogy,historical_filtered,95,7.8999999999999915,103,6,104,103,2,201,127,0,182.23591269841268,104.16408730158726,0,63.62985778575864,71.87432578209277,66.27864893912049,63.62985778575864,63.62985778575864,,
bharata_sunanda_genealogy,historical_filtered,99,13.980000000000004,103,2,104,103,2,201,127,0,190.58738095238095,115.37261904761905,0,62.29160052045396,71.87432578209277,65.20559866490099,62.29160052045396,62.29160052045396,,
bhrigu_mani_seven,all,90,8,525,51,539,524,33,63154,480,4,1129.3639634827546,333.74714762835663,2.888888888888889,77.18921378603274,80.08183755127436,74.23206442122678,77.0371052853175,77.23416455468235,,
bhrigu_mani_seven,all,95,13,525,25,539,524,33,63154,480,4,1278.2957335887688,374.25982196678666,3.4444444444444446,77.35266323067921,80.08183755127436,74.5398530884142,77.1917713519788,77.39976920490419,,
bhrigu_mani_seven,all,99,100,525,5,539,524,33,63154,480,4,2347.019801980198,479.98019801980195,4,83.02157063955423,80.08183755127436,76.18192993444801,82.90426711339448,83.0455599427834,,
bhrigu_mani_seven,flag_filtered,90,7,502,48,516,501,33,1620,465,4,1012.7770819087962,308.4451403134259,2.7777777777777777,76.65456006373867,80.37098418141231,71.33463321077137,76.49373730428974,76.70353925125181,,
bhrigu_mani_seven,flag_filtered,95,10.949999999999989,502,26,516,501,33,1620,465,4,1126.8824233668554,348.6009099664781,3.2166666666666655,76.37378192683902,80.37098418141231,71.18095005245037,76.20764342779842,76.42517684679258,,
bhrigu_mani_seven,flag_filtered,99,59.91000000000008,502,6,516,501,33,1620,465,4,1501.8989182968935,445.5610817031071,4,77.12091228045213,80.37098418141231,71.7361197052933,76.96283389343841,77.16780863030209,,
bhrigu_mani_seven,historical_filtered,90,6.799999999999997,103,11,104,103,2,201,127,0,178.7611111111111,100.03888888888888,0,64.11804559222064,71.87432578209277,66.69173542795976,64.11804559222064,64.11804559222064,,
bhrigu_mani_seven,historical_filtered,95,7.8999999999999915,103,6,104,103,2,201,127,0,182.23591269841268,104.16408730158726,0,63.62985778575864,71.87432578209277,66.27864893912049,63.62985778575864,63.62985778575864,,
bhrigu_mani_seven,historical_filtered,99,13.980000000000004,103,2,104,103,2,201,127,0,190.58738095238095,115.37261904761905,0,62.29160052045396,71.87432578209277,65.20559866490099,62.29160052045396,62.29160052045396,,
bodb_gregory_dagda,all,90,8,525,51,539,524,33,63149,480,4,1124.3639634827546,333.74714762835663,2.888888888888889,77.11099345686802,80.10092152074,74.22625883613404,76.95851906110572,77.15625272906526,,
bodb_gregory_dagda,all,95,13,525,25,539,524,33,63149,480,4,1273.2957335887688,374.25982196678666,3.4444444444444446,77.28393311504531,80.10092152074,74.5347962532201,77.12269737060987,77.33132513829275,,
bodb_gregory_dagda,all,99,100,525,5,539,524,33,63149,480,4,2342.019801980198,479.98019801980195,4,82.99148837633587,80.10092152074,76.1801709407023,82.87401988606504,83.01556270276708,,
bodb_gregory_dagda,flag_filtered,90,7,502,48,516,501,33,1615,465,4,1007.7770819087962,308.4451403134259,2.7777777777777777,76.56587655900022,80.39094426125263,71.32749401432531,76.40463092561002,76.61522817942183,,
bodb_gregory_dagda,flag_filtered,95,10.949999999999989,502,26,516,501,33,1615,465,4,1121.8824233668554,348.6009099664781,3.2166666666666655,76.29344705483607,80.39094426125263,71.1746478368475,76.12692022574846,76.34519169664938,,
bodb_gregory_dagda,flag_filtered,99,59.91000000000008,502,6,516,501,33,1615,465,4,1496.8989182968935,445.5610817031071,4,77.06202023706501,80.39094426125263,71.72972627554705,76.90365680758367,77.10915807655401,,
bodb_gregory_dagda,historical_filtered,90,6.799999999999997,103,11,104,103,2,201,127,0,178.7611111111111,100.03888888888888,0,64.11804559222064,71.87432578209277,66.69173542795976,64.11804559222064,64.11804559222064,,
bodb_gregory_dagda,historical_filtered,95,7.8999999999999915,103,6,104,103,2,201,127,0,182.23591269841268,104.16408730158726,0,63.62985778575864,71.87432578209277,66.27864893912049,63.62985778575864,63.62985778575864,,
bodb_gregory_dagda,historical_filtered,99,13.980000000000004,103,2,104,103,2,201,127,0,190.58738095238095,115.37261904761905,0,62.29160052045396,71.87432578209277,65.20559866490099,62.29160052045396,62.29160052045396,,
bragi_edda_mother_unassigned,all,90,8,525,51,539,524,33,63149,480,4,1124.3639634827546,333.74714762835663,2.888888888888889,77.11099345686802,80.08183755127436,74.22625883613404,76.95851906110572,77.15625272906526,,
bragi_edda_mother_unassigned,all,95,13,525,25,539,524,33,63149,480,4,1273.2957335887688,374.25982196678666,3.4444444444444446,77.28393311504531,80.08183755127436,74.5347962532201,77.12269737060987,77.33132513829275,,
bragi_edda_mother_unassigned,all,99,100,525,5,539,524,33,63149,480,4,2342.019801980198,479.98019801980195,4,82.99148837633587,80.08183755127436,76.1801709407023,82.87401988606504,83.01556270276708,,
bragi_edda_mother_unassigned,flag_filtered,90,7,502,48,516,501,33,1615,465,4,1007.7770819087962,308.4451403134259,2.7777777777777777,76.56587655900022,80.37098418141231,71.32749401432531,76.40463092561002,76.61522817942183,,
bragi_edda_mother_unassigned,flag_filtered,95,10.949999999999989,502,26,516,501,33,1615,465,4,1121.8824233668554,348.6009099664781,3.2166666666666655,76.29344705483607,80.37098418141231,71.1746478368475,76.12692022574846,76.34519169664938,,
bragi_edda_mother_unassigned,flag_filtered,99,59.91000000000008,502,6,516,501,33,1615,465,4,1496.8989182968935,445.5610817031071,4,77.06202023706501,80.37098418141231,71.72972627554705,76.90365680758367,77.10915807655401,,
bragi_edda_mother_unassigned,historical_filtered,90,6.799999999999997,103,11,104,103,2,201,127,0,178.7611111111111,100.03888888888888,0,64.11804559222064,71.87432578209277,66.69173542795976,64.11804559222064,64.11804559222064,,
bragi_edda_mother_unassigned,historical_filtered,95,7.8999999999999915,103,6,104,103,2,201,127,0,182.23591269841268,104.16408730158726,0,63.62985778575864,71.87432578209277,66.27864893912049,63.62985778575864,63.62985778575864,,
bragi_edda_mother_unassigned,historical_filtered,99,13.980000000000004,103,2,104,103,2,201,127,0,190.58738095238095,115.37261904761905,0,62.29160052045396,71.87432578209277,65.20559866490099,62.29160052045396,62.29160052045396,,
constantine_ii_mother_unassigned,all,90,8,527,51,539,526,33,63149,480,4,1124.3639634827546,333.74714762835663,2.888888888888889,77.11099345686802,80.1385606024102,74.22625883613404,76.95851906110572,77.15625272906526,,
constantine_ii_mother_unassigned,all,95,13,527,25,539,526,33,63149,480,4,1273.2957335887688,374.25982196678666,3.4444444444444446,77.28393311504531,80.1385606024102,74.5347962532201,77.12269737060987,77.33132513829275,,
constantine_ii_mother_unassigned,all,99,100,527,5,539,526,33,63149,480,4,2342.019801980198,479.98019801980195,4,82.99148837633587,80.1385606024102,76.1801709407023,82.87401988606504,83.01556270276708,,
constantine_ii_mother_unassigned,flag_filtered,90,7,504,48,516,503,33,1615,465,4,1007.7770819087962,308.4451403134259,2.7777777777777777,76.56587655900022,80.42915124232121,71.32749401432531,76.40463092561002,76.61522817942183,,
constantine_ii_mother_unassigned,flag_filtered,95,10.849999999999966,504,26,516,503,33,1615,465,4,1120.0296158475226,347.86482859692114,3.2055555555555517,76.30178178591186,80.42915124232121,71.17411382955787,76.13551871711802,76.35342066501792,,
constantine_ii_mother_unassigned,flag_filtered,99,59.729999999999734,504,6,516,503,33,1615,465,4,1496.0339240506316,445.34607594936676,4,77.06033460994927,80.42915124232121,71.7294664626072,76.90188672910347,77.1075020844582,,
constantine_ii_mother_unassigned,historical_filtered,90,6.700000000000003,104,11,104,104,2,201,127,0,178.1763888888889,99.52361111111114,0,64.16146521025887,72.04861111111111,66.71326964348857,64.16146521025887,64.16146521025887,,
constantine_ii_mother_unassigned,historical_filtered,95,7.849999999999994,104,6,104,104,2,201,127,0,182.10783730158727,103.99216269841267,0,63.65181310785996,72.04861111111111,66.29888790796467,63.65181310785996,63.65181310785996,,
constantine_ii_mother_unassigned,historical_filtered,99,13.969999999999999,104,2,104,104,2,201,127,0,190.57551587301586,115.36448412698412,0,62.2917944279976,72.04861111111111,65.20564281390092,62.2917944279976,62.2917944279976,,
cuchulainn_human_parentage,all,90,8,526,51,539,525,33,63149,480,4,1124.3639634827546,333.74714762835663,2.888888888888889,77.11099345686802,80.11977690831955,74.22625883613404,76.95851906110572,77.15625272906526,,
cuchulainn_human_parentage,all,95,13,526,25,539,525,33,63149,480,4,1273.2957335887688,374.25982196678666,3.4444444444444446,77.28393311504531,80.11977690831955,74.5347962532201,77.12269737060987,77.33132513829275,,
cuchulainn_human_parentage,all,99,100,526,5,539,525,33,63149,480,4,2342.019801980198,479.98019801980195,4,82.99148837633587,80.11977690831955,76.1801709407023,82.87401988606504,83.01556270276708,,
cuchulainn_human_parentage,flag_filtered,90,7,503,48,516,502,33,1615,465,4,1007.7770819087962,308.4451403134259,2.7777777777777777,76.56587655900022,80.41008580654893,71.32749401432531,76.40463092561002,76.61522817942183,,
cuchulainn_human_parentage,flag_filtered,95,10.899999999999977,503,26,516,502,33,1615,465,4,1120.956019607189,348.2328692816996,3.2111111111111086,76.29761074867238,80.41008580654893,71.17438368557312,76.13121567557657,76.34930254810516,,
cuchulainn_human_parentage,flag_filtered,99,59.820000000000164,503,6,516,502,33,1615,465,4,1496.4664211737636,445.4535788262372,4,77.06117765787278,80.41008580654893,71.72959650244434,76.90277201394522,77.10833031027806,,
cuchulainn_human_parentage,historical_filtered,90,6.799999999999997,103,11,104,103,2,201,127,0,178.7611111111111,100.03888888888888,0,64.11804559222064,71.87432578209277,66.69173542795976,64.11804559222064,64.11804559222064,,
cuchulainn_human_parentage,historical_filtered,95,7.8999999999999915,103,6,104,103,2,201,127,0,182.23591269841268,104.16408730158726,0,63.62985778575864,71.87432578209277,66.27864893912049,63.62985778575864,63.62985778575864,,
cuchulainn_human_parentage,historical_filtered,99,13.980000000000004,103,2,104,103,2,201,127,0,190.58738095238095,115.37261904761905,0,62.29160052045396,71.87432578209277,65.20559866490099,62.29160052045396,62.29160052045396,,
daksha_bhagavata_16,all,90,8,526,51,539,525,33,63149,472,4,1124.3639634827546,333.74714762835663,2.888888888888889,77.11099345686802,80.11977690831955,74.22625883613404,76.95851906110572,77.15625272906526,,
daksha_bhagavata_16,all,95,13,526,25,539,525,33,63149,472,4,1273.2957335887688,374.25982196678666,3.4444444444444446,77.28393311504531,80.11977690831955,74.5347962532201,77.12269737060987,77.33132513829275,,
daksha_bhagavata_16,all,99,100,526,5,539,525,33,63149,472,4,2342.019801980198,471.98019801980195,4,83.22742722033396,80.11977690831955,76.27763458956781,83.10929034706167,83.25123498865145,,
daksha_bhagavata_16,flag_filtered,90,7,503,48,516,502,33,1615,457,4,1007.7770819087962,308.4451403134259,2.7777777777777777,76.56587655900022,80.41008580654893,71.32749401432531,76.40463092561002,76.61522817942183,,
daksha_bhagavata_16,flag_filtered,95,10.899999999999977,503,26,516,502,33,1615,457,4,1120.956019607189,348.2328692816996,3.2111111111111086,76.29761074867238,80.41008580654893,71.17438368557312,76.13121567557657,76.34930254810516,,
daksha_bhagavata_16,flag_filtered,99,59.820000000000164,503,6,516,502,33,1615,457,4,1496.4664211737636,437.4535788262372,4,77.37995476409381,80.41008580654893,71.84528590666716,77.22023722206092,77.42664409128153,,
daksha_bhagavata_16,historical_filtered,90,6.799999999999997,103,11,104,103,2,201,127,0,178.7611111111111,100.03888888888888,0,64.11804559222064,71.87432578209277,66.69173542795976,64.11804559222064,64.11804559222064,,
daksha_bhagavata_16,historical_filtered,95,7.8999999999999915,103,6,104,103,2,201,127,0,182.23591269841268,104.16408730158726,0,63.62985778575864,71.87432578209277,66.27864893912049,63.62985778575864,63.62985778575864,,
daksha_bhagavata_16,historical_filtered,99,13.980000000000004,103,2,104,103,2,201,127,0,190.58738095238095,115.37261904761905,0,62.29160052045396,71.87432578209277,65.20559866490099,62.29160052045396,62.29160052045396,,
danu_bhagavata_61,all,90,8,526,51,539,525,33,63170,480,4,1124.3639634827546,333.74714762835663,2.888888888888889,77.11099345686802,80.11977690831955,74.22625883613404,76.95851906110572,77.15625272906526,,
danu_bhagavata_61,all,95,13,526,25,539,525,33,63170,480,4,1273.2957335887688,374.25982196678666,3.4444444444444446,77.28393311504531,80.11977690831955,74.5347962532201,77.12269737060987,77.33132513829275,,
danu_bhagavata_61,all,99,100,526,5,539,525,33,63170,480,4,2363.019801980198,479.98019801980195,4,83.11712282730207,80.11977690831955,76.20716409600934,83.00034429154191,83.14084306217767,,
danu_bhagavata_61,flag_filtered,90,7,503,48,516,502,33,1636,465,4,1007.7770819087962,308.4451403134259,2.7777777777777777,76.56587655900022,80.41008580654893,71.32749401432531,76.40463092561002,76.61522817942183,,
danu_bhagavata_61,flag_filtered,95,10.899999999999977,503,26,516,502,33,1636,465,4,1120.956019607189,348.2328692816996,3.2111111111111086,76.29761074867238,80.41008580654893,71.17438368557312,76.13121567557657,76.34930254810516,,
danu_bhagavata_61,flag_filtered,99,60.98000000000002,503,6,516,502,33,1636,465,4,1522.53082853855,446.34917146145,4,77.32979300610245,80.41008580654893,71.84840739224984,77.17300740737146,77.37575668761151,,
danu_bhagavata_61,historical_filtered,90,6.799999999999997,103,11,104,103,2,201,127,0,178.7611111111111,100.03888888888888,0,64.11804559222064,71.87432578209277,66.69173542795976,64.11804559222064,64.11804559222064,,
danu_bhagavata_61,historical_filtered,95,7.8999999999999915,103,6,104,103,2,201,127,0,182.23591269841268,104.16408730158726,0,63.62985778575864,71.87432578209277,66.27864893912049,63.62985778575864,63.62985778575864,,
danu_bhagavata_61,historical_filtered,99,13.980000000000004,103,2,104,103,2,201,127,0,190.58738095238095,115.37261904761905,0,62.29160052045396,71.87432578209277,65.20559866490099,62.29160052045396,62.29160052045396,,
david_samuel_jerusalem,all,90,8,526,50,539,525,33,63147,480,4,1123.3639634827546,333.74714762835663,2.888888888888889,77.09528497288997,80.11977690831955,74.22465758997198,76.9427372248462,77.1406063268249,,
david_samuel_jerusalem,all,95,13,526,25,539,525,33,63147,480,4,1271.2957335887688,374.25982196678666,3.4444444444444446,77.25632412085699,80.11977690831955,74.53172748048237,77.0949504905257,77.30383129370608,,
david_samuel_jerusalem,all,99,100,526,5,539,525,33,63147,480,4,2340.019801980198,479.98019801980195,4,82.97942560213468,80.11977690831955,76.1773090219108,82.86189100496452,83.0035340644546,,
david_samuel_jerusalem,flag_filtered,90,7,503,47,516,502,33,1613,465,4,1007.7770819087962,308.4451403134259,2.7777777777777777,76.56587655900022,80.41008580654893,71.32749401432531,76.40463092561002,76.61522817942183,,
david_samuel_jerusalem,flag_filtered,95,10.899999999999977,503,26,516,502,33,1613,465,4,1118.956019607189,348.2328692816996,3.2111111111111086,76.26530081307946,80.41008580654893,71.1712815814546,76.09874997328545,76.31713348193011,,
david_samuel_jerusalem,flag_filtered,99,59.820000000000164,503,6,516,502,33,1613,465,4,1494.4664211737636,445.4535788262372,4,77.03752841219034,80.41008580654893,71.72678348204823,76.87900845578845,77.08477824055326,,
david_samuel_jerusalem,historical_filtered,90,6.799999999999997,103,11,104,103,2,201,127,0,178.7611111111111,100.03888888888888,0,64.11804559222064,71.87432578209277,66.69173542795976,64.11804559222064,64.11804559222064,,
david_samuel_jerusalem,historical_filtered,95,7.8999999999999915,103,6,104,103,2,201,127,0,182.23591269841268,104.16408730158726,0,63.62985778575864,71.87432578209277,66.27864893912049,63.62985778575864,63.62985778575864,,
david_samuel_jerusalem,historical_filtered,99,13.980000000000004,103,2,104,103,2,201,127,0,190.58738095238095,115.37261904761905,0,62.29160052045396,71.87432578209277,65.20559866490099,62.29160052045396,62.29160052045396,,
draupadi_adi_95_names,all,90,8,526,51,539,525,33,63149,480,4,1124.3639634827546,333.74714762835663,2.888888888888889,77.11099345686802,80.11977690831955,74.22625883613404,76.95851906110572,77.15625272906526,,
draupadi_adi_95_names,all,95,13,526,25,539,525,33,63149,480,4,1273.2957335887688,374.25982196678666,3.4444444444444446,77.28393311504531,80.11977690831955,74.5347962532201,77.12269737060987,77.33132513829275,,
draupadi_adi_95_names,all,99,100,526,5,539,525,33,63149,480,4,2342.019801980198,479.98019801980195,4,82.99148837633587,80.11977690831955,76.1801709407023,82.87401988606504,83.01556270276708,,
draupadi_adi_95_names,flag_filtered,90,7,503,48,516,502,33,1615,465,4,1007.7770819087962,308.4451403134259,2.7777777777777777,76.56587655900022,80.41008580654893,71.32749401432531,76.40463092561002,76.61522817942183,,
draupadi_adi_95_names,flag_filtered,95,10.899999999999977,503,26,516,502,33,1615,465,4,1120.956019607189,348.2328692816996,3.2111111111111086,76.29761074867238,80.41008580654893,71.17438368557312,76.13121567557657,76.34930254810516,,
draupadi_adi_95_names,flag_filtered,99,59.820000000000164,503,6,516,502,33,1615,465,4,1496.4664211737636,445.4535788262372,4,77.06117765787278,80.41008580654893,71.72959650244434,76.90277201394522,77.10833031027806,,
draupadi_adi_95_names,historical_filtered,90,6.799999999999997,103,11,104,103,2,201,127,0,178.7611111111111,100.03888888888888,0,64.11804559222064,71.87432578209277,66.69173542795976,64.11804559222064,64.11804559222064,,
draupadi_adi_95_names,historical_filtered,95,7.8999999999999915,103,6,104,103,2,201,127,0,182.23591269841268,104.16408730158726,0,63.62985778575864,71.87432578209277,66.27864893912049,63.62985778575864,63.62985778575864,,
draupadi_adi_95_names,historical_filtered,99,13.980000000000004,103,2,104,103,2,201,127,0,190.58738095238095,115.37261904761905,0,62.29160052045396,71.87432578209277,65.20559866490099,62.29160052045396,62.29160052045396,,
drupada_vyasa_eleven,all,90,8,526,51,539,525,33,63150,480,4,1124.4245695433606,333.6865415677506,2.888888888888889,77.11514993439185,80.12121990976256,74.22687929129994,76.96266731987409,77.16040098783363,,
drupada_vyasa_eleven,all,95,13,526,25,539,525,33,63150,480,4,1274.2957335887688,374.25982196678666,3.4444444444444446,77.29771249106234,80.12121990976256,74.53581917873936,77.13654561675357,77.34504709644149,,
drupada_vyasa_eleven,all,99,100,526,5,539,525,33,63150,480,4,2343.019801980198,479.98019801980195,4,82.99751335388586,80.12121990976256,76.18052503129996,82.88007789105758,83.02157063955423,,
drupada_vyasa_eleven,flag_filtered,90,7,503,48,516,502,33,1616,465,4,1007.8301122118264,308.39211001039564,2.7777777777777777,76.56990553694445,80.41159492160388,71.3281217404502,76.40865141863733,76.61924867244915,,
drupada_vyasa_eleven,flag_filtered,95,10.899999999999977,503,26,516,502,33,1616,465,4,1121.038595364765,348.15029352412387,3.2111111111111086,76.30323124840528,80.41159492160388,71.17520276763011,76.13682391773736,76.35491079026595,,
drupada_vyasa_eleven,flag_filtered,99,59.820000000000164,503,6,516,502,33,1616,465,4,1497.4664211737636,445.4535788262372,4,77.07298402269589,80.41159492160388,71.73089147738658,76.91463548444533,77.12008819950296,,
drupada_vyasa_eleven,historical_filtered,90,6.799999999999997,103,11,104,103,2,201,127,0,178.7611111111111,100.03888888888888,0,64.11804559222064,71.87432578209277,66.69173542795976,64.11804559222064,64.11804559222064,,
drupada_vyasa_eleven,historical_filtered,95,7.8999999999999915,103,6,104,103,2,201,127,0,182.23591269841268,104.16408730158726,0,63.62985778575864,71.87432578209277,66.27864893912049,63.62985778575864,63.62985778575864,,
drupada_vyasa_eleven,historical_filtered,99,13.980000000000004,103,2,104,103,2,201,127,0,190.58738095238095,115.37261904761905,0,62.29160052045396,71.87432578209277,65.20559866490099,62.29160052045396,62.29160052045396,,
enbilulu_enki_damgalnunna,all,90,8,527,51,539,526,33,63149,480,4,1124.3639634827546,333.74714762835663,2.888888888888889,77.11099345686802,80.15757200925431,74.22625883613404,76.95851906110572,77.15625272906526,,
enbilulu_enki_damgalnunna,all,95,13,527,25,539,526,33,63149,480,4,1273.2957335887688,374.25982196678666,3.4444444444444446,77.28393311504531,80.15757200925431,74.5347962532201,77.12269737060987,77.33132513829275,,
enbilulu_enki_damgalnunna,all,99,100,527,5,539,526,33,63149,480,4,2342.019801980198,479.98019801980195,4,82.99148837633587,80.15757200925431,76.1801709407023,82.87401988606504,83.01556270276708,,
enbilulu_enki_damgalnunna,flag_filtered,90,7,504,48,516,503,33,1615,465,4,1007.7770819087962,308.4451403134259,2.7777777777777777,76.56587655900022,80.44903195802696,71.32749401432531,76.40463092561002,76.61522817942183,,
enbilulu_enki_damgalnunna,flag_filtered,95,10.849999999999966,504,26,516,503,33,1615,465,4,1120.0296158475226,347.86482859692114,3.2055555555555517,76.30178178591186,80.44903195802696,71.17411382955787,76.13551871711802,76.35342066501792,,
enbilulu_enki_damgalnunna,flag_filtered,99,59.729999999999734,504,6,516,503,33,1615,465,4,1496.0339240506316,445.34607594936676,4,77.06033460994927,80.44903195802696,71.7294664626072,76.90188672910347,77.1075020844582,,
enbilulu_enki_damgalnunna,historical_filtered,90,6.799999999999997,103,11,104,103,2,201,127,0,178.7611111111111,100.03888888888888,0,64.11804559222064,71.87432578209277,66.69173542795976,64.11804559222064,64.11804559222064,,
enbilulu_enki_damgalnunna,historical_filtered,95,7.8999999999999915,103,6,104,103,2,201,127,0,182.23591269841268,104.16408730158726,0,63.62985778575864,71.87432578209277,66.27864893912049,63.62985778575864,63.62985778575864,,
enbilulu_enki_damgalnunna,historical_filtered,99,13.980000000000004,103,2,104,103,2,201,127,0,190.58738095238095,115.37261904761905,0,62.29160052045396,71.87432578209277,65.20559866490099,62.29160052045396,62.29160052045396,,
enki_namma_maternal_account,all,90,8,527,51,539,526,33,63149,480,4,1124.3639634827546,333.74714762835663,2.888888888888889,77.11099345686802,80.15757200925431,74.22625883613404,76.95851906110572,77.15625272906526,,
enki_namma_maternal_account,all,95,13,527,25,539,526,33,63149,480,4,1273.2957335887688,374.25982196678666,3.4444444444444446,77.28393311504531,80.15757200925431,74.5347962532201,77.12269737060987,77.33132513829275,,
enki_namma_maternal_account,all,99,100,527,5,539,526,33,63149,480,4,2342.019801980198,479.98019801980195,4,82.99148837633587,80.15757200925431,76.1801709407023,82.87401988606504,83.01556270276708,,
enki_namma_maternal_account,flag_filtered,90,7,504,48,516,503,33,1615,465,4,1007.7770819087962,308.4451403134259,2.7777777777777777,76.56587655900022,80.44903195802696,71.32749401432531,76.40463092561002,76.61522817942183,,
enki_namma_maternal_account,flag_filtered,95,10.849999999999966,504,26,516,503,33,1615,465,4,1120.0296158475226,347.86482859692114,3.2055555555555517,76.30178178591186,80.44903195802696,71.17411382955787,76.13551871711802,76.35342066501792,,
enki_namma_maternal_account,flag_filtered,99,59.729999999999734,504,6,516,503,33,1615,465,4,1496.0339240506316,445.34607594936676,4,77.06033460994927,80.44903195802696,71.7294664626072,76.90188672910347,77.1075020844582,,
enki_namma_maternal_account,historical_filtered,90,6.799999999999997,103,11,104,103,2,201,127,0,178.7611111111111,100.03888888888888,0,64.11804559222064,71.87432578209277,66.69173542795976,64.11804559222064,64.11804559222064,,
enki_namma_maternal_account,historical_filtered,95,7.8999999999999915,103,6,104,103,2,201,127,0,182.23591269841268,104.16408730158726,0,63.62985778575864,71.87432578209277,66.27864893912049,63.62985778575864,63.62985778575864,,
enki_namma_maternal_account,historical_filtered,99,13.980000000000004,103,2,104,103,2,201,127,0,190.58738095238095,115.37261904761905,0,62.29160052045396,71.87432578209277,65.20559866490099,62.29160052045396,62.29160052045396,,
galla_smith_merged_child,all,90,8,526,51,539,525,33,63148,480,4,1123.3639634827546,333.74714762835663,2.888888888888889,77.09528497288997,80.08803087657353,74.21394053113279,76.9427372248462,77.1406063268249,,
galla_smith_merged_child,all,95,13,526,25,539,525,33,63148,480,4,1272.2957335887688,374.25982196678666,3.4444444444444446,77.2701370018147,80.08803087657353,74.52262636153213,77.10883233871327,77.31758654746747,,
galla_smith_merged_child,all,99,100,526,5,539,525,33,63148,480,4,2341.019801980198,479.98019801980195,4,82.98545912726685,80.08803087657353,76.16800104901432,82.8679575922194,83.00955051257338,,
galla_smith_merged_child,flag_filtered,90,7,503,48,516,502,33,1614,465,4,1006.7770819087962,308.4451403134259,2.7777777777777777,76.54805894381317,80.37688527534044,71.31510157137731,76.38672852115296,76.59748556043809,,
galla_smith_merged_child,flag_filtered,95,10.899999999999977,503,26,516,502,33,1614,465,4,1119.956019607189,348.2328692816996,3.2111111111111086,76.28146678420657,80.37688527534044,71.16221379388516,76.11499385667999,76.33322894646597,,
galla_smith_merged_child,flag_filtered,99,59.820000000000164,503,6,516,502,33,1614,465,4,1495.4664211737636,445.4535788262372,4,77.04935912730885,80.37688527534044,71.71742661075638,76.89089634400196,77.09656033018135,,
galla_smith_merged_child,historical_filtered,90,6.799999999999997,103,11,104,103,2,200,127,0,177.7611111111111,100.03888888888888,0,63.98888088952884,71.71251348435814,66.43116649794476,63.98888088952884,63.98888088952884,,
galla_smith_merged_child,historical_filtered,95,7.8999999999999915,103,6,104,103,2,200,127,0,181.23591269841268,104.16408730158726,0,63.5024221087641,71.71251348435814,66.02140279325964,63.5024221087641,63.5024221087641,,
galla_smith_merged_child,historical_filtered,99,13.980000000000004,103,2,104,103,2,200,127,0,189.58738095238095,115.37261904761905,0,62.16795020736521,71.71251348435814,64.95136137676539,62.16795020736521,62.16795020736521,,
gudarz_named_sons,all,90,8,526,51,539,525,33,63079,480,4,1123.5763404166505,334.53477069446075,2.888888888888889,77.05697678693784,80.10102397817421,74.16344997918793,76.90460920031829,77.10234286827784,,
gudarz_named_sons,all,95,12.75,526,27,539,525,33,63079,480,4,1263.355284963279,373.4780483700544,3.416666666666667,77.18289084390258,80.10102397817421,74.41849016457034,77.02211766275134,77.23041924279504,,
gudarz_named_sons,all,99,100,526,5,539,525,33,63079,480,4,2272.019801980198,479.98019801980195,4,82.55885908358277,80.10102397817421,75.83087701342671,82.43903490494188,82.58417278592881,,
gudarz_named_sons,flag_filtered,90,7,503,48,516,502,33,1545,465,4,1007.087911725955,309.13431049626695,2.7777777777777777,76.51351684563225,80.3904736784089,71.27105091990754,76.35238148036052,76.56297873417233,,
gudarz_named_sons,flag_filtered,95,10,503,25,516,502,33,1545,465,4,1102.4073342116822,342.48155467720693,3.111111111111111,76.29703174334927,80.3904736784089,71.08883383135674,76.1331031914145,76.34795893113213,,
gudarz_named_sons,flag_filtered,99,50.7800000000002,503,6,516,502,33,1545,465,4,1410.6672727272737,435.0127272727275,4,76.43076116809375,80.3904736784089,71.41963299605307,76.2654768785559,76.48173050080408,,
gudarz_named_sons,historical_filtered,90,6.799999999999997,103,11,104,103,2,201,127,0,178.7611111111111,100.03888888888888,0,64.11804559222064,71.87432578209277,66.69173542795976,64.11804559222064,64.11804559222064,,
gudarz_named_sons,historical_filtered,95,7.8999999999999915,103,6,104,103,2,201,127,0,182.23591269841268,104.16408730158726,0,63.62985778575864,71.87432578209277,66.27864893912049,63.62985778575864,63.62985778575864,,
gudarz_named_sons,historical_filtered,99,13.980000000000004,103,2,104,103,2,201,127,0,190.58738095238095,115.37261904761905,0,62.29160052045396,71.87432578209277,65.20559866490099,62.29160052045396,62.29160052045396,,
hamza_khawla_biography,all,90,8,526,51,539,525,33,63149,482,4,1124.3639634827546,335.7471476283567,2.888888888888889,77.00536999729694,80.02453881308146,74.21216090952109,76.85331260989436,77.05077596525246,,
hamza_khawla_biography,all,95,13,526,25,539,525,33,63149,482,4,1273.2957335887688,376.25982196678666,3.4444444444444446,77.19023038056662,80.02453881308146,74.52188332206222,77.02938497209733,77.23776031658883,,
hamza_khawla_biography,all,99,100,526,5,539,525,33,63149,482,4,2342.019801980198,481.98019801980195,4,82.93271253470957,80.02453881308146,76.16846600106211,82.81541025389667,82.95685296959681,,
hamza_khawla_biography,flag_filtered,90,7,503,48,516,502,33,1615,467,4,1007.7770819087962,310.4451403134259,2.7777777777777777,76.44971120346565,80.31048421292344,71.31292399491034,76.28895396735777,76.49923237597078,,
hamza_khawla_biography,flag_filtered,95,10.899999999999977,503,26,516,502,33,1615,467,4,1120.956019607189,350.2328692816996,3.2111111111111086,76.19388836288643,80.31048421292344,71.16102715728738,76.0279449001078,76.24573594128461,,
hamza_khawla_biography,flag_filtered,99,59.820000000000164,503,6,516,502,33,1615,467,4,1496.4664211737636,447.4535788262372,4,76.98189334817086,80.31048421292344,71.71789156280416,76.8238131531974,77.02916039538394,,
hamza_khawla_biography,historical_filtered,90,6.799999999999997,103,11,104,103,2,201,129,0,178.7611111111111,102.03888888888888,0,63.66136435580881,71.38888888888889,66.41359655252002,63.66136435580881,63.66136435580881,,
hamza_khawla_biography,historical_filtered,95,7.8999999999999915,103,6,104,103,2,201,129,0,182.23591269841268,106.16408730158726,0,63.18859663606544,71.38888888888889,66.01039770581374,63.18859663606544,63.18859663606544,,
hamza_khawla_biography,historical_filtered,99,13.980000000000004,103,2,104,103,2,201,129,0,190.58738095238095,117.37261904761905,0,61.887057069873016,71.38888888888889,64.96196583166255,61.887057069873016,61.887057069873016,,
hashim_salma_haq_note,all,90,8,526,51,539,525,33,63149,479,4,1124.3639634827546,332.74714762835663,2.888888888888889,77.16391391905437,80.21501500355764,74.23338790129625,77.01123037553113,77.20909947750982,,
hashim_salma_haq_note,all,95,13,526,25,539,525,33,63149,479,4,1273.2957335887688,373.25982196678666,3.4444444444444446,77.33086984478656,80.21501500355764,74.54132068159461,77.16943839931933,77.37819260807353,,
hashim_salma_haq_note,all,99,100,526,5,539,525,33,63149,479,4,2342.019801980198,478.98019801980195,4,83.02090754981205,80.21501500355764,76.1860800473271,82.90335582230789,83.04494874266187,,
hashim_salma_haq_note,flag_filtered,90,7,503,48,516,502,33,1615,464,4,1007.7770819087962,307.4451403134259,2.7777777777777777,76.62409172238883,80.50968740017443,71.33486406305663,76.46260105529561,76.67335809458073,,
hashim_salma_haq_note,flag_filtered,95,10.899999999999977,503,26,516,502,33,1615,464,4,1120.956019607189,347.2328692816996,3.2111111111111086,76.34957791129436,80.50968740017443,71.18113438208196,76.18295634138843,76.40119143117441,,
hashim_salma_haq_note,flag_filtered,99,59.820000000000164,503,6,516,502,33,1615,464,4,1496.4664211737636,444.4535788262372,4,77.10088108596763,80.50968740017443,71.73550560906914,76.9423123405468,77.14797632672618,,
hashim_salma_haq_note,historical_filtered,90,6.799999999999997,103,11,104,103,2,201,127,0,178.7611111111111,100.03888888888888,0,64.11804559222064,71.87432578209277,66.69173542795976,64.11804559222064,64.11804559222064,,
hashim_salma_haq_note,historical_filtered,95,7.8999999999999915,103,6,104,103,2,201,127,0,182.23591269841268,104.16408730158726,0,63.62985778575864,71.87432578209277,66.27864893912049,63.62985778575864,63.62985778575864,,
hashim_salma_haq_note,historical_filtered,99,13.980000000000004,103,2,104,103,2,201,127,0,190.58738095238095,115.37261904761905,0,62.29160052045396,71.87432578209277,65.20559866490099,62.29160052045396,62.29160052045396,,
jamadagni_adi_four,all,90,8,526,51,539,525,33,63148,480,4,1123.3639634827546,333.74714762835663,2.888888888888889,77.09528497288997,80.11977690831955,74.2132430154957,76.9427372248462,77.1406063268249,,
jamadagni_adi_four,all,95,13,526,25,539,525,33,63148,480,4,1272.2957335887688,374.25982196678666,3.4444444444444446,77.2701370018147,80.11977690831955,74.52475798231227,77.10883233871327,77.31758654746747,,
jamadagni_adi_four,all,99,100,526,5,539,525,33,63148,480,4,2341.019801980198,479.98019801980195,4,82.98545912726685,80.11977690831955,76.17873102479338,82.8679575922194,83.00955051257338,,
jamadagni_adi_four,flag_filtered,90,7,503,48,516,502,33,1614,465,4,1006.7770819087962,308.4451403134259,2.7777777777777777,76.54805894381317,80.41008580654893,71.30962919592858,76.38672852115296,76.59748556043809,,
jamadagni_adi_four,flag_filtered,95,10.899999999999977,503,26,516,502,33,1614,465,4,1119.956019607189,348.2328692816996,3.2111111111111086,76.28146678420657,80.41008580654893,71.15799874263932,76.11499385667999,76.33322894646597,,
jamadagni_adi_four,flag_filtered,99,59.820000000000164,503,6,516,502,33,1614,465,4,1495.4664211737636,445.4535788262372,4,77.04935912730885,80.41008580654893,71.72264227862264,76.89089634400196,77.09656033018135,,
jamadagni_adi_four,historical_filtered,90,6.799999999999997,103,11,104,103,2,201,127,0,178.7611111111111,100.03888888888888,0,64.11804559222064,71.87432578209277,66.69173542795976,64.11804559222064,64.11804559222064,,
jamadagni_adi_four,historical_filtered,95,7.8999999999999915,103,6,104,103,2,201,127,0,182.23591269841268,104.16408730158726,0,63.62985778575864,71.87432578209277,66.27864893912049,63.62985778575864,63.62985778575864,,
jamadagni_adi_four,historical_filtered,99,13.980000000000004,103,2,104,103,2,201,127,0,190.58738095238095,115.37261904761905,0,62.29160052045396,71.87432578209277,65.20559866490099,62.29160052045396,62.29160052045396,,
jamshid_sisters_reading,all,90,8,525,51,539,524,33,63149,478,4,1124.3639634827546,331.74714762835663,2.888888888888889,77.21690706863632,80.27267724593085,74.36757876426275,77.06401394672751,77.26201866837857,,
jamshid_sisters_reading,all,95,13,525,25,539,524,33,63149,478,4,1273.2957335887688,372.25982196678666,3.4444444444444446,77.37786362119459,80.27267724593085,74.66142422220538,77.21623611817883,77.4251169213592,,
jamshid_sisters_reading,all,99,100,525,5,539,524,33,63149,478,4,2342.019801980198,477.98019801980195,4,83.05034758795028,80.27267724593085,76.23317461198599,82.93271253470957,83.07435559419964,,
jamshid_sisters_reading,flag_filtered,90,7,502,48,516,501,33,1615,463,4,1007.7770819087962,306.4451403134259,2.7777777777777777,76.68239547834939,80.5705849798155,71.47215947544647,76.5206592185874,76.73157628599651,,
jamshid_sisters_reading,flag_filtered,95,10.949999999999989,502,26,516,501,33,1615,463,4,1121.8824233668554,346.6009099664781,3.2166666666666655,76.39735486954943,80.5705849798155,71.30692232280491,76.2303746257291,76.44894272158197,,
jamshid_sisters_reading,flag_filtered,99,59.91000000000008,502,6,516,501,33,1615,463,4,1496.8989182968935,443.5610817031071,4,77.14144678565357,80.5705849798155,71.79348514774077,76.98275707892644,77.18846971893961,,
jamshid_sisters_reading,historical_filtered,90,6.799999999999997,103,11,104,103,2,201,127,0,178.7611111111111,100.03888888888888,0,64.11804559222064,71.87432578209277,66.69173542795976,64.11804559222064,64.11804559222064,,
jamshid_sisters_reading,historical_filtered,95,7.8999999999999915,103,6,104,103,2,201,127,0,182.23591269841268,104.16408730158726,0,63.62985778575864,71.87432578209277,66.27864893912049,63.62985778575864,63.62985778575864,,
jamshid_sisters_reading,historical_filtered,99,13.980000000000004,103,2,104,103,2,201,127,0,190.58738095238095,115.37261904761905,0,62.29160052045396,71.87432578209277,65.20559866490099,62.29160052045396,62.29160052045396,,
jason_apollodorus_two,all,90,8,526,51,539,525,33,63150,480,4,1125.3639634827546,333.74714762835663,2.888888888888889,77.12668040926584,80.11977690831955,74.24644811861839,76.97427930798594,77.17187772719859,,
jason_apollodorus_two,all,95,13,526,25,539,525,33,63150,480,4,1274.2957335887688,374.25982196678666,3.4444444444444446,77.29771249106234,80.11977690831955,74.55528081915921,77.13654561675357,77.34504709644149,,
jason_apollodorus_two,all,99,100,526,5,539,525,33,63150,480,4,2343.019801980198,479.98019801980195,4,82.99751335388586,80.11977690831955,76.2006555066414,82.88007789105758,83.02157063955423,,
jason_apollodorus_two,flag_filtered,90,7,503,48,516,502,33,1616,465,4,1008.7770819087962,308.4451403134259,2.7777777777777777,76.58366712087023,80.41008580654893,71.34757750898508,76.42250620521183,76.63294391564955,,
jason_apollodorus_two,flag_filtered,95,10.899999999999977,503,26,516,502,33,1616,465,4,1121.956019607189,348.2328692816996,3.2111111111111086,76.31373275138269,80.41008580654893,71.19478635717712,76.14741547490087,76.36535433136285,,
jason_apollodorus_two,flag_filtered,99,59.820000000000164,503,6,516,502,33,1616,465,4,1497.4664211737636,445.4535788262372,4,77.07298402269589,80.41008580654893,71.75008106838345,76.91463548444533,77.12008819950296,,
jason_apollodorus_two,historical_filtered,90,6.799999999999997,103,11,104,103,2,201,127,0,178.7611111111111,100.03888888888888,0,64.11804559222064,71.87432578209277,66.69173542795976,64.11804559222064,64.11804559222064,,
jason_apollodorus_two,historical_filtered,95,7.8999999999999915,103,6,104,103,2,201,127,0,182.23591269841268,104.16408730158726,0,63.62985778575864,71.87432578209277,66.27864893912049,63.62985778575864,63.62985778575864,,
jason_apollodorus_two,historical_filtered,99,13.980000000000004,103,2,104,103,2,201,127,0,190.58738095238095,115.37261904761905,0,62.29160052045396,71.87432578209277,65.20559866490099,62.29160052045396,62.29160052045396,,
jesse_eight_sons,all,90,8,526,51,539,525,33,63150,480,4,1124.5417412605323,333.5693698505789,2.888888888888889,77.12318579093798,80.12400971255235,74.22828410131719,76.9706872868263,77.16842095478584,,
jesse_eight_sons,all,95,13,526,25,539,525,33,63150,480,4,1274.2957335887688,374.25982196678666,3.4444444444444446,77.29771249106234,80.12400971255235,74.53631519274633,77.13654561675357,77.34504709644149,,
jesse_eight_sons,all,99,100,526,5,539,525,33,63150,480,4,2343.019801980198,479.98019801980195,4,82.99751335388586,80.12400971255235,76.18159338248259,82.88007789105758,83.02157063955423,,
jesse_eight_sons,flag_filtered,90,7,503,48,516,502,33,1616,465,4,1007.9326374643517,308.2895847578704,2.7777777777777777,76.57769489430328,80.41451254404339,71.32932817958361,76.41642437182348,76.6270216256353,,
jesse_eight_sons,flag_filtered,95,10.899999999999977,503,26,516,502,33,1616,465,4,1121.956019607189,348.2328692816996,3.2111111111111086,76.31373275138269,80.41451254404339,71.17591855274132,76.14741547490087,76.36535433136285,,
jesse_eight_sons,flag_filtered,99,59.820000000000164,503,6,516,502,33,1616,465,4,1497.4664211737636,445.4535788262372,4,77.07298402269589,80.41451254404339,71.73099394735087,76.91463548444533,77.12008819950296,,
jesse_eight_sons,historical_filtered,90,6.799999999999997,103,11,104,103,2,201,127,0,178.7611111111111,100.03888888888888,0,64.11804559222064,71.87432578209277,66.69173542795976,64.11804559222064,64.11804559222064,,
jesse_eight_sons,historical_filtered,95,7.8999999999999915,103,6,104,103,2,201,127,0,182.23591269841268,104.16408730158726,0,63.62985778575864,71.87432578209277,66.27864893912049,63.62985778575864,63.62985778575864,,
jesse_eight_sons,historical_filtered,99,13.980000000000004,103,2,104,103,2,201,127,0,190.58738095238095,115.37261904761905,0,62.29160052045396,71.87432578209277,65.20559866490099,62.29160052045396,62.29160052045396,,
ji_chang_shiji_tai_si_ten,all,90,8,526,51,539,525,33,63059,480,4,1124.3639634827546,333.74714762835663,2.888888888888889,77.11099345686802,80.11977690831955,74.22625883613404,76.95851906110572,77.15625272906526,,
ji_chang_shiji_tai_si_ten,all,95,12.75,526,27,539,525,33,63059,480,4,1265.1938925582158,372.6394407751177,3.416666666666667,77.24802437518362,80.11977690831955,74.52564483534927,77.08721356028731,77.29538822390754,,
ji_chang_shiji_tai_si_ten,all,99,100,526,5,539,525,33,63059,480,4,2252.019801980198,479.98019801980195,4,82.4311786962005,80.11977690831955,76.1801709407023,82.31066527705401,82.45686410746337,,
ji_chang_shiji_tai_si_ten,flag_filtered,90,7,503,48,516,502,33,1525,465,4,1007.7770819087962,308.4451403134259,2.7777777777777777,76.56587655900022,80.41008580654893,71.32749401432531,76.40463092561002,76.61522817942183,,
ji_chang_shiji_tai_si_ten,flag_filtered,95,10,503,25,516,502,33,1525,465,4,1104.280751933201,341.60813695568794,3.111111111111111,76.37383207099676,80.41008580654893,71.16859935416024,76.20985175522436,76.42455921630864,,
ji_chang_shiji_tai_si_ten,flag_filtered,99,50.7800000000002,503,6,516,502,33,1525,465,4,1412.024487917147,434.65551208285405,4,76.46286784484298,80.41008580654893,71.71434251569293,76.29760347100235,76.51374024235125,,
ji_chang_shiji_tai_si_ten,historical_filtered,90,6.799999999999997,103,11,104,103,2,201,127,0,178.7611111111111,100.03888888888888,0,64.11804559222064,71.87432578209277,66.69173542795976,64.11804559222064,64.11804559222064,,
ji_chang_shiji_tai_si_ten,historical_filtered,95,7.8999999999999915,103,6,104,103,2,201,127,0,182.23591269841268,104.16408730158726,0,63.62985778575864,71.87432578209277,66.27864893912049,63.62985778575864,63.62985778575864,,
ji_chang_shiji_tai_si_ten,historical_filtered,99,13.980000000000004,103,2,104,103,2,201,127,0,190.58738095238095,115.37261904761905,0,62.29160052045396,71.87432578209277,65.20559866490099,62.29160052045396,62.29160052045396,,
job_both_families,all,90,8,526,51,539,525,33,63156,483,4,1124.3639634827546,333.74714762835663,2.888888888888889,77.11099345686802,80.11977690831955,74.22625883613404,76.95851906110572,77.15625272906526,,
job_both_families,all,95,13,526,26,539,525,33,63156,483,4,1275.3957335887687,375.1598219667867,3.4444444444444446,77.27069405788569,80.11977690831955,74.53023178391734,77.10977833063899,77.31802769245546,,
job_both_families,all,99,100,526,5,539,525,33,63156,483,4,2349.019801980198,482.98019801980195,4,82.9456144767019,80.11977690831955,76.17642473696306,82.82862489351896,82.96966861707327,,
job_both_families,flag_filtered,90,7,503,48,516,502,33,1622,468,4,1007.7770819087962,308.4451403134259,2.7777777777777777,76.56587655900022,80.41008580654893,71.32749401432531,76.40463092561002,76.61522817942183,,
job_both_families,flag_filtered,95,11,503,23,516,502,33,1622,468,4,1123.5088271265213,349.26895065125666,3.2222222222222223,76.28502032545221,80.41008580654893,71.17328391839104,76.11848422266404,76.33679196129698,,
job_both_families,flag_filtered,99,59.820000000000164,503,6,516,502,33,1622,468,4,1503.4664211737636,448.4535788262372,4,77.02500210939807,80.41008580654893,71.72414533263235,76.8674803250523,77.07198766686587,,
job_both_families,historical_filtered,90,6.799999999999997,103,11,104,103,2,201,127,0,178.7611111111111,100.03888888888888,0,64.11804559222064,71.87432578209277,66.69173542795976,64.11804559222064,64.11804559222064,,
job_both_families,historical_filtered,95,7.8999999999999915,103,6,104,103,2,201,127,0,182.23591269841268,104.16408730158726,0,63.62985778575864,71.87432578209277,66.27864893912049,63.62985778575864,63.62985778575864,,
job_both_families,historical_filtered,99,13.980000000000004,103,2,104,103,2,201,127,0,190.58738095238095,115.37261904761905,0,62.29160052045396,71.87432578209277,65.20559866490099,62.29160052045396,62.29160052045396,,
katayun_farshidvard_reading,all,90,8,526,51,539,525,33,63149,480,4,1124.3639634827546,333.74714762835663,2.888888888888889,77.11099345686802,80.11977690831955,74.22625883613404,76.95851906110572,77.15625272906526,,
katayun_farshidvard_reading,all,95,13,526,25,539,525,33,63149,480,4,1273.2957335887688,374.25982196678666,3.4444444444444446,77.28393311504531,80.11977690831955,74.5347962532201,77.12269737060987,77.33132513829275,,
katayun_farshidvard_reading,all,99,100,526,5,539,525,33,63149,480,4,2342.019801980198,479.98019801980195,4,82.99148837633587,80.11977690831955,76.1801709407023,82.87401988606504,83.01556270276708,,
katayun_farshidvard_reading,flag_filtered,90,7,503,48,516,502,33,1615,465,4,1007.7770819087962,308.4451403134259,2.7777777777777777,76.56587655900022,80.41008580654893,71.32749401432531,76.40463092561002,76.61522817942183,,
katayun_farshidvard_reading,flag_filtered,95,10.899999999999977,503,26,516,502,33,1615,465,4,1120.956019607189,348.2328692816996,3.2111111111111086,76.29761074867238,80.41008580654893,71.17438368557312,76.13121567557657,76.34930254810516,,
katayun_farshidvard_reading,flag_filtered,99,59.820000000000164,503,6,516,502,33,1615,465,4,1496.4664211737636,445.4535788262372,4,77.06117765787278,80.41008580654893,71.72959650244434,76.90277201394522,77.10833031027806,,
katayun_farshidvard_reading,historical_filtered,90,6.799999999999997,103,11,104,103,2,201,127,0,178.7611111111111,100.03888888888888,0,64.11804559222064,71.87432578209277,66.69173542795976,64.11804559222064,64.11804559222064,,
katayun_farshidvard_reading,historical_filtered,95,7.8999999999999915,103,6,104,103,2,201,127,0,182.23591269841268,104.16408730158726,0,63.62985778575864,71.87432578209277,66.27864893912049,63.62985778575864,63.62985778575864,,
katayun_farshidvard_reading,historical_filtered,99,13.980000000000004,103,2,104,103,2,201,127,0,190.58738095238095,115.37261904761905,0,62.29160052045396,71.87432578209277,65.20559866490099,62.29160052045396,62.29160052045396,,
kesari_brahmanda_five,all,90,8,526,51,539,525,33,63153,480,4,1128.3639634827546,333.74714762835663,2.888888888888889,77.17361251876883,80.11977690831955,74.24640463550061,77.02143095445423,77.21862473526576,,
kesari_brahmanda_five,all,95,13,526,25,539,525,33,63153,480,4,1277.2957335887688,374.25982196678666,3.4444444444444446,77.33895049985819,80.11977690831955,74.55109847605365,77.17798994494072,77.3861134763271,,
kesari_brahmanda_five,all,99,100,526,5,539,525,33,63153,480,4,2346.019801980198,479.98019801980195,4,83.01556270276708,80.11977690831955,76.1823987536742,82.89822621838155,83.0395689745653,,
kesari_brahmanda_five,flag_filtered,90,7,503,48,516,502,33,1619,465,4,1011.7770819087962,308.4451403134259,2.7777777777777777,76.63687710132271,80.41008580654893,71.35864972729921,76.47596990996192,76.68593043738277,,
kesari_brahmanda_five,flag_filtered,95,10.899999999999977,503,26,516,502,33,1619,465,4,1124.956019607189,348.2328692816996,3.2111111111111086,76.36196743620945,80.41008580654893,71.20431753982562,76.19588320287113,76.41337921418994,,
kesari_brahmanda_five,flag_filtered,99,59.820000000000164,503,6,516,502,33,1619,465,4,1500.4664211737636,445.4535788262372,4,77.10833031027806,80.41008580654893,71.75899653184437,76.95015288697807,77.15528950796765,,
kesari_brahmanda_five,historical_filtered,90,6.799999999999997,103,11,104,103,2,201,127,0,178.7611111111111,100.03888888888888,0,64.11804559222064,71.87432578209277,66.69173542795976,64.11804559222064,64.11804559222064,,
kesari_brahmanda_five,historical_filtered,95,7.8999999999999915,103,6,104,103,2,201,127,0,182.23591269841268,104.16408730158726,0,63.62985778575864,71.87432578209277,66.27864893912049,63.62985778575864,63.62985778575864,,
kesari_brahmanda_five,historical_filtered,99,13.980000000000004,103,2,104,103,2,201,127,0,190.58738095238095,115.37261904761905,0,62.29160052045396,71.87432578209277,65.20559866490099,62.29160052045396,62.29160052045396,,
khalid_mughultay_five,all,90,8,526,51,539,525,33,63150,480,4,1125.3639634827546,333.74714762835663,2.888888888888889,77.12668040926584,80.11977690831955,74.23057548962078,76.97427930798594,77.17187772719859,,
khalid_mughultay_five,all,95,13,526,25,539,525,33,63150,480,4,1274.2957335887688,374.25982196678666,3.4444444444444446,77.29771249106234,80.11977690831955,74.53887583838933,77.13654561675357,77.34504709644149,,
khalid_mughultay_five,all,99,100,526,5,539,525,33,63150,480,4,2343.019801980198,479.98019801980195,4,82.99751335388586,80.11977690831955,76.18401222267862,82.88007789105758,83.02157063955423,,
khalid_mughultay_five,flag_filtered,90,7,503,48,516,502,33,1616,465,4,1008.7770819087962,308.4451403134259,2.7777777777777777,76.58366712087023,80.41008580654893,71.33188088886723,76.42250620521183,76.63294391564955,,
khalid_mughultay_five,flag_filtered,95,10.899999999999977,503,26,516,502,33,1616,465,4,1121.956019607189,348.2328692816996,3.2111111111111086,76.31373275138269,80.41008580654893,71.1785583459319,76.14741547490087,76.36535433136285,,
khalid_mughultay_five,flag_filtered,99,59.820000000000164,503,6,516,502,33,1616,465,4,1497.4664211737636,445.4535788262372,4,77.07298402269589,80.41008580654893,71.73343778442067,76.91463548444533,77.12008819950296,,
khalid_mughultay_five,historical_filtered,90,6.799999999999997,103,11,104,103,2,202,127,0,179.7611111111111,100.03888888888888,0,64.24628703041856,71.87432578209277,66.77605725619992,64.24628703041856,64.24628703041856,,
khalid_mughultay_five,historical_filtered,95,7.8999999999999915,103,6,104,103,2,202,127,0,183.23591269841268,104.16408730158726,0,63.756406645237554,71.87432578209277,66.36180382086948,63.756406645237554,63.756406645237554,,
khalid_mughultay_five,historical_filtered,99,13.980000000000004,103,2,104,103,2,202,127,0,191.58738095238095,115.37261904761905,0,62.414445189073795,71.87432578209277,65.28575092168387,62.414445189073795,62.414445189073795,,
lot_two_daughters,all,90,8,526,51,539,525,33,63149,478,4,1124.3639634827546,331.74714762835663,2.888888888888889,77.21690706863632,80.11977690831955,74.24600105429585,77.06401394672751,77.26201866837857,,
lot_two_daughters,all,95,13,526,25,539,525,33,63149,478,4,1273.2957335887688,372.25982196678666,3.4444444444444446,77.37786362119459,80.11977690831955,74.55227190780646,77.21623611817883,77.4251169213592,,
lot_two_daughters,all,99,100,526,5,539,525,33,63149,478,4,2342.019801980198,477.98019801980195,4,83.05034758795028,80.11977690831955,76.18940603999584,82.93271253470957,83.07435559419964,,
lot_two_daughters,flag_filtered,90,7,503,48,516,502,33,1615,463,4,1007.7770819087962,306.4451403134259,2.7777777777777777,76.68239547834939,80.41008580654893,71.34798117068019,76.5206592185874,76.73157628599651,,
lot_two_daughters,flag_filtered,95,10.899999999999977,503,26,516,502,33,1615,463,4,1120.956019607189,346.23286928169966,3.2111111111111086,76.40161591300598,80.41008580654893,71.19258423896112,76.23476738351394,76.45315089215859,,
lot_two_daughters,flag_filtered,99,59.820000000000164,503,6,516,502,33,1615,463,4,1496.4664211737636,443.4535788262372,4,77.14062544711962,80.41008580654893,71.73988862857033,76.98189334817086,77.18766313293567,,
lot_two_daughters,historical_filtered,90,6.799999999999997,103,11,104,103,2,201,127,0,178.7611111111111,100.03888888888888,0,64.11804559222064,71.87432578209277,66.69173542795976,64.11804559222064,64.11804559222064,,
lot_two_daughters,historical_filtered,95,7.8999999999999915,103,6,104,103,2,201,127,0,182.23591269841268,104.16408730158726,0,63.62985778575864,71.87432578209277,66.27864893912049,63.62985778575864,63.62985778575864,,
lot_two_daughters,historical_filtered,99,13.980000000000004,103,2,104,103,2,201,127,0,190.58738095238095,115.37261904761905,0,62.29160052045396,71.87432578209277,65.20559866490099,62.29160052045396,62.29160052045396,,
louhi_two_daughters_scope,all,90,8,526,51,539,525,33,63148,480,4,1123.3639634827546,333.74714762835663,2.888888888888889,77.09528497288997,80.0562848448275,73.72120833108353,76.9427372248462,77.1406063268249,,
louhi_two_daughters_scope,all,95,13,526,25,539,525,33,63148,480,4,1272.2957335887688,374.25982196678666,3.4444444444444446,77.2701370018147,80.0562848448275,74.02974574816959,77.10883233871327,77.31758654746747,,
louhi_two_daughters_scope,all,99,100,526,5,539,525,33,63148,480,4,2341.019801980198,479.98019801980195,4,82.98545912726685,80.0562848448275,75.67512043565179,82.8679575922194,83.00955051257338,,
louhi_two_daughters_scope,flag_filtered,90,7,503,48,516,502,33,1614,465,4,1006.7770819087962,308.4451403134259,2.7777777777777777,76.54805894381317,80.34368474413193,70.8224435092748,76.38672852115296,76.59748556043809,,
louhi_two_daughters_scope,flag_filtered,95,10.899999999999977,503,26,516,502,33,1614,465,4,1119.956019607189,348.2328692816996,3.2111111111111086,76.28146678420657,80.34368474413193,70.66933318052261,76.11499385667999,76.33322894646597,,
louhi_two_daughters_scope,flag_filtered,99,59.820000000000164,503,6,516,502,33,1614,465,4,1495.4664211737636,445.4535788262372,4,77.04935912730885,80.34368474413193,71.22454599739383,76.89089634400196,77.09656033018135,,
louhi_two_daughters_scope,historical_filtered,90,6.799999999999997,103,11,104,103,2,201,127,0,178.7611111111111,100.03888888888888,0,64.11804559222064,71.87432578209277,66.69173542795976,64.11804559222064,64.11804559222064,,
louhi_two_daughters_scope,historical_filtered,95,7.8999999999999915,103,6,104,103,2,201,127,0,182.23591269841268,104.16408730158726,0,63.62985778575864,71.87432578209277,66.27864893912049,63.62985778575864,63.62985778575864,,
louhi_two_daughters_scope,historical_filtered,99,13.980000000000004,103,2,104,103,2,201,127,0,190.58738095238095,115.37261904761905,0,62.29160052045396,71.87432578209277,65.20559866490099,62.29160052045396,62.29160052045396,,
mahavira_digambara_celibacy,all,90,8,525,51,539,524,33,63149,479,4,1124.3639634827546,332.74714762835663,2.888888888888889,77.16391391905437,80.27267724593085,74.37676388663908,77.01123037553113,77.20909947750982,,
mahavira_digambara_celibacy,all,95,13,525,25,539,524,33,63149,479,4,1273.2957335887688,373.25982196678666,3.4444444444444446,77.33086984478656,80.27267724593085,74.65651342493727,77.16943839931933,77.37819260807353,,
mahavira_digambara_celibacy,all,99,100,525,5,539,524,33,63149,479,4,2342.019801980198,478.98019801980195,4,83.02090754981205,80.27267724593085,76.20718039138775,82.90335582230789,83.04494874266187,,
mahavira_digambara_celibacy,flag_filtered,90,7,502,48,516,501,33,1615,464,4,1007.7770819087962,307.4451403134259,2.7777777777777777,76.62409172238883,80.5705849798155,71.54394423077554,76.46260105529561,76.67335809458073,,
mahavira_digambara_celibacy,flag_filtered,95,10.949999999999989,502,26,516,501,33,1615,464,4,1121.8824233668554,347.6009099664781,3.2166666666666655,76.3453656069722,80.5705849798155,71.39109805329772,76.17861230168094,76.39703198434997,,
mahavira_digambara_celibacy,flag_filtered,99,59.91000000000008,502,6,516,501,33,1615,464,4,1496.8989182968935,444.5610817031071,4,77.10171305599359,80.5705849798155,71.94617649199726,76.94318661380306,77.14879351397063,,
mahavira_digambara_celibacy,historical_filtered,90,6.799999999999997,103,11,104,103,2,201,127,0,178.7611111111111,100.03888888888888,0,64.11804559222064,71.87432578209277,66.69173542795976,64.11804559222064,64.11804559222064,,
mahavira_digambara_celibacy,historical_filtered,95,7.8999999999999915,103,6,104,103,2,201,127,0,182.23591269841268,104.16408730158726,0,63.62985778575864,71.87432578209277,66.27864893912049,63.62985778575864,63.62985778575864,,
mahavira_digambara_celibacy,historical_filtered,99,13.980000000000004,103,2,104,103,2,201,127,0,190.58738095238095,115.37261904761905,0,62.29160052045396,71.87432578209277,65.20559866490099,62.29160052045396,62.29160052045396,,
manasa_shiva_lotus,all,90,8,525,51,539,524,32,63149,480,4,1124.3639634827546,333.74714762835663,2.888888888888889,77.11099345686802,80.2090640143787,76.5088156572807,76.95851906110572,77.15625272906526,,
manasa_shiva_lotus,all,95,13,525,25,539,524,32,63149,480,4,1273.2957335887688,374.25982196678666,3.4444444444444446,77.28393311504531,80.2090640143787,76.83644247735215,77.12269737060987,77.33132513829275,,
manasa_shiva_lotus,all,99,100,525,5,539,524,32,63149,480,4,2342.019801980198,479.98019801980195,4,82.99148837633587,80.2090640143787,78.54874466319957,82.87401988606504,83.01556270276708,,
manasa_shiva_lotus,flag_filtered,90,7,502,48,516,501,32,1615,465,4,1007.7770819087962,308.4451403134259,2.7777777777777777,76.56587655900022,80.50405138034778,73.51643261932486,76.40463092561002,76.61522817942183,,
manasa_shiva_lotus,flag_filtered,95,10.949999999999989,502,26,516,501,32,1615,465,4,1121.8824233668554,348.6009099664781,3.2166666666666655,76.29344705483607,80.50405138034778,73.36860004835866,76.12692022574846,76.34519169664938,,
manasa_shiva_lotus,flag_filtered,99,59.91000000000008,502,6,516,501,32,1615,465,4,1496.8989182968935,445.5610817031071,4,77.06202023706501,80.50405138034778,73.9571068225299,76.90365680758367,77.10915807655401,,
manasa_shiva_lotus,historical_filtered,90,6.799999999999997,103,11,104,103,2,201,127,0,178.7611111111111,100.03888888888888,0,64.11804559222064,71.87432578209277,66.69173542795976,64.11804559222064,64.11804559222064,,
manasa_shiva_lotus,historical_filtered,95,7.8999999999999915,103,6,104,103,2,201,127,0,182.23591269841268,104.16408730158726,0,63.62985778575864,71.87432578209277,66.27864893912049,63.62985778575864,63.62985778575864,,
manasa_shiva_lotus,historical_filtered,99,13.980000000000004,103,2,104,103,2,201,127,0,190.58738095238095,115.37261904761905,0,62.29160052045396,71.87432578209277,65.20559866490099,62.29160052045396,62.29160052045396,,
mandodari_mani_three,all,90,8,525,51,539,524,33,63149,480,4,1124.3639634827546,333.74714762835663,2.888888888888889,77.11099345686802,80.08183755127436,74.22625883613404,76.95851906110572,77.15625272906526,,
mandodari_mani_three,all,95,13,525,25,539,524,33,63149,480,4,1273.2957335887688,374.25982196678666,3.4444444444444446,77.28393311504531,80.08183755127436,74.5347962532201,77.12269737060987,77.33132513829275,,
mandodari_mani_three,all,99,100,525,5,539,524,33,63149,480,4,2342.019801980198,479.98019801980195,4,82.99148837633587,80.08183755127436,76.1801709407023,82.87401988606504,83.01556270276708,,
mandodari_mani_three,flag_filtered,90,7,502,48,516,501,33,1615,465,4,1007.7770819087962,308.4451403134259,2.7777777777777777,76.56587655900022,80.37098418141231,71.32749401432531,76.40463092561002,76.61522817942183,,
mandodari_mani_three,flag_filtered,95,10.949999999999989,502,26,516,501,33,1615,465,4,1121.8824233668554,348.6009099664781,3.2166666666666655,76.29344705483607,80.37098418141231,71.1746478368475,76.12692022574846,76.34519169664938,,
mandodari_mani_three,flag_filtered,99,59.91000000000008,502,6,516,501,33,1615,465,4,1496.8989182968935,445.5610817031071,4,77.06202023706501,80.37098418141231,71.72972627554705,76.90365680758367,77.10915807655401,,
mandodari_mani_three,historical_filtered,90,6.799999999999997,103,11,104,103,2,201,127,0,178.7611111111111,100.03888888888888,0,64.11804559222064,71.87432578209277,66.69173542795976,64.11804559222064,64.11804559222064,,
mandodari_mani_three,historical_filtered,95,7.8999999999999915,103,6,104,103,2,201,127,0,182.23591269841268,104.16408730158726,0,63.62985778575864,71.87432578209277,66.27864893912049,63.62985778575864,63.62985778575864,,
mandodari_mani_three,historical_filtered,99,13.980000000000004,103,2,104,103,2,201,127,0,190.58738095238095,115.37261904761905,0,62.29160052045396,71.87432578209277,65.20559866490099,62.29160052045396,62.29160052045396,,
mary_catholic_kinship,all,90,8,526,51,539,525,33,63145,478,4,1120.3639634827546,331.74714762835663,2.888888888888889,77.15414852968696,80.17419867702704,74.22723133389728,77.00095968953639,77.19950875406484,,
mary_catholic_kinship,all,95,13,526,25,539,525,33,63145,478,4,1269.2957335887688,372.25982196678666,3.4444444444444446,77.32273996411885,80.17419867702704,74.5347962532201,77.16083486861817,77.37022358864519,,
mary_catholic_kinship,all,99,100,526,5,539,525,33,63145,478,4,2338.019801980198,477.98019801980195,4,83.02627137713772,80.17419867702704,76.1801709407023,82.90850361631908,83.05034758795028,,
mary_catholic_kinship,flag_filtered,90,7,503,48,516,502,33,1611,463,4,1003.7770819087963,306.4451403134259,2.7777777777777777,76.61120876169578,80.46700100290636,71.32899046026621,76.44913038147725,76.66068999897746,,
mary_catholic_kinship,flag_filtered,95,10.899999999999977,503,26,516,502,33,1611,463,4,1116.956019607189,346.23286928169966,3.2111111111111086,76.3371037115638,80.46700100290636,71.17438368557312,76.16994132618584,76.38892053452673,,
mary_catholic_kinship,flag_filtered,99,59.820000000000164,503,6,516,502,33,1611,463,4,1492.4664211737636,443.4535788262372,4,77.09339338266885,80.46700100290636,71.72959650244434,76.93443137726106,77.14062544711962,,
mary_catholic_kinship,historical_filtered,90,6.799999999999997,103,11,104,103,2,201,127,0,178.7611111111111,100.03888888888888,0,64.11804559222064,71.87432578209277,66.69173542795976,64.11804559222064,64.11804559222064,,
mary_catholic_kinship,historical_filtered,95,7.8999999999999915,103,6,104,103,2,201,127,0,182.23591269841268,104.16408730158726,0,63.62985778575864,71.87432578209277,66.27864893912049,63.62985778575864,63.62985778575864,,
mary_catholic_kinship,historical_filtered,99,13.980000000000004,103,2,104,103,2,201,127,0,190.58738095238095,115.37261904761905,0,62.29160052045396,71.87432578209277,65.20559866490099,62.29160052045396,62.29160052045396,,
menelaus_apollodorus_nicostratus,all,90,8,526,51,539,525,33,63150,480,4,1125.3639634827546,333.74714762835663,2.888888888888889,77.12668040926584,80.21501500355764,74.28632238724617,76.97427930798594,77.17187772719859,,
menelaus_apollodorus_nicostratus,all,95,13,526,25,539,525,33,63150,480,4,1274.2957335887688,374.25982196678666,3.4444444444444446,77.29771249106234,80.21501500355764,74.57586190693398,77.13654561675357,77.34504709644149,,
menelaus_apollodorus_nicostratus,all,99,100,526,5,539,525,33,63150,480,4,2343.019801980198,479.98019801980195,4,82.99751335388586,80.21501500355764,76.20460886836602,82.88007789105758,83.02157063955423,,
menelaus_apollodorus_nicostratus,flag_filtered,90,7,503,48,516,502,33,1616,465,4,1008.7770819087962,308.4451403134259,2.7777777777777777,76.58366712087023,80.50968740017443,71.393370167158,76.42250620521183,76.63294391564955,,
menelaus_apollodorus_nicostratus,flag_filtered,95,10.899999999999977,503,26,516,502,33,1616,465,4,1121.956019607189,348.2328692816996,3.2111111111111086,76.31373275138269,80.50968740017443,71.2218847162509,76.14741547490087,76.36535433136285,,
menelaus_apollodorus_nicostratus,flag_filtered,99,59.820000000000164,503,6,516,502,33,1616,465,4,1497.4664211737636,445.4535788262372,4,77.07298402269589,80.50968740017443,71.75403443010808,76.91463548444533,77.12008819950296,,
menelaus_apollodorus_nicostratus,historical_filtered,90,6.799999999999997,103,11,104,103,2,201,127,0,178.7611111111111,100.03888888888888,0,64.11804559222064,71.87432578209277,66.69173542795976,64.11804559222064,64.11804559222064,,
menelaus_apollodorus_nicostratus,historical_filtered,95,7.8999999999999915,103,6,104,103,2,201,127,0,182.23591269841268,104.16408730158726,0,63.62985778575864,71.87432578209277,66.27864893912049,63.62985778575864,63.62985778575864,,
menelaus_apollodorus_nicostratus,historical_filtered,99,13.980000000000004,103,2,104,103,2,201,127,0,190.58738095238095,115.37261904761905,0,62.29160052045396,71.87432578209277,65.20559866490099,62.29160052045396,62.29160052045396,,
musa_irshad_english_37,all,90,8,526,51,539,525,33,63150,479,4,1124.5861857049767,333.52492540613446,2.888888888888889,77.12623387445545,80.12506791361056,74.22879997075064,76.97372934325644,77.17146301121599,,
musa_irshad_english_37,all,95,13,526,25,539,525,33,63150,479,4,1273.65684469988,373.8987108556755,3.4444444444444446,77.30585110803156,80.12506791361056,74.53862239340988,77.14456963657662,77.3531974042595,,
musa_irshad_english_37,all,99,100,526,5,539,525,33,63150,479,4,2343.019801980198,478.98019801980195,4,83.02692423742728,80.12506791361056,76.18991468034957,82.90940559024055,83.05094840694261,,
musa_irshad_english_37,flag_filtered,90,7,503,48,516,502,33,1616,464,4,1007.9715263532406,308.25069586898144,2.7777777777777777,76.58064947812903,80.41561922841703,71.32977783443859,76.41937273337685,76.62996998718866,,
musa_irshad_english_37,flag_filtered,95,10.899999999999977,503,26,516,502,33,1616,464,4,1121.258797384967,347.93009150392186,3.2111111111111086,76.31821924769301,80.41561922841703,71.17768883116933,76.15177923016618,76.36986610269477,,
musa_irshad_english_37,flag_filtered,99,59.820000000000164,503,6,516,502,33,1616,464,4,1497.4664211737636,444.4535788262372,4,77.11267308507884,80.41561922841703,71.73934024209161,76.95416158802844,77.15971988436128,,
musa_irshad_english_37,historical_filtered,90,6.799999999999997,103,11,104,103,2,202,126,0,178.95,99.85,0,64.18579626972742,71.90129449838187,66.7342396783848,64.18579626972742,64.18579626972742,,
musa_irshad_english_37,historical_filtered,95,7.8999999999999915,103,6,104,103,2,202,126,0,182.4553571428571,103.94464285714281,0,63.706479449321634,71.90129449838187,66.32666741711708,63.706479449321634,63.706479449321634,,
musa_irshad_english_37,historical_filtered,99,13.980000000000004,103,2,104,103,2,202,126,0,190.9757142857143,114.98428571428573,0,62.41852342976673,71.90129449838187,65.284541040355,62.41852342976673,62.41852342976673,,
muttalib_fatimah_tabari,all,90,8,526,51,539,525,33,63150,478,4,1125.3639634827546,331.74714762835663,2.888888888888889,77.23254286521878,80.15719187430594,74.24486632186559,77.07972352621606,77.27759262819475,,
muttalib_fatimah_tabari,all,95,13,526,25,539,525,33,63150,478,4,1274.2957335887688,372.25982196678666,3.4444444444444446,77.39160268775842,80.15719187430594,74.5519533238062,77.2300444599254,77.4387986686796,,
muttalib_fatimah_tabari,all,99,100,526,5,539,525,33,63150,478,4,2343.019801980198,477.98019801980195,4,83.05635597235725,80.15719187430594,76.19585521839258,82.93875405239639,83.08034697275038,,
muttalib_fatimah_tabari,flag_filtered,90,7,503,47,516,502,33,1616,463,4,1009.1520819087962,307.0701403134259,2.7777777777777777,76.67034220141116,80.44921500404467,71.34364388512635,76.50887656624685,76.71947382005868,,
muttalib_fatimah_tabari,flag_filtered,95,10.899999999999977,503,26,516,502,33,1616,463,4,1121.956019607189,346.2328692816996,3.2111111111111086,76.41768903838216,80.44921500404467,71.19208992449087,76.25091882609686,76.46915391588286,,
muttalib_fatimah_tabari,flag_filtered,99,59.820000000000164,503,6,516,502,33,1616,463,4,1497.4664211737636,443.4535788262372,4,77.15240304462641,80.44921500404467,71.74528078013464,76.99372833709165,77.19939232327103,,
muttalib_fatimah_tabari,historical_filtered,90,6.799999999999997,103,11,104,103,2,202,125,0,180.09682539682538,98.70317460317459,0,64.59713966887568,72.0650331329943,66.99230119882256,64.59713966887568,64.59713966887568,,
muttalib_fatimah_tabari,historical_filtered,95,7,103,5,104,103,2,202,125,0,181.30555555555554,99.69444444444444,0,64.52155001977066,72.0650331329943,66.95612729741019,64.52155001977066,64.52155001977066,,
muttalib_fatimah_tabari,historical_filtered,99,13.980000000000004,103,2,104,103,2,202,125,0,191.58738095238095,113.37261904761905,0,62.823773921950725,72.0650331329943,65.53302191222667,62.823773921950725,62.823773921950725,,
muttalib_nutaylah_ibn_sad,all,90,8,526,51,539,525,33,63150,480,4,1125.3639634827546,333.74714762835663,2.888888888888889,77.12668040926584,80.11977690831955,74.23057548962078,76.97427930798594,77.17187772719859,,
muttalib_nutaylah_ibn_sad,all,95,13,526,25,539,525,33,63150,480,4,1274.2957335887688,374.25982196678666,3.4444444444444446,77.29771249106234,80.11977690831955,74.53887583838933,77.13654561675357,77.34504709644149,,
muttalib_nutaylah_ibn_sad,all,99,100,526,5,539,525,33,63150,480,4,2343.019801980198,479.98019801980195,4,82.99751335388586,80.11977690831955,76.18401222267862,82.88007789105758,83.02157063955423,,
muttalib_nutaylah_ibn_sad,flag_filtered,90,7,503,48,516,502,33,1616,465,4,1008.7770819087962,308.4451403134259,2.7777777777777777,76.58366712087023,80.41008580654893,71.33188088886723,76.42250620521183,76.63294391564955,,
muttalib_nutaylah_ibn_sad,flag_filtered,95,10.899999999999977,503,26,516,502,33,1616,465,4,1121.956019607189,348.2328692816996,3.2111111111111086,76.31373275138269,80.41008580654893,71.1785583459319,76.14741547490087,76.36535433136285,,
muttalib_nutaylah_ibn_sad,flag_filtered,99,59.820000000000164,503,6,516,502,33,1616,465,4,1497.4664211737636,445.4535788262372,4,77.07298402269589,80.41008580654893,71.73343778442067,76.91463548444533,77.12008819950296,,
muttalib_nutaylah_ibn_sad,historical_filtered,90,6.799999999999997,103,11,104,103,2,202,127,0,179.7611111111111,100.03888888888888,0,64.24628703041856,71.87432578209277,66.77605725619992,64.24628703041856,64.24628703041856,,
muttalib_nutaylah_ibn_sad,historical_filtered,95,7.8999999999999915,103,6,104,103,2,202,127,0,183.23591269841268,104.16408730158726,0,63.756406645237554,71.87432578209277,66.36180382086948,63.756406645237554,63.756406645237554,,
muttalib_nutaylah_ibn_sad,historical_filtered,99,13.980000000000004,103,2,104,103,2,202,127,0,191.58738095238095,115.37261904761905,0,62.414445189073795,71.87432578209277,65.28575092168387,62.414445189073795,62.414445189073795,,
numa_four_sons,all,90,8,527,51,539,526,33,63153,480,4,1128.3639634827546,333.74714762835663,2.888888888888889,77.17361251876883,80.15757200925431,74.38859649847168,77.02143095445423,77.21862473526576,,
numa_four_sons,all,95,13,527,25,539,526,33,63153,480,4,1277.2957335887688,374.25982196678666,3.4444444444444446,77.33895049985819,80.15757200925431,74.69713391555776,77.17798994494072,77.3861134763271,,
numa_four_sons,all,99,100,527,5,539,526,33,63153,480,4,2346.019801980198,479.98019801980195,4,83.01556270276708,80.15757200925431,76.34250860303996,82.89822621838155,83.0395689745653,,
numa_four_sons,flag_filtered,90,7,504,48,516,503,33,1619,465,4,1011.7770819087962,308.4451403134259,2.7777777777777777,76.63687710132271,80.44903195802696,71.58001926685057,76.47596990996192,76.68593043738277,,
numa_four_sons,flag_filtered,95,10.849999999999966,504,26,516,503,33,1619,465,4,1124.0296158475226,347.86482859692114,3.2055555555555517,76.36618373621076,80.44903195802696,71.42663908208313,76.20023156718345,76.41754263460638,,
numa_four_sons,flag_filtered,99,59.729999999999734,504,6,516,503,33,1619,465,4,1500.0339240506316,445.34607594936676,4,77.1075020844582,80.44903195802696,71.98199171513245,76.949282543713025,77.15447598983437,,
numa_four_sons,historical_filtered,90,6.799999999999997,103,11,104,103,2,201,127,0,178.7611111111111,100.03888888888888,0,64.11804559222064,71.87432578209277,66.69173542795976,64.11804559222064,64.11804559222064,,
numa_four_sons,historical_filtered,95,7.8999999999999915,103,6,104,103,2,201,127,0,182.23591269841268,104.16408730158726,0,63.62985778575864,71.87432578209277,66.27864893912049,63.62985778575864,63.62985778575864,,
numa_four_sons,historical_filtered,99,13.980000000000004,103,2,104,103,2,201,127,0,190.58738095238095,115.37261904761905,0,62.29160052045396,71.87432578209277,65.20559866490099,62.29160052045396,62.29160052045396,,
numa_lucretia_pompilia,all,90,8,526,51,539,525,33,63149,480,4,1124.3639634827546,333.74714762835663,2.888888888888889,77.11099345686802,80.11977690831955,74.22625883613404,76.95851906110572,77.15625272906526,,
numa_lucretia_pompilia,all,95,13,526,25,539,525,33,63149,480,4,1273.2957335887688,374.25982196678666,3.4444444444444446,77.28393311504531,80.11977690831955,74.5347962532201,77.12269737060987,77.33132513829275,,
numa_lucretia_pompilia,all,99,100,526,5,539,525,33,63149,480,4,2342.019801980198,479.98019801980195,4,82.99148837633587,80.11977690831955,76.1801709407023,82.87401988606504,83.01556270276708,,
numa_lucretia_pompilia,flag_filtered,90,7,503,48,516,502,33,1615,465,4,1007.7770819087962,308.4451403134259,2.7777777777777777,76.56587655900022,80.41008580654893,71.32749401432531,76.40463092561002,76.61522817942183,,
numa_lucretia_pompilia,flag_filtered,95,10.899999999999977,503,26,516,502,33,1615,465,4,1120.956019607189,348.2328692816996,3.2111111111111086,76.29761074867238,80.41008580654893,71.17438368557312,76.13121567557657,76.34930254810516,,
numa_lucretia_pompilia,flag_filtered,99,59.820000000000164,503,6,516,502,33,1615,465,4,1496.4664211737636,445.4535788262372,4,77.06117765787278,80.41008580654893,71.72959650244434,76.90277201394522,77.10833031027806,,
numa_lucretia_pompilia,historical_filtered,90,6.799999999999997,103,11,104,103,2,201,127,0,178.7611111111111,100.03888888888888,0,64.11804559222064,71.87432578209277,66.69173542795976,64.11804559222064,64.11804559222064,,
numa_lucretia_pompilia,historical_filtered,95,7.8999999999999915,103,6,104,103,2,201,127,0,182.23591269841268,104.16408730158726,0,63.62985778575864,71.87432578209277,66.27864893912049,63.62985778575864,63.62985778575864,,
numa_lucretia_pompilia,historical_filtered,99,13.980000000000004,103,2,104,103,2,201,127,0,190.58738095238095,115.37261904761905,0,62.29160052045396,71.87432578209277,65.20559866490099,62.29160052045396,62.29160052045396,,
nut_plutarch_epagomenal,all,90,8,528,51,539,527,33,63150,480,4,1125.3639634827546,333.74714762835663,2.888888888888889,77.12668040926584,80.00547035458779,74.27082211599142,76.97427930798594,77.17187772719859,,
nut_plutarch_epagomenal,all,95,13,528,25,539,527,33,63150,480,4,1274.2957335887688,374.25982196678666,3.4444444444444446,77.29771249106234,80.00547035458779,74.5793595330775,77.13654561675357,77.34504709644149,,
nut_plutarch_epagomenal,all,99,100,528,5,539,527,33,63150,480,4,2343.019801980198,479.98019801980195,4,82.99751335388586,80.00547035458779,76.22473422055968,82.88007789105758,83.02157063955423,,
nut_plutarch_epagomenal,flag_filtered,90,7,505,48,516,504,33,1616,465,4,1008.7770819087962,308.4451403134259,2.7777777777777777,76.58366712087023,80.28941086287216,71.37205729418271,76.42250620521183,76.63294391564955,,
nut_plutarch_epagomenal,flag_filtered,95,10.799999999999955,505,26,516,504,33,1616,465,4,1120.1032120878563,347.4967879121426,3.199999999999995,76.32210493921075,80.28941086287216,71.21840149528703,76.1560519504934,76.37362062060491,,
nut_plutarch_epagomenal,flag_filtered,99,59.639999999999816,505,6,516,504,33,1616,465,4,1496.601426927502,445.23857307249693,4,77.07130489265352,80.28941086287216,71.77389943501097,76.91287191791221,77.11843866543514,,
nut_plutarch_epagomenal,historical_filtered,90,6.799999999999997,103,11,104,103,2,201,127,0,178.7611111111111,100.03888888888888,0,64.11804559222064,71.87432578209277,66.69173542795976,64.11804559222064,64.11804559222064,,
nut_plutarch_epagomenal,historical_filtered,95,7.8999999999999915,103,6,104,103,2,201,127,0,182.23591269841268,104.16408730158726,0,63.62985778575864,71.87432578209277,66.27864893912049,63.62985778575864,63.62985778575864,,
nut_plutarch_epagomenal,historical_filtered,99,13.980000000000004,103,2,104,103,2,201,127,0,190.58738095238095,115.37261904761905,0,62.29160052045396,71.87432578209277,65.20559866490099,62.29160052045396,62.29160052045396,,
paris_dictys_three,all,90,8,526,51,539,525,33,63152,479,4,1127.3639634827546,332.74714762835663,2.888888888888889,77.21083381283609,80.31025309879573,74.31486198925332,77.0583707096893,77.2558340650474,,
paris_dictys_three,all,95,13,526,25,539,525,33,63152,479,4,1276.2957335887688,373.25982196678666,3.4444444444444446,77.37209755017459,80.31025309879573,74.62038230895541,77.21087317536413,77.41924851985561,,
paris_dictys_three,all,99,100,526,5,539,525,33,63152,479,4,2345.019801980198,478.98019801980195,4,83.03894482932712,80.31025309879573,76.2657569964376,82.92149229067178,83.06293500637192,,
paris_dictys_three,flag_filtered,90,7,503,48,516,502,33,1618,464,4,1010.7770819087962,307.4451403134259,2.7777777777777777,76.67729043475359,80.60928899379992,71.41667962726753,76.5160546486598,76.72633305727283,,
paris_dictys_three,flag_filtered,95,10.899999999999977,503,26,516,502,33,1618,464,4,1123.956019607189,347.23286928169966,3.2111111111111086,76.39780507423853,80.60928899379992,71.26125216725715,76.23141749913111,76.44920854030792,,
paris_dictys_three,flag_filtered,99,59.820000000000164,503,6,516,502,33,1618,464,4,1499.4664211737636,444.4535788262372,4,77.13622068674447,80.60928899379992,71.81518255817966,76.97782358483731,77.18317082702384,,
paris_dictys_three,historical_filtered,90,6.799999999999997,103,11,104,103,2,201,127,0,178.7611111111111,100.03888888888888,0,64.11804559222064,71.87432578209277,66.69173542795976,64.11804559222064,64.11804559222064,,
paris_dictys_three,historical_filtered,95,7.8999999999999915,103,6,104,103,2,201,127,0,182.23591269841268,104.16408730158726,0,63.62985778575864,71.87432578209277,66.27864893912049,63.62985778575864,63.62985778575864,,
paris_dictys_three,historical_filtered,99,13.980000000000004,103,2,104,103,2,201,127,0,190.58738095238095,115.37261904761905,0,62.29160052045396,71.87432578209277,65.20559866490099,62.29160052045396,62.29160052045396,,
poseidon_apollodorus_rhode,all,90,8,526,51,539,525,33,63149,481,4,1124.3639634827546,334.74714762835663,2.888888888888889,77.05814553262861,80.02453881308146,74.19677101976097,76.90587985518157,77.1034782743942,,
poseidon_apollodorus_rhode,all,95,13,526,25,539,525,33,63149,481,4,1273.2957335887688,375.25982196678666,3.4444444444444446,77.2370533281588,80.02453881308146,74.50936713688189,77.07601292910223,77.28451440879016,,
poseidon_apollodorus_rhode,all,99,100,526,5,539,525,33,63149,481,4,2342.019801980198,480.98019801980195,4,82.96209004534884,80.02453881308146,76.15474182436408,82.84470470393343,82.98619745243006,,
poseidon_apollodorus_rhode,flag_filtered,90,7,503,48,516,502,33,1615,466,4,1007.7770819087962,309.4451403134259,2.7777777777777777,76.50774978641219,80.31048421292344,71.29707245848003,76.34674862945425,76.55718633989197,,
poseidon_apollodorus_rhode,flag_filtered,95,10.899999999999977,503,26,516,502,33,1615,466,4,1120.956019607189,349.2328692816996,3.2111111111111086,76.24571428058907,80.31048421292344,71.14736377454327,76.07954524278468,76.29748409924666,,
poseidon_apollodorus_rhode,flag_filtered,99,59.820000000000164,503,6,516,502,33,1615,466,4,1496.4664211737636,446.4535788262372,4,77.02151509963163,80.31048421292344,71.70416738610614,76.86327230568092,77.06872502073855,,
poseidon_apollodorus_rhode,historical_filtered,90,6.799999999999997,103,11,104,103,2,201,127,0,178.7611111111111,100.03888888888888,0,64.11804559222064,71.87432578209277,66.69173542795976,64.11804559222064,64.11804559222064,,
poseidon_apollodorus_rhode,historical_filtered,95,7.8999999999999915,103,6,104,103,2,201,127,0,182.23591269841268,104.16408730158726,0,63.62985778575864,71.87432578209277,66.27864893912049,63.62985778575864,63.62985778575864,,
poseidon_apollodorus_rhode,historical_filtered,99,13.980000000000004,103,2,104,103,2,201,127,0,190.58738095238095,115.37261904761905,0,62.29160052045396,71.87432578209277,65.20559866490099,62.29160052045396,62.29160052045396,,
prahlada_mahabharata_three,all,90,8,526,51,539,525,33,63151,480,4,1126.3639634827546,333.74714762835663,2.888888888888889,77.14234587432304,80.11977690831955,74.24738956490938,76.99001800975765,77.18748136511574,,
prahlada_mahabharata_three,all,95,13,526,25,539,525,33,63151,480,4,1275.2957335887688,374.25982196678666,3.4444444444444446,77.31147516030526,80.11977690831955,74.550812654014507,77.15037710760853,77.35875245210002,,
prahlada_mahabharata_three,all,99,100,526,5,539,525,33,63151,480,4,2344.019801980198,479.98019801980195,4,83.0035340644546,80.11977690831955,76.18394906948042,82.88613161174675,83.02757432744689,,
prahlada_mahabharata_three,flag_filtered,90,7,503,48,516,502,33,1617,465,4,1009.7770819087962,308.4451403134259,2.7777777777777777,76.60143069099094,80.41008580654893,71.35045723413614,76.44035442155914,76.65063283017214,,
prahlada_mahabharata_three,flag_filtered,95,10.899999999999977,503,26,516,502,33,1617,465,4,1122.956019607189,348.2328692816996,3.2111111111111086,76.32983283712117,80.41008580654893,71.19154232814401,76.16359329945668,76.3813843406335,,
prahlada_mahabharata_three,flag_filtered,99,59.820000000000164,503,6,516,502,33,1617,465,4,1498.4664211737636,445.4535788262372,4,77.08477824055326,80.41008580654893,71.7352178874955,76.92648677429068,77.13183401647721,,
prahlada_mahabharata_three,historical_filtered,90,6.799999999999997,103,11,104,103,2,201,127,0,178.7611111111111,100.03888888888888,0,64.11804559222064,71.87432578209277,66.69173542795976,64.11804559222064,64.11804559222064,,
prahlada_mahabharata_three,historical_filtered,95,7.8999999999999915,103,6,104,103,2,201,127,0,182.23591269841268,104.16408730158726,0,63.62985778575864,71.87432578209277,66.27864893912049,63.62985778575864,63.62985778575864,,
prahlada_mahabharata_three,historical_filtered,99,13.980000000000004,103,2,104,103,2,201,127,0,190.58738095238095,115.37261904761905,0,62.29160052045396,71.87432578209277,65.20559866490099,62.29160052045396,62.29160052045396,,
priam_apollodorus_ten,all,90,8,526,51,539,525,33,63140,480,4,1123.4695535448664,334.64155756624484,2.888888888888889,77.04965314260303,80.09848143360792,74.0568630145643,76.89730003729406,77.0950337052536,,
priam_apollodorus_ten,all,95,13,526,25,539,525,33,63140,480,4,1271.8423174397005,375.713238115855,3.4444444444444446,77.19571659669074,80.09848143360792,74.32506809318139,77.03466489640827,77.24329266409116,,
priam_apollodorus_ten,all,99,100,526,5,539,525,33,63140,480,4,2333.019801980198,479.98019801980195,4,82.93707081337355,80.09848143360792,75.86025625128613,82.81930429464671,82.96129932482066,,
priam_apollodorus_ten,flag_filtered,90,7,503,48,516,502,33,1606,465,4,1006.994473213144,309.2277490090781,2.7777777777777777,76.50641785343826,80.3878146427569,71.1693912475269,76.34529743844914,76.55589469226095,,
priam_apollodorus_ten,flag_filtered,95,10.899999999999977,503,26,516,502,33,1606,465,4,1119.7373860668163,349.45150282207226,3.2111111111111086,76.21466474019186,80.3878146427569,70.9789959125456,76.04845056145182,76.26653743398042,,
priam_apollodorus_ten,flag_filtered,99,59.820000000000164,503,6,516,502,33,1606,465,4,1487.4664211737636,445.4535788262372,4,76.95437065029918,80.3878146427569,71.40968181302819,76.7954495370879,77.00196297078676,,
priam_apollodorus_ten,historical_filtered,90,6.799999999999997,103,11,104,103,2,201,127,0,178.7611111111111,100.03888888888888,0,64.11804559222064,71.87432578209277,66.69173542795976,64.11804559222064,64.11804559222064,,
priam_apollodorus_ten,historical_filtered,95,7.8999999999999915,103,6,104,103,2,201,127,0,182.23591269841268,104.16408730158726,0,63.62985778575864,71.87432578209277,66.27864893912049,63.62985778575864,63.62985778575864,,
priam_apollodorus_ten,historical_filtered,99,13.980000000000004,103,2,104,103,2,201,127,0,190.58738095238095,115.37261904761905,0,62.29160052045396,71.87432578209277,65.20559866490099,62.29160052045396,62.29160052045396,,
pururavas_bhagavata_names,all,90,8,526,51,539,525,33,63149,480,4,1124.3639634827546,333.74714762835663,2.888888888888889,77.11099345686802,80.11977690831955,74.22625883613404,76.95851906110572,77.15625272906526,,
pururavas_bhagavata_names,all,95,13,526,25,539,525,33,63149,480,4,1273.2957335887688,374.25982196678666,3.4444444444444446,77.28393311504531,80.11977690831955,74.5347962532201,77.12269737060987,77.33132513829275,,
pururavas_bhagavata_names,all,99,100,526,5,539,525,33,63149,480,4,2342.019801980198,479.98019801980195,4,82.99148837633587,80.11977690831955,76.1801709407023,82.87401988606504,83.01556270276708,,
pururavas_bhagavata_names,flag_filtered,90,7,503,48,516,502,33,1615,465,4,1007.7770819087962,308.4451403134259,2.7777777777777777,76.56587655900022,80.41008580654893,71.32749401432531,76.40463092561002,76.61522817942183,,
pururavas_bhagavata_names,flag_filtered,95,10.899999999999977,503,26,516,502,33,1615,465,4,1120.956019607189,348.2328692816996,3.2111111111111086,76.29761074867238,80.41008580654893,71.17438368557312,76.13121567557657,76.34930254810516,,
pururavas_bhagavata_names,flag_filtered,99,59.820000000000164,503,6,516,502,33,1615,465,4,1496.4664211737636,445.4535788262372,4,77.06117765787278,80.41008580654893,71.72959650244434,76.90277201394522,77.10833031027806,,
pururavas_bhagavata_names,historical_filtered,90,6.799999999999997,103,11,104,103,2,201,127,0,178.7611111111111,100.03888888888888,0,64.11804559222064,71.87432578209277,66.69173542795976,64.11804559222064,64.11804559222064,,
pururavas_bhagavata_names,historical_filtered,95,7.8999999999999915,103,6,104,103,2,201,127,0,182.23591269841268,104.16408730158726,0,63.62985778575864,71.87432578209277,66.27864893912049,63.62985778575864,63.62985778575864,,
pururavas_bhagavata_names,historical_filtered,99,13.980000000000004,103,2,104,103,2,201,127,0,190.58738095238095,115.37261904761905,0,62.29160052045396,71.87432578209277,65.20559866490099,62.29160052045396,62.29160052045396,,
sad_baladhuri_named_additions,all,90,8,526,51,539,525,33,63150,481,4,1125.3639634827546,334.74714762835663,2.888888888888889,77.07385793580998,80.10163631875038,74.22351035907279,76.92166530982601,77.11912866518409,,
sad_baladhuri_named_additions,all,95,13,526,25,539,525,33,63150,481,4,1274.2957335887688,375.25982196678666,3.4444444444444446,77.25085277043594,80.10163631875038,74.5324052075841,77.08988103985293,77.29825638434443,,
sad_baladhuri_named_additions,all,99,100,526,5,539,525,33,63150,481,4,2343.019801980198,480.98019801980195,4,82.968123299582075,80.10163631875038,76.17814748039216,82.8507709328217,82.99221364852185,,
sad_baladhuri_named_additions,flag_filtered,90,7,503,48,516,502,33,1616,466,4,1008.7770819087962,309.4451403134259,2.7777777777777777,76.5255709472283,80.3911140744298,71.32457900656534,76.36465419445845,76.57493260307146,,
sad_baladhuri_named_additions,flag_filtered,95,10.899999999999977,503,26,516,502,33,1616,466,4,1121.956019607189,349.2328692816996,3.2111111111111086,76.2618606000038,80.3911140744298,71.171865150958,76.09576909978225,76.31356014095905,,
sad_baladhuri_named_additions,flag_filtered,99,59.820000000000164,503,6,516,502,33,1616,466,4,1497.4664211737636,446.4535788262372,4,77.03333579436206,80.3911140744298,71.72757304213421,76.87514996374404,77.08049720593058,,
sad_baladhuri_named_additions,historical_filtered,90,7,103,6,104,103,2,202,128,0,180.93055555555554,102.06944444444444,0,63.9330585001963,71.7818616119587,66.59502277079129,63.9330585001963,63.9330585001963,,
sad_baladhuri_named_additions,historical_filtered,95,7.8999999999999915,103,6,104,103,2,202,128,0,183.23591269841268,105.16408730158726,0,63.53533727406822,71.7818616119587,66.22731744551005,63.53533727406822,63.53533727406822,,
sad_baladhuri_named_additions,historical_filtered,99,13.980000000000004,103,2,104,103,2,202,128,0,191.58738095238095,116.37261904761905,0,62.21177456565169,71.7818616119587,65.16361125834428,62.21177456565169,62.21177456565169,,
saul_samuel_roster,all,90,8,526,51,539,525,33,63148,480,4,1123.3639634827546,333.74714762835663,2.888888888888889,77.09528497288997,80.10707849562114,74.22465758997198,76.9427372248462,77.1406063268249,,
saul_samuel_roster,all,95,13,526,25,539,525,33,63148,480,4,1272.2957335887688,374.25982196678666,3.4444444444444446,77.2701370018147,80.10707849562114,74.53326705058898,77.10883233871327,77.31758654746747,,
saul_samuel_roster,all,99,100,526,5,539,525,33,63148,480,4,2341.019801980198,479.98019801980195,4,82.98545912726685,80.10707849562114,76.17874283182327,82.8679575922194,83.00955051257338,,
saul_samuel_roster,flag_filtered,90,7,503,48,516,502,33,1614,465,4,1006.7770819087962,308.4451403134259,2.7777777777777777,76.54805894381317,80.39680559406554,71.32586045731338,76.38672852115296,76.59748556043809,,
saul_samuel_roster,flag_filtered,95,10.899999999999977,503,26,516,502,33,1614,465,4,1119.956019607189,348.2328692816996,3.2111111111111086,76.28146678420657,80.39680559406554,71.17283806627063,76.11499385667999,76.33322894646597,,
saul_samuel_roster,flag_filtered,99,59.820000000000164,503,6,516,502,33,1614,465,4,1495.4664211737636,445.4535788262372,4,77.04935912730885,80.39680559406554,71.72819302705015,76.89089634400196,77.09656033018135,,
saul_samuel_roster,historical_filtered,90,6.799999999999997,103,11,104,103,2,201,127,0,178.7611111111111,100.03888888888888,0,64.11804559222064,71.87432578209277,66.69173542795976,64.11804559222064,64.11804559222064,,
saul_samuel_roster,historical_filtered,95,7.8999999999999915,103,6,104,103,2,201,127,0,182.23591269841268,104.16408730158726,0,63.62985778575864,71.87432578209277,66.27864893912049,63.62985778575864,63.62985778575864,,
saul_samuel_roster,historical_filtered,99,13.980000000000004,103,2,104,103,2,201,127,0,190.58738095238095,115.37261904761905,0,62.29160052045396,71.87432578209277,65.20559866490099,62.29160052045396,62.29160052045396,,
shantanu_surviving_son,all,90,8,526,51,539,525,33,63142,480,4,1117.3639634827546,333.74714762835663,2.888888888888889,77.00057941305353,80.11977690831955,74.21779352970466,76.8475903358153,77.04627595403325,,
shantanu_surviving_son,all,95,13,526,25,539,525,33,63142,480,4,1266.2957335887688,374.25982196678666,3.4444444444444446,77.18700712698218,80.11977690831955,74.527468278009,77.02528793119032,77.23480401661881,,
shantanu_surviving_son,all,99,100,526,5,539,525,33,63142,480,4,2335.019801980198,479.98019801980195,4,82.94919367602834,80.11977690831955,76.17765958527524,82.83149350763384,82.97338779638872,,
shantanu_surviving_son,flag_filtered,90,7,503,47,516,502,33,1608,465,4,1001.7770819087962,308.4451403134259,2.7777777777777777,76.45856290009469,80.41008580654893,71.3185500290177,76.29680745687708,76.5083670743773,,
shantanu_surviving_son,flag_filtered,95,10.899999999999977,503,26,516,502,33,1608,465,4,1113.956019607189,348.2328692816996,3.2111111111111086,76.18413927722291,80.41008580654893,71.16520852656757,76.01719800786061,76.23632664926302,,
shantanu_surviving_son,flag_filtered,99,59.820000000000164,503,6,516,502,33,1608,465,4,1489.4664211737636,445.4535788262372,4,76.97819140707435,80.41008580654893,71.72029468897038,76.81938507900084,77.02568549366467,,
shantanu_surviving_son,historical_filtered,90,6.799999999999997,103,11,104,103,2,201,127,0,178.7611111111111,100.03888888888888,0,64.11804559222064,71.87432578209277,66.69173542795976,64.11804559222064,64.11804559222064,,
shantanu_surviving_son,historical_filtered,95,7.8999999999999915,103,6,104,103,2,201,127,0,182.23591269841268,104.16408730158726,0,63.62985778575864,71.87432578209277,66.27864893912049,63.62985778575864,63.62985778575864,,
shantanu_surviving_son,historical_filtered,99,13.980000000000004,103,2,104,103,2,201,127,0,190.58738095238095,115.37261904761905,0,62.29160052045396,71.87432578209277,65.20559866490099,62.29160052045396,62.29160052045396,,
shukra_adi_four_names,all,90,8,526,51,539,525,33,63149,480,4,1124.3639634827546,333.74714762835663,2.888888888888889,77.11099345686802,80.11977690831955,74.22625883613404,76.95851906110572,77.15625272906526,,
shukra_adi_four_names,all,95,13,526,25,539,525,33,63149,480,4,1273.2957335887688,374.25982196678666,3.4444444444444446,77.28393311504531,80.11977690831955,74.5347962532201,77.12269737060987,77.33132513829275,,
shukra_adi_four_names,all,99,100,526,5,539,525,33,63149,480,4,2342.019801980198,479.98019801980195,4,82.99148837633587,80.11977690831955,76.1801709407023,82.87401988606504,83.01556270276708,,
shukra_adi_four_names,flag_filtered,90,7,503,48,516,502,33,1615,465,4,1007.7770819087962,308.4451403134259,2.7777777777777777,76.56587655900022,80.41008580654893,71.32749401432531,76.40463092561002,76.61522817942183,,
shukra_adi_four_names,flag_filtered,95,10.899999999999977,503,26,516,502,33,1615,465,4,1120.956019607189,348.2328692816996,3.2111111111111086,76.29761074867238,80.41008580654893,71.17438368557312,76.13121567557657,76.34930254810516,,
shukra_adi_four_names,flag_filtered,99,59.820000000000164,503,6,516,502,33,1615,465,4,1496.4664211737636,445.4535788262372,4,77.06117765787278,80.41008580654893,71.72959650244434,76.90277201394522,77.10833031027806,,
shukra_adi_four_names,historical_filtered,90,6.799999999999997,103,11,104,103,2,201,127,0,178.7611111111111,100.03888888888888,0,64.11804559222064,71.87432578209277,66.69173542795976,64.11804559222064,64.11804559222064,,
shukra_adi_four_names,historical_filtered,95,7.8999999999999915,103,6,104,103,2,201,127,0,182.23591269841268,104.16408730158726,0,63.62985778575864,71.87432578209277,66.27864893912049,63.62985778575864,63.62985778575864,,
shukra_adi_four_names,historical_filtered,99,13.980000000000004,103,2,104,103,2,201,127,0,190.58738095238095,115.37261904761905,0,62.29160052045396,71.87432578209277,65.20559866490099,62.29160052045396,62.29160052045396,,
shukra_devayani_urjasvati,all,90,8,526,51,539,525,33,63149,480,4,1124.3639634827546,333.74714762835663,2.888888888888889,77.11099345686802,80.11977690831955,74.22625883613404,76.95851906110572,77.15625272906526,,
shukra_devayani_urjasvati,all,95,13,526,25,539,525,33,63149,480,4,1273.2957335887688,374.25982196678666,3.4444444444444446,77.28393311504531,80.11977690831955,74.5347962532201,77.12269737060987,77.33132513829275,,
shukra_devayani_urjasvati,all,99,100,526,5,539,525,33,63149,480,4,2342.019801980198,479.98019801980195,4,82.99148837633587,80.11977690831955,76.1801709407023,82.87401988606504,83.01556270276708,,
shukra_devayani_urjasvati,flag_filtered,90,7,503,48,516,502,33,1615,465,4,1007.7770819087962,308.4451403134259,2.7777777777777777,76.56587655900022,80.41008580654893,71.32749401432531,76.40463092561002,76.61522817942183,,
shukra_devayani_urjasvati,flag_filtered,95,10.899999999999977,503,26,516,502,33,1615,465,4,1120.956019607189,348.2328692816996,3.2111111111111086,76.29761074867238,80.41008580654893,71.17438368557312,76.13121567557657,76.34930254810516,,
shukra_devayani_urjasvati,flag_filtered,99,59.820000000000164,503,6,516,502,33,1615,465,4,1496.4664211737636,445.4535788262372,4,77.06117765787278,80.41008580654893,71.72959650244434,76.90277201394522,77.10833031027806,,
shukra_devayani_urjasvati,historical_filtered,90,6.799999999999997,103,11,104,103,2,201,127,0,178.7611111111111,100.03888888888888,0,64.11804559222064,71.87432578209277,66.69173542795976,64.11804559222064,64.11804559222064,,
shukra_devayani_urjasvati,historical_filtered,95,7.8999999999999915,103,6,104,103,2,201,127,0,182.23591269841268,104.16408730158726,0,63.62985778575864,71.87432578209277,66.27864893912049,63.62985778575864,63.62985778575864,,
shukra_devayani_urjasvati,historical_filtered,99,13.980000000000004,103,2,104,103,2,201,127,0,190.58738095238095,115.37261904761905,0,62.29160052045396,71.87432578209277,65.20559866490099,62.29160052045396,62.29160052045396,,
sigyn_guerber_two,all,90,8,525,51,539,524,33,63149,480,4,1124.3639634827546,333.74714762835663,2.888888888888889,77.11099345686802,80.08183755127436,74.22625883613404,76.95851906110572,77.15625272906526,,
sigyn_guerber_two,all,95,13,525,25,539,524,33,63149,480,4,1273.2957335887688,374.25982196678666,3.4444444444444446,77.28393311504531,80.08183755127436,74.5347962532201,77.12269737060987,77.33132513829275,,
sigyn_guerber_two,all,99,100,525,5,539,524,33,63149,480,4,2342.019801980198,479.98019801980195,4,82.99148837633587,80.08183755127436,76.1801709407023,82.87401988606504,83.01556270276708,,
sigyn_guerber_two,flag_filtered,90,7,502,48,516,501,33,1615,465,4,1007.7770819087962,308.4451403134259,2.7777777777777777,76.56587655900022,80.37098418141231,71.32749401432531,76.40463092561002,76.61522817942183,,
sigyn_guerber_two,flag_filtered,95,10.949999999999989,502,26,516,501,33,1615,465,4,1121.8824233668554,348.6009099664781,3.2166666666666655,76.29344705483607,80.37098418141231,71.1746478368475,76.12692022574846,76.34519169664938,,
sigyn_guerber_two,flag_filtered,99,59.91000000000008,502,6,516,501,33,1615,465,4,1496.8989182968935,445.5610817031071,4,77.06202023706501,80.37098418141231,71.72972627554705,76.90365680758367,77.10915807655401,,
sigyn_guerber_two,historical_filtered,90,6.799999999999997,103,11,104,103,2,201,127,0,178.7611111111111,100.03888888888888,0,64.11804559222064,71.87432578209277,66.69173542795976,64.11804559222064,64.11804559222064,,
sigyn_guerber_two,historical_filtered,95,7.8999999999999915,103,6,104,103,2,201,127,0,182.23591269841268,104.16408730158726,0,63.62985778575864,71.87432578209277,66.27864893912049,63.62985778575864,63.62985778575864,,
sigyn_guerber_two,historical_filtered,99,13.980000000000004,103,2,104,103,2,201,127,0,190.58738095238095,115.37261904761905,0,62.29160052045396,71.87432578209277,65.20559866490099,62.29160052045396,62.29160052045396,,
simeon_numbers_clans,all,90,8,526,51,539,525,33,63148,480,4,1123.3639634827546,333.74714762835663,2.888888888888889,77.09528497288997,80.11977690831955,74.22465758997198,76.9427372248462,77.1406063268249,,
simeon_numbers_clans,all,95,13,526,25,539,525,33,63148,480,4,1272.2957335887688,374.25982196678666,3.4444444444444446,77.2701370018147,80.11977690831955,74.53326705058898,77.10883233871327,77.31758654746747,,
simeon_numbers_clans,all,99,100,526,5,539,525,33,63148,480,4,2341.019801980198,479.98019801980195,4,82.98545912726685,80.11977690831955,76.17874283182327,82.8679575922194,83.00955051257338,,
simeon_numbers_clans,flag_filtered,90,7,503,48,516,502,33,1614,465,4,1006.7770819087962,308.4451403134259,2.7777777777777777,76.54805894381317,80.41008580654893,71.32586045731338,76.38672852115296,76.59748556043809,,
simeon_numbers_clans,flag_filtered,95,10.899999999999977,503,26,516,502,33,1614,465,4,1119.956019607189,348.2328692816996,3.2111111111111086,76.28146678420657,80.41008580654893,71.17283806627063,76.11499385667999,76.33322894646597,,
simeon_numbers_clans,flag_filtered,99,59.820000000000164,503,6,516,502,33,1614,465,4,1495.4664211737636,445.4535788262372,4,77.04935912730885,80.41008580654893,71.72819302705015,76.89089634400196,77.09656033018135,,
simeon_numbers_clans,historical_filtered,90,6.799999999999997,103,11,104,103,2,201,127,0,178.7611111111111,100.03888888888888,0,64.11804559222064,71.87432578209277,66.69173542795976,64.11804559222064,64.11804559222064,,
simeon_numbers_clans,historical_filtered,95,7.8999999999999915,103,6,104,103,2,201,127,0,182.23591269841268,104.16408730158726,0,63.62985778575864,71.87432578209277,66.27864893912049,63.62985778575864,63.62985778575864,,
simeon_numbers_clans,historical_filtered,99,13.980000000000004,103,2,104,103,2,201,127,0,190.58738095238095,115.37261904761905,0,62.29160052045396,71.87432578209277,65.20559866490099,62.29160052045396,62.29160052045396,,
simhika_vishnu_parentage,all,90,8,526,51,539,525,33,63149,480,4,1124.2101173289084,332.90099378220276,2.888888888888889,77.15335561964447,80.15420914275178,74.2558903998565,77.00069296773346,77.19856206971214,,
simhika_vishnu_parentage,all,95,13,526,25,539,525,33,63149,480,4,1273.0457335887688,373.50982196678666,3.4444444444444446,77.31568663404359,80.15420914275178,74.55324337837037,77.15428688416782,77.36304109292202,,
simhika_vishnu_parentage,all,99,100,526,5,539,525,33,63149,480,4,2342.019801980198,479.98019801980195,4,82.99148837633587,80.15420914275178,76.1801709407023,82.87401988606504,83.01556270276708,,
simhika_vishnu_parentage,flag_filtered,90,7,503,48,516,502,33,1615,465,4,1007.6424665241808,307.57975569804125,2.7777777777777777,76.6138565406575,80.44609561347507,71.36063193532786,76.45238744493025,76.66314448421537,,
simhika_vishnu_parentage,flag_filtered,95,10.899999999999977,503,26,516,502,33,1615,465,4,1120.7464042225736,347.442484666315,3.2111111111111086,76.33530077119326,80.44609561347507,71.19637684081991,76.16871035901684,76.38694544880283,,
simhika_vishnu_parentage,flag_filtered,99,59.840000000000146,503,6,516,502,33,1615,465,4,1496.5625316455703,445.4774683544305,4,77.06136493818715,80.44609561347507,71.72962536393175,76.90296867718905,77.1085142980396,,
simhika_vishnu_parentage,historical_filtered,90,6.799999999999997,103,11,104,103,2,201,127,0,178.7611111111111,100.03888888888888,0,64.11804559222064,71.87432578209277,66.69173542795976,64.11804559222064,64.11804559222064,,
simhika_vishnu_parentage,historical_filtered,95,7.8999999999999915,103,6,104,103,2,201,127,0,182.23591269841268,104.16408730158726,0,63.62985778575864,71.87432578209277,66.27864893912049,63.62985778575864,63.62985778575864,,
simhika_vishnu_parentage,historical_filtered,99,13.980000000000004,103,2,104,103,2,201,127,0,190.58738095238095,115.37261904761905,0,62.29160052045396,71.87432578209277,65.20559866490099,62.29160052045396,62.29160052045396,,
tataka_valmiki_birth_episode,all,90,8,526,51,539,525,33,63148,480,4,1123.3639634827546,333.74714762835663,2.888888888888889,77.09528497288997,80.11977690831955,74.22091898569951,76.9427372248462,77.1406063268249,,
tataka_valmiki_birth_episode,all,95,13,526,25,539,525,33,63148,480,4,1272.2957335887688,374.25982196678666,3.4444444444444446,77.2701370018147,80.11977690831955,74.53051276099598,77.10883233871327,77.31758654746747,,
tataka_valmiki_birth_episode,all,99,100,526,5,539,525,33,63148,480,4,2341.019801980198,479.98019801980195,4,82.98545912726685,80.11977690831955,76.17960378685046,82.8679575922194,83.00955051257338,,
tataka_valmiki_birth_episode,flag_filtered,90,7,503,48,516,502,33,1614,465,4,1006.7770819087962,308.4451403134259,2.7777777777777777,76.54805894381317,80.41008580654893,71.31910593775542,76.38672852115296,76.59748556043809,,
tataka_valmiki_birth_episode,flag_filtered,95,10.899999999999977,503,26,516,502,33,1614,465,4,1119.956019607189,348.2328692816996,3.2111111111111086,76.28146678420657,80.41008580654893,71.16636492418716,76.11499385667999,76.33322894646597,,
tataka_valmiki_birth_episode,flag_filtered,99,59.820000000000164,503,6,516,502,33,1614,465,4,1495.4664211737636,445.4535788262372,4,77.04935912730885,80.41008580654893,71.72174306993338,76.89089634400196,77.09656033018135,,
tataka_valmiki_birth_episode,historical_filtered,90,6.799999999999997,103,11,104,103,2,201,127,0,178.7611111111111,100.03888888888888,0,64.11804559222064,71.87432578209277,66.69173542795976,64.11804559222064,64.11804559222064,,
tataka_valmiki_birth_episode,historical_filtered,95,7.8999999999999915,103,6,104,103,2,201,127,0,182.23591269841268,104.16408730158726,0,63.62985778575864,71.87432578209277,66.27864893912049,63.62985778575864,63.62985778575864,,
tataka_valmiki_birth_episode,historical_filtered,99,13.980000000000004,103,2,104,103,2,201,127,0,190.58738095238095,115.37261904761905,0,62.29160052045396,71.87432578209277,65.20559866490099,62.29160052045396,62.29160052045396,,
thor_guerber_family,all,90,8,525,51,539,524,33,63150,480,4,1125.3639634827546,333.74714762835663,2.888888888888889,77.12668040926584,80.1772573986026,74.24141035128555,76.97427930798594,77.17187772719859,,
thor_guerber_family,all,95,13,525,25,539,524,33,63150,480,4,1274.2957335887688,374.25982196678666,3.4444444444444446,77.29771249106234,80.1772573986026,74.54994776837161,77.13654561675357,77.34504709644149,,
thor_guerber_family,all,99,100,525,5,539,524,33,63150,480,4,2343.019801980198,479.98019801980195,4,82.99751335388586,80.1772573986026,76.19532245585381,82.88007789105758,83.02157063955423,,
thor_guerber_family,flag_filtered,90,7,502,48,516,501,33,1616,465,4,1008.7770819087962,308.4451403134259,2.7777777777777777,76.58366712087023,80.47078458061391,71.34264552947683,76.42250620521183,76.63294391564955,,
thor_guerber_family,flag_filtered,95,10.949999999999989,502,26,516,501,33,1616,465,4,1122.8824233668554,348.6009099664781,3.2166666666666655,76.30955770482315,80.47078458061391,71.18979935199901,76.14310865714079,76.36123211727957,,
thor_guerber_family,flag_filtered,99,59.91000000000008,502,6,516,501,33,1616,465,4,1497.8989182968935,445.5610817031071,4,77.07382288788517,80.47078458061391,71.74487779069857,76.91551653419803,77.12091228045213,,
thor_guerber_family,historical_filtered,90,6.799999999999997,103,11,104,103,2,201,127,0,178.7611111111111,100.03888888888888,0,64.11804559222064,71.87432578209277,66.69173542795976,64.11804559222064,64.11804559222064,,
thor_guerber_family,historical_filtered,95,7.8999999999999915,103,6,104,103,2,201,127,0,182.23591269841268,104.16408730158726,0,63.62985778575864,71.87432578209277,66.27864893912049,63.62985778575864,63.62985778575864,,
thor_guerber_family,historical_filtered,99,13.980000000000004,103,2,104,103,2,201,127,0,190.58738095238095,115.37261904761905,0,62.29160052045396,71.87432578209277,65.20559866490099,62.29160052045396,62.29160052045396,,
ukehi_ritual_performer,all,90,8,526,51,539,525,33,63149,480,4,1124.3639634827546,333.74714762835663,2.888888888888889,77.11099345686802,80.11977690831955,74.22625883613404,76.95851906110572,77.15625272906526,,
ukehi_ritual_performer,all,95,13,526,25,539,525,33,63149,480,4,1273.2957335887688,374.25982196678666,3.4444444444444446,77.28393311504531,80.11977690831955,74.5347962532201,77.12269737060987,77.33132513829275,,
ukehi_ritual_performer,all,99,100,526,5,539,525,33,63149,480,4,2342.019801980198,479.98019801980195,4,82.99148837633587,80.11977690831955,76.1801709407023,82.87401988606504,83.01556270276708,,
ukehi_ritual_performer,flag_filtered,90,7,503,48,516,502,33,1615,465,4,1007.7770819087962,308.4451403134259,2.7777777777777777,76.56587655900022,80.41008580654893,71.32749401432531,76.40463092561002,76.61522817942183,,
ukehi_ritual_performer,flag_filtered,95,10.899999999999977,503,26,516,502,33,1615,465,4,1120.956019607189,348.2328692816996,3.2111111111111086,76.29761074867238,80.41008580654893,71.17438368557312,76.13121567557657,76.34930254810516,,
ukehi_ritual_performer,flag_filtered,99,59.820000000000164,503,6,516,502,33,1615,465,4,1496.4664211737636,445.4535788262372,4,77.06117765787278,80.41008580654893,71.72959650244434,76.90277201394522,77.10833031027806,,
ukehi_ritual_performer,historical_filtered,90,6.799999999999997,103,11,104,103,2,201,127,0,178.7611111111111,100.03888888888888,0,64.11804559222064,71.87432578209277,66.69173542795976,64.11804559222064,64.11804559222064,,
ukehi_ritual_performer,historical_filtered,95,7.8999999999999915,103,6,104,103,2,201,127,0,182.23591269841268,104.16408730158726,0,63.62985778575864,71.87432578209277,66.27864893912049,63.62985778575864,63.62985778575864,,
ukehi_ritual_performer,historical_filtered,99,13.980000000000004,103,2,104,103,2,201,127,0,190.58738095238095,115.37261904761905,0,62.29160052045396,71.87432578209277,65.20559866490099,62.29160052045396,62.29160052045396,,
ushun_formulaic_daughter,all,90,8,526,51,539,525,33,63149,479,4,1124.3639634827546,332.74714762835663,2.888888888888889,77.16391391905437,80.18326897181161,74.32726893714413,77.01123037553113,77.20909947750982,,
ushun_formulaic_daughter,all,95,13,526,25,539,525,33,63149,479,4,1273.2957335887688,373.25982196678666,3.4444444444444446,77.33086984478656,80.18326897181161,74.6358063542302,77.16943839931933,77.37819260807353,,
ushun_formulaic_daughter,all,99,100,526,5,539,525,33,63149,479,4,2342.019801980198,478.98019801980195,4,83.02090754981205,80.18326897181161,76.28118104171239,82.90335582230789,83.04494874266187,,
ushun_formulaic_daughter,flag_filtered,90,7,503,48,516,502,33,1615,464,4,1007.7770819087962,307.4451403134259,2.7777777777777777,76.62409172238883,80.47648686896594,71.44113037796168,76.46260105529561,76.67335809458073,,
ushun_formulaic_daughter,flag_filtered,95,10.899999999999977,503,26,516,502,33,1615,464,4,1120.956019607189,347.23286928169966,3.2111111111111086,76.34957791129435,80.47648686896594,71.27539378658322,76.1829563413884,76.40119143117438,,
ushun_formulaic_daughter,flag_filtered,99,59.820000000000164,503,6,516,502,33,1615,464,4,1496.4664211737636,444.4535788262372,4,77.10088108596763,80.47648686896594,71.83060660345444,76.9423123405468,77.14797632672618,,
ushun_formulaic_daughter,historical_filtered,90,6.799999999999997,103,11,104,103,2,201,127,0,178.7611111111111,100.03888888888888,0,64.11804559222064,71.87432578209277,66.69173542795976,64.11804559222064,64.11804559222064,,
ushun_formulaic_daughter,historical_filtered,95,7.8999999999999915,103,6,104,103,2,201,127,0,182.23591269841268,104.16408730158726,0,63.62985778575864,71.87432578209277,66.27864893912049,63.62985778575864,63.62985778575864,,
ushun_formulaic_daughter,historical_filtered,99,13.980000000000004,103,2,104,103,2,201,127,0,190.58738095238095,115.37261904761905,0,62.29160052045396,71.87432578209277,65.20559866490099,62.29160052045396,62.29160052045396,,
vasishtha_vishnu_names,all,90,8,526,51,539,525,33,63149,480,4,1124.3639634827546,333.74714762835663,2.888888888888889,77.11099345686802,80.11977690831955,74.22625883613404,76.95851906110572,77.15625272906526,,
vasishtha_vishnu_names,all,95,13,526,25,539,525,33,63149,480,4,1273.2957335887688,374.25982196678666,3.4444444444444446,77.28393311504531,80.11977690831955,74.5347962532201,77.12269737060987,77.33132513829275,,
vasishtha_vishnu_names,all,99,100,526,5,539,525,33,63149,480,4,2342.019801980198,479.98019801980195,4,82.99148837633587,80.11977690831955,76.1801709407023,82.87401988606504,83.01556270276708,,
vasishtha_vishnu_names,flag_filtered,90,7,503,48,516,502,33,1615,465,4,1007.7770819087962,308.4451403134259,2.7777777777777777,76.56587655900022,80.41008580654893,71.32749401432531,76.40463092561002,76.61522817942183,,
vasishtha_vishnu_names,flag_filtered,95,10.899999999999977,503,26,516,502,33,1615,465,4,1120.956019607189,348.2328692816996,3.2111111111111086,76.29761074867238,80.41008580654893,71.17438368557312,76.13121567557657,76.34930254810516,,
vasishtha_vishnu_names,flag_filtered,99,59.820000000000164,503,6,516,502,33,1615,465,4,1496.4664211737636,445.4535788262372,4,77.06117765787278,80.41008580654893,71.72959650244434,76.90277201394522,77.10833031027806,,
vasishtha_vishnu_names,historical_filtered,90,6.799999999999997,103,11,104,103,2,201,127,0,178.7611111111111,100.03888888888888,0,64.11804559222064,71.87432578209277,66.69173542795976,64.11804559222064,64.11804559222064,,
vasishtha_vishnu_names,historical_filtered,95,7.8999999999999915,103,6,104,103,2,201,127,0,182.23591269841268,104.16408730158726,0,63.62985778575864,71.87432578209277,66.27864893912049,63.62985778575864,63.62985778575864,,
vasishtha_vishnu_names,historical_filtered,99,13.980000000000004,103,2,104,103,2,201,127,0,190.58738095238095,115.37261904761905,0,62.29160052045396,71.87432578209277,65.20559866490099,62.29160052045396,62.29160052045396,,
vasudeva_bhagavata_rosters,all,90,8,526,51,539,525,33,63152,481,4,1127.3639634827546,334.74714762835663,2.888888888888889,77.10521826388624,80.09596738451003,74.22081777566747,76.9531715687887,77.15036534960024,,
vasudeva_bhagavata_rosters,all,95,13,526,25,539,525,33,63152,481,4,1276.2957335887688,375.25982196678666,3.4444444444444446,77.27840152246313,80.09596738451003,74.53026875377724,77.11756698421564,77.32569051560202,,
vasudeva_bhagavata_rosters,all,99,100,526,5,539,525,33,63152,481,4,2345.019801980198,480.98019801980195,4,82.98017699859157,80.09596738451003,76.17666906627373,82.86289052933562,83.00423328551936,,
vasudeva_bhagavata_rosters,flag_filtered,90,7,503,49,516,502,33,1618,466,4,1009.9020819087962,309.3201403134259,2.7777777777777777,76.55284037041325,80.38518540814256,71.3215730993135,76.39198804151256,76.60210738930212,,
vasudeva_bhagavata_rosters,flag_filtered,95,10.899999999999977,503,26,516,502,33,1618,466,4,1123.956019607189,349.2328692816996,3.2111111111111086,76.29408747814419,80.38518540814256,71.16964932999522,76.12815088100713,76.34564689232595,,
vasudeva_bhagavata_rosters,flag_filtered,99,59.820000000000164,503,6,516,502,33,1618,466,4,1499.4664211737636,446.4535788262372,4,77.05694073619486,80.38518540814256,71.72516806552682,76.89886873173069,77.10400535272026,,
vasudeva_bhagavata_rosters,historical_filtered,90,6.799999999999997,103,11,104,103,2,201,127,0,178.7611111111111,100.03888888888888,0,64.11804559222064,71.87432578209277,66.69173542795976,64.11804559222064,64.11804559222064,,
vasudeva_bhagavata_rosters,historical_filtered,95,7.8999999999999915,103,6,104,103,2,201,127,0,182.23591269841268,104.16408730158726,0,63.62985778575864,71.87432578209277,66.27864893912049,63.62985778575864,63.62985778575864,,
vasudeva_bhagavata_rosters,historical_filtered,99,13.980000000000004,103,2,104,103,2,201,127,0,190.58738095238095,115.37261904761905,0,62.29160052045396,71.87432578209277,65.20559866490099,62.29160052045396,62.29160052045396,,
vibhishana_valmiki_daughter,all,90,8,526,51,539,525,33,63149,480,4,1124.3639634827546,333.74714762835663,2.888888888888889,77.11099345686802,80.11977690831955,74.22625883613404,76.95851906110572,77.15625272906526,,
vibhishana_valmiki_daughter,all,95,13,526,25,539,525,33,63149,480,4,1273.2957335887688,374.25982196678666,3.4444444444444446,77.28393311504531,80.11977690831955,74.5347962532201,77.12269737060987,77.33132513829275,,
vibhishana_valmiki_daughter,all,99,100,526,5,539,525,33,63149,480,4,2342.019801980198,479.98019801980195,4,82.99148837633587,80.11977690831955,76.1801709407023,82.87401988606504,83.01556270276708,,
vibhishana_valmiki_daughter,flag_filtered,90,7,503,48,516,502,33,1615,465,4,1007.7770819087962,308.4451403134259,2.7777777777777777,76.56587655900022,80.41008580654893,71.32749401432531,76.40463092561002,76.61522817942183,,
vibhishana_valmiki_daughter,flag_filtered,95,10.899999999999977,503,26,516,502,33,1615,465,4,1120.956019607189,348.2328692816996,3.2111111111111086,76.29761074867238,80.41008580654893,71.17438368557312,76.13121567557657,76.34930254810516,,
vibhishana_valmiki_daughter,flag_filtered,99,59.820000000000164,503,6,516,502,33,1615,465,4,1496.4664211737636,445.4535788262372,4,77.06117765787278,80.41008580654893,71.72959650244434,76.90277201394522,77.10833031027806,,
vibhishana_valmiki_daughter,historical_filtered,90,6.799999999999997,103,11,104,103,2,201,127,0,178.7611111111111,100.03888888888888,0,64.11804559222064,71.87432578209277,66.69173542795976,64.11804559222064,64.11804559222064,,
vibhishana_valmiki_daughter,historical_filtered,95,7.8999999999999915,103,6,104,103,2,201,127,0,182.23591269841268,104.16408730158726,0,63.62985778575864,71.87432578209277,66.27864893912049,63.62985778575864,63.62985778575864,,
vibhishana_valmiki_daughter,historical_filtered,99,13.980000000000004,103,2,104,103,2,201,127,0,190.58738095238095,115.37261904761905,0,62.29160052045396,71.87432578209277,65.20559866490099,62.29160052045396,62.29160052045396,,
vinata_mahabharata_six,all,90,8,526,51,539,525,33,63153,480,4,1128.3639634827546,333.74714762835663,2.888888888888889,77.17361251876883,80.11977690831955,74.27412346686852,77.02143095445423,77.21862473526576,,
vinata_mahabharata_six,all,95,13,526,25,539,525,33,63153,480,4,1277.2957335887688,374.25982196678666,3.4444444444444446,77.33895049985819,80.11977690831955,74.57223629066014,77.17798994494072,77.3861134763271,,
vinata_mahabharata_six,all,99,100,526,5,539,525,33,63153,480,4,2346.019801980198,479.98019801980195,4,83.01556270276708,80.11977690831955,76.18577742179443,82.89822621838155,83.0395689745653,,
vinata_mahabharata_six,flag_filtered,90,7,503,48,516,502,33,1619,465,4,1011.7770819087962,308.4451403134259,2.7777777777777777,76.63687710132271,80.41008580654893,71.3920822039135,76.47596990996192,76.68593043738277,,
vinata_mahabharata_six,flag_filtered,95,10.899999999999977,503,26,516,502,33,1619,465,4,1124.956019607189,348.2328692816996,3.2111111111111086,76.36196743620945,80.41008580654893,71.23435980945305,76.19588320287113,76.41337921418994,,
vinata_mahabharata_six,flag_filtered,99,59.820000000000164,503,6,516,502,33,1619,465,4,1500.4664211737636,445.4535788262372,4,77.10833031027806,80.41008580654893,71.75583289231709,76.95015288697807,77.15528950796765,,
vinata_mahabharata_six,historical_filtered,90,6.799999999999997,103,11,104,103,2,201,127,0,178.7611111111111,100.03888888888888,0,64.11804559222064,71.87432578209277,66.69173542795976,64.11804559222064,64.11804559222064,,
vinata_mahabharata_six,historical_filtered,95,7.8999999999999915,103,6,104,103,2,201,127,0,182.23591269841268,104.16408730158726,0,63.62985778575864,71.87432578209277,66.27864893912049,63.62985778575864,63.62985778575864,,
vinata_mahabharata_six,historical_filtered,99,13.980000000000004,103,2,104,103,2,201,127,0,190.58738095238095,115.37261904761905,0,62.29160052045396,71.87432578209277,65.20559866490099,62.29160052045396,62.29160052045396,,
vishwamitra_bhagavata_household,all,90,8,526,51,539,525,33,63146,480,4,1124.3639634827546,333.74714762835663,2.888888888888889,77.11099345686802,80.11977690831955,74.22625883613404,76.95851906110572,77.15625272906526,,
vishwamitra_bhagavata_household,all,95,13,526,25,539,525,33,63146,480,4,1273.2957335887688,374.25982196678666,3.4444444444444446,77.28393311504531,80.11977690831955,74.5347962532201,77.12269737060987,77.33132513829275,,
vishwamitra_bhagavata_household,all,99,100,526,5,539,525,33,63146,480,4,2342.019801980198,479.98019801980195,4,82.99148837633587,80.11977690831955,76.1801709407023,82.87401988606504,83.01556270276708,,
vishwamitra_bhagavata_household,flag_filtered,90,7,503,48,516,502,33,1615,465,4,1007.7770819087962,308.4451403134259,2.7777777777777777,76.56587655900022,80.41008580654893,71.32749401432531,76.40463092561002,76.61522817942183,,
vishwamitra_bhagavata_household,flag_filtered,95,10.899999999999977,503,26,516,502,33,1615,465,4,1120.956019607189,348.2328692816996,3.2111111111111086,76.29761074867238,80.41008580654893,71.17438368557312,76.13121567557657,76.34930254810516,,
vishwamitra_bhagavata_household,flag_filtered,99,59.820000000000164,503,6,516,502,33,1615,465,4,1496.4664211737636,445.4535788262372,4,77.06117765787278,80.41008580654893,71.72959650244434,76.90277201394522,77.10833031027806,,
vishwamitra_bhagavata_household,historical_filtered,90,6.799999999999997,103,11,104,103,2,201,127,0,178.7611111111111,100.03888888888888,0,64.11804559222064,71.87432578209277,66.69173542795976,64.11804559222064,64.11804559222064,,
vishwamitra_bhagavata_household,historical_filtered,95,7.8999999999999915,103,6,104,103,2,201,127,0,182.23591269841268,104.16408730158726,0,63.62985778575864,71.87432578209277,66.27864893912049,63.62985778575864,63.62985778575864,,
vishwamitra_bhagavata_household,historical_filtered,99,13.980000000000004,103,2,104,103,2,201,127,0,190.58738095238095,115.37261904761905,0,62.29160052045396,71.87432578209277,65.20559866490099,62.29160052045396,62.29160052045396,,
vulcan_cicero_jupiter,all,90,8,525,51,539,524,33,63149,480,4,1124.3639634827546,333.74714762835663,2.888888888888889,77.11099345686802,80.11364416705045,74.22625883613404,76.95851906110572,77.15625272906526,,
vulcan_cicero_jupiter,all,95,13,525,25,539,524,33,63149,480,4,1273.2957335887688,374.25982196678666,3.4444444444444446,77.28393311504531,80.11364416705045,74.5347962532201,77.12269737060987,77.33132513829275,,
vulcan_cicero_jupiter,all,99,100,525,5,539,524,33,63149,480,4,2342.019801980198,479.98019801980195,4,82.99148837633587,80.11364416705045,76.1801709407023,82.87401988606504,83.01556270276708,,
vulcan_cicero_jupiter,flag_filtered,90,7,503,48,516,502,33,1615,465,4,1007.7770819087962,308.4451403134259,2.7777777777777777,76.56587655900022,80.41008580654893,71.32749401432531,76.40463092561002,76.61522817942183,,
vulcan_cicero_jupiter,flag_filtered,95,10.899999999999977,503,26,516,502,33,1615,465,4,1120.956019607189,348.2328692816996,3.2111111111111086,76.29761074867238,80.41008580654893,71.17438368557312,76.13121567557657,76.34930254810516,,
vulcan_cicero_jupiter,flag_filtered,99,59.820000000000164,503,6,516,502,33,1615,465,4,1496.4664211737636,445.4535788262372,4,77.06117765787278,80.41008580654893,71.72959650244434,76.90277201394522,77.10833031027806,,
vulcan_cicero_jupiter,historical_filtered,90,6.799999999999997,103,11,104,103,2,201,127,0,178.7611111111111,100.03888888888888,0,64.11804559222064,71.87432578209277,66.69173542795976,64.11804559222064,64.11804559222064,,
vulcan_cicero_jupiter,historical_filtered,95,7.8999999999999915,103,6,104,103,2,201,127,0,182.23591269841268,104.16408730158726,0,63.62985778575864,71.87432578209277,66.27864893912049,63.62985778575864,63.62985778575864,,
vulcan_cicero_jupiter,historical_filtered,99,13.980000000000004,103,2,104,103,2,201,127,0,190.58738095238095,115.37261904761905,0,62.29160052045396,71.87432578209277,65.20559866490099,62.29160052045396,62.29160052045396,,
